objid,map_type,map_name,hash_id,name,fieldarea,region,scale,equip,map_static,korok_id,korok_type,pos,drop.type,drop.value
4518,MainField,A-3,0x62dd7bc16d127c56,Enemy_Bokoblin_Middle,Surface3,Rospro Pass,0,"['Weapon_Sword_112', 'AsbObj_RockParts_C_S_01']",1,,,"[-4176.89, 310.7, -1896.31]",Table,['Default']
4586,MainField,A-3,0x9f33d822535155f1,Enemy_Bokoblin_Middle,Surface3,Rospro Pass,1,,1,,,"[-4008.02, 359.22, -1986.76]",Table,['Default']
4859,MainField,A-4,0xef9b8012fc7c546e,Enemy_Bokoblin_Middle,Surface102,Lindor's Brow,0,['Weapon_Sword_103'],0,,,"[-4063.99, 206.34, -587.59]",Table,['Default']
16498,MainField,B-1,0x117f88ae009f4aff,Enemy_Bokoblin_Middle,Surface3,Rospro Pass,0,['Weapon_Lsword_112'],1,,,"[-3175, 627.65, -3174.49]",Table,['Default']
16677,MainField,B-1,0x4695ff2a853d2b2d,Enemy_Bokoblin_Middle,Surface107,Rospro Pass,1,,1,,,"[-3369.72, 471.09, -3650.36]",Table,['Default']
16685,MainField,B-1,0xbae72525c9bb1e00,Enemy_Bokoblin_Middle,Surface107,Rospro Pass,0,"['Weapon_Sword_112', 'Weapon_Shield_002', 'AsbObj_Icicle_A_01']",1,,,"[-3580.52, 443.19, -3739.64]",Table,['Default']
20815,MainField,B-2,0x5baf9c6ab9303d47,Enemy_Bokoblin_Middle,Surface3,Rospro Pass,1,['Weapon_Sword_131'],1,,,"[-3421.5, 371.04, -2375.01]",Table,['Default']
20822,MainField,B-2,0xa5e9be514f64dbc4,Enemy_Bokoblin_Middle,Surface3,Rospro Pass,1,['Weapon_Lsword_112'],1,,,"[-3071.04, 576.2, -2782.52]",Table,['Default']
20863,MainField,B-2,0x982ee5c3f108ec5a,Enemy_Bokoblin_Middle,Surface3,Rospro Pass,1,['Weapon_Bow_002'],1,,,"[-3191.74, 562.99, -2553.9]",Table,['Arrow']
20874,MainField,B-2,0x96f49c29c827f1dd,Enemy_Bokoblin_Middle,Surface3,Rospro Pass,1,,1,,,"[-3697.38, 248.98, -2223.98]",Table,['Default']
20876,MainField,B-2,0x85a731315c2943d4,Enemy_Bokoblin_Middle,Surface3,Rospro Pass,0,,1,,,"[-3692.54, 249.08, -2216.94]",Table,['Default']
21190,MainField,B-2,0xc22e74f81a5e4ef8,Enemy_Bokoblin_Middle,Surface3,Rospro Pass,0,['Weapon_Lsword_020'],1,,,"[-3026.74, 646.95, -2743.91]",Table,['Default']
21225,MainField,B-2,0xd9705bde589d8e66,Enemy_Bokoblin_Middle,Surface3,Rospro Pass,1,,1,,,"[-3234.34, 487.12, -2405.47]",Table,['Default']
21239,MainField,B-2,0xdd6bc1ed2680bda2,Enemy_Bokoblin_Middle,Surface3,Rospro Pass,0,['Weapon_Spear_132'],1,,,"[-3214.49, 550.59, -2970.01]",Table,['Default']
21274,MainField,B-2,0x37a6d217002ee2ce,Enemy_Bokoblin_Middle,Surface3,Rospro Pass,0,,1,,,"[-3488.02, 279.65, -2075]",Table,['Default']
21404,MainField,B-2,0xbba0a45f42efd810,Enemy_Bokoblin_Middle,Surface3,Rospro Pass,0,['Weapon_Sword_112'],1,,,"[-4033, 174.77, -2870.52]",Table,['Default']
21511,MainField,B-2,0xe02623c2cc5f5799,Enemy_Bokoblin_Middle,Surface3,Rospro Pass,1,"['Weapon_Sword_131', 'Weapon_Shield_002']",1,,,"[-3717.06, 248.93, -2206.35]",Table,['Default']
21513,MainField,B-2,0xc6337046c2a8044e,Enemy_Bokoblin_Middle,Surface3,Rospro Pass,1,"['Weapon_Sword_106', 'Weapon_Shield_002']",1,,,"[-3718.29, 249.02, -2202.08]",Table,['Default']
24224,MainField,B-3,0xbf77ac74588fb33f,Enemy_Bokoblin_Middle,Surface42,Lindor's Brow,0,"['Weapon_Bow_002', 'FireFruit', 'BokoblinBasket_FireFruit']",0,,,"[-3220.68, 315.12, -1187.65]",Table,['Fire']
25614,MainField,B-3,0xe6fcbeff14b07466,Enemy_Bokoblin_Middle,Surface42,Rospro Pass,1,['Weapon_Spear_106'],1,,,"[-3083.5, 268.71, -1945.98]",Table,['Default']
28935,MainField,B-4,0x7b4ffc5551eccb4e,Enemy_Bokoblin_Middle,Surface27,Gerudo Highlands,0,['Weapon_Spear_112'],1,,,"[-3906.19, 157.61, -89.53]",Table,['Default']
29094,MainField,B-4,0xf9b57f7c4473d0b8,Enemy_Bokoblin_Middle,Surface42,Lindor's Brow,1,"['Weapon_Sword_106', 'Weapon_Shield_002', 'Item_Ore_D']",1,,,"[-3615.5, 291.74, -870.5]",Table,['Default']
29163,MainField,B-4,0x4be52be4bcaae798,Enemy_Bokoblin_Middle,Surface102,Lindor's Brow,1,"['Weapon_Sword_103', 'Weapon_Shield_005']",1,,,"[-3926.5, 210.96, -858]",Table,['Default']
29222,MainField,B-4,0xd45f150d8c6086bd,Enemy_Bokoblin_Middle,Surface42,Lindor's Brow,1,"['Weapon_Lsword_112', 'DgnObj_SpikeBall_A']",1,,,"[-3279.56, 259.94, -979.05]",Table,['Default']
47258,MainField,C-1,0x3eceaf10aec6c627,Enemy_Bokoblin_Middle,Surface107,Rospro Pass,0,"['Weapon_Lsword_106', 'BrokenSnowBallForAttachmentSmall']",0,,,"[-3084.6, 582.14, -3348.77]",Table,['Default']
52743,MainField,C-2,0x9dacd078940182d3,Enemy_Bokoblin_Middle,Surface31,Pikida Stonegrove,0,['Weapon_Sword_112'],1,,,"[-2261.25, 417.39, -2376.6]",Table,['Default']
52750,MainField,C-2,0x3dedd8bc7eed3787,Enemy_Bokoblin_Middle,Surface31,Pikida Stonegrove,0,"['Weapon_Sword_112', 'Weapon_Shield_002', 'Item_Enemy_17']",1,,,"[-2215.4, 454.91, -2183.44]",Table,['Default']
52787,MainField,C-2,0xa396a19ae8c834c9,Enemy_Bokoblin_Middle,Surface48,Pikida Stonegrove,1,,1,,,"[-2778.67, 417.06, -2033.07]",Table,['Default']
52843,MainField,C-2,0x1377c2d23a0ee3e1,Enemy_Bokoblin_Middle,Surface3,Rospro Pass,1,"['Weapon_Sword_131', 'AsbObj_Icicle_A_01']",1,,,"[-2835.58, 671.49, -2897.11]",Table,['Default']
56563,MainField,C-3,0x188876df54a357af,Enemy_Bokoblin_Middle,Surface31,Lindor's Brow,1,['Weapon_Lsword_112'],1,,,"[-2498.04, 376.04, -1806.33]",Table,['Default']
60730,MainField,C-4,0x1caae524e9ac375b,Enemy_Bokoblin_Middle,Surface80,Lindor's Brow,1,,1,,,"[-2845.15, 331.75, -381.17]",Table,['Default']
63758,MainField,C-5,0x5c0a2e301970be4a,Enemy_Bokoblin_Middle,Surface77,Hyrule Field,1,"['Weapon_Sword_108', 'Item_Mushroom_E', 'BokoblinBasket_Apple']",0,,,"[-2176.54, 205.04, 924.93]",Table,['Default']
65145,MainField,C-5,0x6abb828ee4066984,Enemy_Bokoblin_Middle,Surface64,Hyrule Field,0,"['Weapon_Bow_003', 'BokoblinBasket_Arrow']",1,,,"[-2626.38, 326.16, 615.03]",Table,['Arrow']
65153,MainField,C-5,0x73ddc343e887a35c,Enemy_Bokoblin_Middle,Surface77,Hyrule Field,0,"['Weapon_Sword_103', 'Weapon_Shield_005']",1,,,"[-2848.99, 202.93, 760.42]",Table,['Default']
65158,MainField,C-5,0xa371f413ec2a27b7,Enemy_Bokoblin_Middle,Surface64,Hyrule Field,0,"['Weapon_Sword_103', 'Weapon_Shield_005']",1,,,"[-2060.57, 337.17, 393.68]",Table,['Default']
65171,MainField,C-5,0x172238e91e9fc29d,Enemy_Bokoblin_Middle,Surface80,Gerudo Highlands,1,,1,,,"[-2938.32, 180.74, 253.38]",Table,['Default']
65261,MainField,C-5,0x24e76160398c534d,Enemy_Bokoblin_Middle,Surface77,Hyrule Field,0,"['Weapon_Sword_108', 'Weapon_Shield_005']",1,,,"[-2736.34, 202.24, 875.58]",Table,['Default']
65262,MainField,C-5,0xca2d126f7c31a93c,Enemy_Bokoblin_Middle,Surface77,Hyrule Field,1,"['Weapon_Sword_108', 'Weapon_Shield_004']",1,,,"[-2741.37, 202.06, 869.38]",Table,['Default']
65263,MainField,C-5,0x4e772ee3285c84d3,Enemy_Bokoblin_Middle,Surface77,Hyrule Field,0,"['Weapon_Sword_108', 'Weapon_Shield_005', 'AsbObj_SharpRock_A_S_01']",1,,,"[-2738.85, 202.4, 872.48]",Table,['Default']
65264,MainField,C-5,0x4218f32d4f688b21,Enemy_Bokoblin_Middle,Surface77,Hyrule Field,0,"['Weapon_Sword_103', 'Weapon_Shield_005']",1,,,"[-2733.83, 201.63, 878.67]",Table,['Default']
65265,MainField,C-5,0xd7933ae7642c5e0d,Enemy_Bokoblin_Middle,Surface77,Hyrule Field,0,"['Weapon_Sword_108', 'Weapon_Shield_005', 'AsbObj_SharpRock_A_S_01']",1,,,"[-2731.31, 201, 881.77]",Table,['Default']
65266,MainField,C-5,0xf0ac49669c38ac2a,Enemy_Bokoblin_Middle,Surface77,Hyrule Field,1,"['Weapon_Sword_108', 'Weapon_Shield_004', 'BokoblinBasket_Meat_01']",1,,,"[-2728.8, 200.73, 884.86]",Table,['Default']
65273,MainField,C-5,0xe2a050f72b04f1c0,Enemy_Bokoblin_Middle,Surface64,Hyrule Field,0,['BokoblinBasket_Fire'],1,,,"[-2617.8, 326.16, 609.6]",Table,['Default']
69248,MainField,C-6,0xa0d06b8e4a18be3e,Enemy_Bokoblin_Middle,Surface77,Hyrule Field,0,"['Weapon_Sword_108', 'AsbObj_SharpRock_A_S_01', 'BokoblinBasket_Apple']",1,,,"[-2053.64, 202.24, 1044.07]",Table,['Default']
69249,MainField,C-6,0x53dec7aee76c1bbc,Enemy_Bokoblin_Middle,Surface77,Hyrule Field,0,"['Weapon_Bow_003', 'BokoblinBasket_Meat_01']",1,,,"[-2060.08, 201.12, 1038.07]",Table,['Arrow']
70079,MainField,C-7,0xa0a6f99b789cbc92,Enemy_Bokoblin_Middle,Surface73,Gerudo Canyon,0,['Weapon_Sword_103'],0,,,"[-2780.1, 265.31, 2384]",Table,['Default']
73756,MainField,C-7,0x43ece4beb73b01f9,Enemy_Bokoblin_Middle,Surface73,Gerudo Canyon,0,"['Weapon_Sword_103', 'Weapon_Shield_005']",1,,,"[-2436.39, 234.31, 2828.44]",Table,['Default']
78144,MainField,D-1,0xfb0370c13b205656,Enemy_Bokoblin_Middle,Surface100,Pikida Stonegrove,1,"['Weapon_Sword_108', 'BrokenSnowBallForAttachmentSmall']",1,,,"[-1390.5, 369.11, -3662.05]",Table,['Default']
81439,MainField,D-2,0x6da399b9044d72a7,Enemy_Bokoblin_Middle,Surface23,Pikida Stonegrove,0,,1,,,"[-1361.82, 22.75, -2354.89]",Table,['Default']
81444,MainField,D-2,0xc71c4f96d354fedf,Enemy_Bokoblin_Middle,Surface23,Pikida Stonegrove,0,"['Weapon_Sword_103', 'Weapon_Shield_001']",1,,,"[-1294.34, 22.55, -2415.28]",Table,['Default']
81531,MainField,D-2,0x92bed5fa368dd2ea,Enemy_Bokoblin_Middle,Surface5,Pikida Stonegrove,0,['Weapon_Bow_004'],1,,,"[-1788.05, 356.01, -2244.62]",Table,['Arrow']
81535,MainField,D-2,0xaa49d8ca8559e97e,Enemy_Bokoblin_Middle,Surface5,Pikida Stonegrove,0,['Weapon_Lsword_108'],1,,,"[-1784.49, 356.05, -2236.17]",Table,['Default']
81544,MainField,D-2,0xc8611f4932410464,Enemy_Bokoblin_Middle,Surface5,Pikida Stonegrove,0,"['Weapon_Sword_103', 'Weapon_Shield_004']",1,,,"[-1798.61, 360.68, -2210.76]",Table,['Default']
81577,MainField,D-2,0xa48c3651f7254edc,Enemy_Bokoblin_Middle,Surface5,Pikida Stonegrove,0,"['Weapon_Sword_103', 'Weapon_Shield_004']",1,,,"[-1794.35, 360.39, -2204.69]",Table,['Default']
88730,MainField,D-4,0x1ad13c84ce5bd56a,Enemy_Bokoblin_Middle,Surface12,Lindor's Brow,0,"['Weapon_Bow_002', 'ElectricalFruit', 'BokoblinBasket_ElectricalFruit']",1,,,"[-1372.11, 190.3, -345.47]",Table,['Thunder']
88744,MainField,D-4,0x23843944dec465c8,Enemy_Bokoblin_Middle,Surface80,Lindor's Brow,1,,1,,,"[-1978.1, 262.42, -38.25]",Table,['Default']
92119,MainField,D-5,0xfd0d2960e1644e00,Enemy_Bokoblin_Middle,Surface64,Hyrule Field,0,"['Weapon_Sword_103', 'Weapon_Shield_004']",1,,,"[-1715.14, 211.35, 411.79]",Table,['Default']
92120,MainField,D-5,0x340950997f7fe9a9,Enemy_Bokoblin_Middle,Surface64,Hyrule Field,0,"['Weapon_Sword_108', 'Weapon_Shield_005']",1,,,"[-1714.34, 211.5, 407.83]",Table,['Default']
92121,MainField,D-5,0x0e0d63751be56e56,Enemy_Bokoblin_Middle,Surface64,Hyrule Field,0,"['Weapon_Sword_103', 'Weapon_Shield_004', 'AsbObj_RockParts_C_S_01', 'BokoblinBasket_Meat_01']",1,,,"[-1716.88, 210.99, 416.57]",Table,['Default']
93951,MainField,D-6,0x1de1dd215d91c86a,Enemy_Bokoblin_Middle,Surface32,Hyrule Field,1,"['Weapon_Lsword_112', 'Item_Mushroom_E']",0,,,"[-1135.5, 129.18, 1491]",Table,['Default']
93953,MainField,D-6,0xe372d3948758a2e6,Enemy_Bokoblin_Middle,Surface32,Hyrule Field,0,"['Weapon_Sword_103', 'Weapon_Shield_005', 'Item_Mushroom_E']",0,,,"[-1213, 127.11, 1538]",Table,['Default']
96422,MainField,D-6,0x89f55ec57671bb1a,Enemy_Bokoblin_Middle,Surface32,Hyrule Field,1,,1,,,"[-1207.02, 151.79, 1099.6]",Table,['Default']
96423,MainField,D-6,0xcf27b367aa6d9260,Enemy_Bokoblin_Middle,Surface32,Hyrule Field,0,,1,,,"[-1204.86, 151.93, 1108.77]",Table,['Default']
96528,MainField,D-6,0x52aa9995a93e1a55,Enemy_Bokoblin_Middle,Surface32,Hyrule Field,1,"['Weapon_Sword_108', 'Weapon_Shield_005']",1,,,"[-1396.05, 133.62, 1479.89]",Table,['Default']
96552,MainField,D-6,0x6d2b2aac9aca434c,Enemy_Bokoblin_Middle,Surface32,Hyrule Field,0,"['Weapon_Sword_103', 'Weapon_Shield_004', 'AsbObj_RockParts_C_S_01']",1,,,"[-1721.15, 216.5, 1332.67]",Table,['Default']
96553,MainField,D-6,0x4d9f553dbc371a80,Enemy_Bokoblin_Middle,Surface32,Hyrule Field,0,"['Weapon_Sword_108', 'Weapon_Shield_004', 'BokoblinBasket_Fire']",1,,,"[-1723.15, 216.91, 1336.11]",Table,['Default']
96555,MainField,D-6,0x0cef598842a504c0,Enemy_Bokoblin_Middle,Surface32,Hyrule Field,0,"['Weapon_Sword_108', 'Weapon_Shield_004']",1,,,"[-1719.14, 216.1, 1329.23]",Table,['Default']
96575,MainField,D-6,0x9fac6b86c34041e0,Enemy_Bokoblin_Middle,Surface32,Hyrule Field,0,['Weapon_Sword_103'],1,,,"[-1493.42, 156.35, 1111.19]",Table,['Default']
96576,MainField,D-6,0xa8cb28be5d28afa7,Enemy_Bokoblin_Middle,Surface32,Hyrule Field,0,"['Weapon_Sword_108', 'Weapon_Shield_005', 'Obj_ArmorSpike_A']",1,,,"[-1493.88, 156.08, 1103.53]",Table,['Default']
96577,MainField,D-6,0xd50948ce31720b98,Enemy_Bokoblin_Middle,Surface32,Hyrule Field,0,"['Weapon_Sword_103', 'BokoblinBasket_Apple']",1,,,"[-1502.64, 157.18, 1111.79]",Table,['Default']
116266,MainField,E-5,0xc2ae99c4082ede14,Enemy_Bokoblin_Middle,Surface32,Hyrule Field,0,"['Weapon_Sword_108', 'AsbObj_RockParts_C_S_01']",0,,,"[-768.5, 136.92, 817]",Table,['Default']
116371,MainField,E-5,0x72ec61a3190e83b9,Enemy_Bokoblin_Middle,Surface32,Hyrule Field,0,['Weapon_Sword_108'],0,,,"[-653.4, 142.29, 1022.38]",Table,['Default']
118953,MainField,E-5,0x9a2ccaab3c85947a,Enemy_Bokoblin_Middle,Surface6,Hyrule Field,1,['Weapon_Sword_108'],1,,,"[-435.28, 131.44, 624.9]",Table,['Default']
118955,MainField,E-5,0x965c2117291356fd,Enemy_Bokoblin_Middle,Surface6,Hyrule Field,0,['Weapon_Sword_108'],1,,,"[-458.12, 132.28, 622.74]",Table,['Default']
119026,MainField,E-5,0x4550efba88b42316,Enemy_Bokoblin_Middle,Surface32,Hyrule Field,0,"['Weapon_Sword_108', 'Weapon_Shield_005', 'Item_Mushroom_E']",1,,,"[-739.5, 136.83, 822.5]",Table,['Default']
119071,MainField,E-5,0xbcd7957a0228701e,Enemy_Bokoblin_Middle,Surface32,Hyrule Field,1,['Weapon_Bow_003'],1,,,"[-598.28, 145.72, 872.67]",Table,['Arrow']
119166,MainField,E-5,0xa0753396358284b1,Enemy_Bokoblin_Middle,Surface32,Hyrule Field,0,"['Weapon_Sword_108', 'Weapon_Shield_005']",1,,,"[-721.64, 166.19, 1001.05]",Table,['Default']
119167,MainField,E-5,0xbc57005e36a512ef,Enemy_Bokoblin_Middle,Surface32,Hyrule Field,1,['BokoblinBasket_Apple'],1,,,"[-711.5, 166.12, 998.96]",Table,['Default']
119168,MainField,E-5,0x3af00afc933e56bb,Enemy_Bokoblin_Middle,Surface32,Hyrule Field,0,"['Weapon_Sword_108', 'Weapon_Shield_005']",1,,,"[-723.65, 162.09, 1035.55]",Table,['Default']
119171,MainField,E-5,0x3f59a666b78d0846,Enemy_Bokoblin_Middle,Surface32,Hyrule Field,0,"['Weapon_Sword_108', 'Weapon_Shield_005']",1,,,"[-718.81, 162.04, 1040.29]",Table,['Default']
119521,MainField,E-5,0x7df2f24636e02910,Enemy_Bokoblin_Middle,Surface32,Hyrule Field,0,,1,,,"[-318.05, 147.31, 951.92]",Table,['Default']
119522,MainField,E-5,0x5a8dbe4b6b75abad,Enemy_Bokoblin_Middle,Surface32,Hyrule Field,0,['Weapon_Bow_003'],1,,,"[-318.1, 148.09, 947.55]",Table,['Arrow']
122045,MainField,E-6,0xd3014f77cac4086c,Enemy_Bokoblin_Middle,Surface70,Hyrule Field,0,['Weapon_Bow_003'],0,,,"[-208, 118.24, 1693]",Table,['Arrow']
122046,MainField,E-6,0x9ca8187dc32269bd,Enemy_Bokoblin_Middle,Surface70,Hyrule Field,0,['Weapon_Sword_108'],0,,,"[-267.5, 112.85, 1684.5]",Table,['Default']
124992,MainField,E-6,0xa2a455820ff1cb04,Enemy_Bokoblin_Middle,Surface70,Hyrule Field,0,,1,,,"[-344.71, 124.55, 1601.95]",Table,['Default']
124993,MainField,E-6,0x827908d646109955,Enemy_Bokoblin_Middle,Surface70,Hyrule Field,0,,1,,,"[-345.03, 124.82, 1589.07]",Table,['Default']
125002,MainField,E-6,0xd2d79ec4b28bb852,Enemy_Bokoblin_Middle,Surface32,Hyrule Field,0,['Weapon_Sword_108'],1,,,"[-439.48, 127.23, 1123.5]",Table,['Default']
125003,MainField,E-6,0xa78a2e76c9b4262d,Enemy_Bokoblin_Middle,Surface32,Hyrule Field,1,['Weapon_Spear_103'],1,,,"[-439.3, 127.26, 1119]",Table,['Default']
125004,MainField,E-6,0x1b42aef2611191ee,Enemy_Bokoblin_Middle,Surface32,Hyrule Field,0,['Weapon_Sword_103'],1,,,"[-439.85, 127.38, 1114.12]",Table,['Default']
125005,MainField,E-6,0x020d02b5b3654992,Enemy_Bokoblin_Middle,Surface32,Hyrule Field,0,['Weapon_Spear_108'],1,,,"[-445.5, 127.31, 1111]",Table,['Default']
125006,MainField,E-6,0x994ff7ad9bec5f82,Enemy_Bokoblin_Middle,Surface32,Hyrule Field,1,['Weapon_Lsword_108'],1,,,"[-450.48, 127.21, 1114.29]",Table,['Default']
125007,MainField,E-6,0xacfa1d855504aed5,Enemy_Bokoblin_Middle,Surface32,Hyrule Field,0,['Weapon_Bow_003'],1,,,"[-451.43, 127.39, 1119.01]",Table,['Arrow']
125008,MainField,E-6,0x7a61e28b95b3443a,Enemy_Bokoblin_Middle,Surface32,Hyrule Field,0,['Weapon_Sword_108'],1,,,"[-450.68, 127.24, 1123.14]",Table,['Default']
125013,MainField,E-6,0xbe91acfa2b0d68f2,Enemy_Bokoblin_Middle,Surface32,Hyrule Field,0,['Weapon_Sword_108'],1,,,"[-277.47, 127.16, 1213.14]",Table,['Default']
125018,MainField,E-6,0x8e98987af739c50b,Enemy_Bokoblin_Middle,Surface32,Hyrule Field,0,"['Weapon_Sword_108', 'Weapon_Shield_005']",1,,,"[-884.83, 139.61, 1329.85]",Table,['Default']
125022,MainField,E-6,0x8123b6e7db9b6af1,Enemy_Bokoblin_Middle,Surface32,Hyrule Field,0,"['Weapon_Sword_103', 'Weapon_Shield_005']",1,,,"[-887.95, 139.82, 1332.97]",Table,['Default']
125023,MainField,E-6,0x266eda234450aca0,Enemy_Bokoblin_Middle,Surface32,Hyrule Field,1,"['Weapon_Sword_103', 'Weapon_Shield_005', 'BokoblinBasket_Fire']",1,,,"[-883.31, 139.54, 1325.95]",Table,['Default']
125026,MainField,E-6,0x3d91c540e2427b97,Enemy_Bokoblin_Middle,Surface32,Hyrule Field,0,"['Weapon_Sword_103', 'Weapon_Shield_005']",1,,,"[-892.13, 140.27, 1334.09]",Table,['Default']
125129,MainField,E-6,0x0746f7f8b77b9786,Enemy_Bokoblin_Middle,Surface32,Hyrule Field,1,,1,,,"[-768.1, 134.69, 1352.4]",Table,['Default']
125130,MainField,E-6,0x22128258f46ba6c7,Enemy_Bokoblin_Middle,Surface32,Hyrule Field,0,,1,,,"[-758.08, 134.28, 1351.45]",Table,['Default']
125221,MainField,E-6,0xacac81ffc4b305dc,Enemy_Bokoblin_Middle,Surface32,Hyrule Field,0,['BokoblinBasket_Apple'],1,,,"[-929.03, 122.08, 1171.34]",Table,['Default']
125223,MainField,E-6,0x1327537f295a0d77,Enemy_Bokoblin_Middle,Surface32,Hyrule Field,1,['Weapon_Bow_003'],1,,,"[-938, 121.34, 1171.83]",Table,['Arrow']
125297,MainField,E-6,0x315eac2107755d8a,Enemy_Bokoblin_Middle,Surface32,Hyrule Field,0,['Weapon_Bow_003'],1,,,"[-264.95, 127.17, 1197.42]",Table,['Arrow']
128290,MainField,E-7,0xa8cb2f143a6bbc11,Enemy_Bokoblin_Middle,Surface70,Hyrule Field,1,['Weapon_Sword_103'],1,,,"[-278.76, 120.7, 2073.21]",Table,['Default']
128291,MainField,E-7,0xcdabbfad24495922,Enemy_Bokoblin_Middle,Surface70,Hyrule Field,0,"['Weapon_Sword_108', 'AsbObj_RockParts_C_S_01']",1,,,"[-252.27, 122.91, 2064.41]",Table,['Default']
128402,MainField,E-7,0x94d8e28dbca5f96e,Enemy_Bokoblin_Middle,Surface25,Popla Foothills,1,,1,,,"[-851.85, 229.48, 2844.8]",Table,['Default']
128404,MainField,E-7,0x32295b8b7053acc5,Enemy_Bokoblin_Middle,Surface25,Popla Foothills,0,['Weapon_Sword_108'],1,,,"[-850.64, 230, 2840.35]",Table,['Default']
128444,MainField,E-7,0x32bbcf04ad956163,Enemy_Bokoblin_Middle,Surface25,Popla Foothills,0,"['Weapon_Sword_108', 'Weapon_Shield_005']",1,,,"[-195.26, 173.69, 2992.92]",Table,['Default']
128445,MainField,E-7,0x6170adedd1ab94da,Enemy_Bokoblin_Middle,Surface25,Popla Foothills,0,"['Weapon_Sword_103', 'Weapon_Shield_004']",1,,,"[-187.61, 175.06, 2991.57]",Table,['Default']
128446,MainField,E-7,0xdaab973c6aa677f2,Enemy_Bokoblin_Middle,Surface25,Popla Foothills,0,"['Weapon_Sword_108', 'Weapon_Shield_004']",1,,,"[-191.43, 174.23, 2992.25]",Table,['Default']
128447,MainField,E-7,0xf30ccfed4eda6bd8,Enemy_Bokoblin_Middle,Surface25,Popla Foothills,0,"['Weapon_Sword_108', 'Weapon_Shield_004', 'AsbObj_RockParts_C_S_01']",1,,,"[-199.09, 173.45, 2993.61]",Table,['Default']
128448,MainField,E-7,0x77828e512ca98186,Enemy_Bokoblin_Middle,Surface25,Popla Foothills,0,"['Weapon_Sword_108', 'Weapon_Shield_004', 'BokoblinBasket_Meat_02']",1,,,"[-202.93, 173.4, 2994.29]",Table,['Default']
128483,MainField,E-7,0x7e0def6c2a6cd28c,Enemy_Bokoblin_Middle,Surface70,Hyrule Field,0,['BokoblinBasket_Fire'],1,,,"[-252.55, 129.44, 2076.51]",Table,['Default']
130202,MainField,E-8,0x3f027f73b2131d93,Enemy_Bokoblin_Middle,Surface25,Popla Foothills,0,['Weapon_Bow_003'],0,,,"[-638.8, 235.2, 3036.45]",Table,['Arrow']
131328,MainField,E-8,0xa8a86a5ca233d37b,Enemy_Bokoblin_Middle,Surface24,Popla Foothills,0,"['Weapon_Spear_108', 'AsbObj_RockParts_C_S_01']",1,,,"[-357.54, 152.29, 3550.1]",Table,['Default']
131337,MainField,E-8,0xb21fd13d910d1c92,Enemy_Bokoblin_Middle,Surface24,Popla Foothills,0,['Weapon_Spear_103'],1,,,"[-354.65, 159.58, 3560.21]",Table,['Default']
131338,MainField,E-8,0xe110b49462d194e2,Enemy_Bokoblin_Middle,Surface95,Popla Foothills,1,['Weapon_Spear_103'],1,,,"[-815.86, 193.45, 3396.12]",Table,['Default']
131339,MainField,E-8,0xa25718df9fc06a05,Enemy_Bokoblin_Middle,Surface95,Popla Foothills,0,['Weapon_Sword_103'],1,,,"[-822.41, 193.46, 3403.14]",Table,['Default']
131343,MainField,E-8,0xfb70b96075b99733,Enemy_Bokoblin_Middle,Surface95,Popla Foothills,0,,1,,,"[-801.95, 193.61, 3399.12]",Table,['Default']
131346,MainField,E-8,0xbfe04ae1eb7f1031,Enemy_Bokoblin_Middle,Surface95,Popla Foothills,0,,1,,,"[-805.22, 193.46, 3402.36]",Table,['Default']
134703,MainField,F-1,0x180bdda39c6558aa,Enemy_Bokoblin_Middle,Surface96,Thyphlo Ruins,0,"['Weapon_Sword_108', 'Weapon_Shield_005']",1,,,"[242.87, 173.42, -3672.43]",Table,['Default']
134707,MainField,F-1,0x048649b438156441,Enemy_Bokoblin_Middle,Surface96,Thyphlo Ruins,0,"['Weapon_Sword_103', 'Weapon_Shield_005']",1,,,"[241.72, 173.55, -3676.69]",Table,['Default']
134708,MainField,F-1,0x643e225b4eed5213,Enemy_Bokoblin_Middle,Surface96,Thyphlo Ruins,0,"['Weapon_Sword_103', 'Weapon_Shield_005']",1,,,"[246.74, 173.44, -3669.16]",Table,['Default']
134710,MainField,F-1,0x897369e7dbf054e7,Enemy_Bokoblin_Middle,Surface96,Thyphlo Ruins,0,"['Weapon_Sword_108', 'Weapon_Shield_005']",1,,,"[243.82, 173.92, -3680.41]",Table,['Default']
134789,MainField,F-1,0x75b83b35ac69a6ac,Enemy_Bokoblin_Middle,Surface97,Thyphlo Ruins,1,,1,,,"[897.51, 212.1, -3634.58]",Table,['Default']
134791,MainField,F-1,0x75b83b35f4c7cb53,Enemy_Bokoblin_Middle,Surface97,Thyphlo Ruins,0,,1,,,"[887.82, 211.74, -3631.61]",Table,['Default']
134822,MainField,F-1,0xd072e2e8a0909603,Enemy_Bokoblin_Middle,Surface96,Thyphlo Ruins,1,,1,,,"[250.9, 189.26, -3800.45]",Table,['Default']
134823,MainField,F-1,0xd072e2e83baa67b9,Enemy_Bokoblin_Middle,Surface96,Thyphlo Ruins,0,,1,,,"[249.38, 188.9, -3793.3]",Table,['Default']
134836,MainField,F-1,0x899210d0e688bf40,Enemy_Bokoblin_Middle,Surface96,Thyphlo Ruins,1,,1,,,"[116.3, 221.75, -3427]",Table,['Default']
134837,MainField,F-1,0xb3caa2b3a547a9fa,Enemy_Bokoblin_Middle,Surface96,Thyphlo Ruins,0,,1,,,"[118.38, 222.05, -3417.29]",Table,['Default']
134914,MainField,F-1,0x836941cb1d2f356b,Enemy_Bokoblin_Middle,Surface96,Thyphlo Ruins,1,['Weapon_Spear_108'],1,,,"[246.97, 173.08, -3649.5]",Table,['Default']
144962,MainField,F-4,0xbf0c20a9273ef481,Enemy_Bokoblin_Middle,Surface41,Sahasra Slope,0,"['Weapon_Sword_108', 'Weapon_Shield_005', 'AsbObj_RockParts_C_S_01', 'Obj_ArmorSpike_A', 'BokoblinBasket_Apple']",0,,,"[954.72, 186.84, -597.42]",Table,['Default']
146991,MainField,F-4,0xf18642b794ccad16,Enemy_Bokoblin_Middle,Surface76,Lookout Landing,1,"['Weapon_Sword_103', 'Weapon_Shield_005']",1,,,"[214.79, 126.74, -666.98]",Table,['Default']
147074,MainField,F-4,0x242926de39e5614e,Enemy_Bokoblin_Middle,Surface41,Sahasra Slope,0,"['Weapon_Bow_003', 'FireFruit', 'BokoblinBasket_FireFruit']",1,,,"[736.77, 179.68, -754.56]",Table,['Fire']
147158,MainField,F-4,0x25d38613160c487c,Enemy_Bokoblin_Middle,Surface41,Sahasra Slope,0,['Weapon_Bow_003'],1,,,"[854.9, 173.13, -526.44]",Table,['Arrow']
147159,MainField,F-4,0x4253443bce9ae705,Enemy_Bokoblin_Middle,Surface41,Sahasra Slope,0,"['Weapon_Sword_108', 'BokoblinBasket_Apple']",1,,,"[920.42, 186.71, -509.79]",Table,['Default']
147160,MainField,F-4,0xfbc362d007607887,Enemy_Bokoblin_Middle,Surface41,Sahasra Slope,0,"['Weapon_Sword_108', 'Weapon_Shield_005', 'AsbObj_RockParts_C_S_01', 'Obj_ArmorSpike_A']",1,,,"[892.46, 151.61, -937.61]",Table,['Default']
147161,MainField,F-4,0xe46a58b530893344,Enemy_Bokoblin_Middle,Surface41,Sahasra Slope,0,"['Weapon_Bow_003', 'BokoblinBasket_Apple']",1,,,"[886.63, 151.65, -939.76]",Table,['Arrow']
147162,MainField,F-4,0x253f9dda76fcf730,Enemy_Bokoblin_Middle,Surface41,Sahasra Slope,0,"['Weapon_Sword_103', 'Weapon_Shield_005', 'DgnObj_SpikeBall_A', 'AsbObj_SpikeDynamic_A_01', 'BokoblinBasket_Apple']",1,,,"[517.37, 141.96, -877.77]",Table,['Default']
147237,MainField,F-4,0x7fc7a81422745bd6,Enemy_Bokoblin_Middle,Surface41,Sahasra Slope,0,"['Weapon_Bow_003', 'ElectricalFruit', 'BokoblinBasket_ElectricalFruit']",1,,,"[655.2, 191.46, -877.15]",Table,['Thunder']
155154,MainField,F-6,0xfcfbfbf0d5e42ab4,Enemy_Bokoblin_Middle,Surface32,Hyrule Field,0,"['Weapon_Sword_108', 'Weapon_Shield_005', 'AsbObj_RockParts_C_S_01']",0,,,"[24.18, 135.74, 1281.17]",Table,['Default']
155155,MainField,F-6,0xe160142086eb5db9,Enemy_Bokoblin_Middle,Surface32,Hyrule Field,1,"['Weapon_Lsword_108', 'AsbObj_RockParts_C_S_01']",0,,,"[19.43, 126.86, 1287.19]",Table,['Default']
155609,MainField,F-6,0x497fd0565f458435,Enemy_Bokoblin_Middle,Surface32,Hyrule Field,0,['BokoblinBasket_Apple'],0,,,"[41.98, 132.85, 1056.94]",Table,['Default']
157156,MainField,F-6,0x98ae1f8052b21fe0,Enemy_Bokoblin_Middle,Surface49,Popla Foothills,0,,1,,,"[499.87, 115.29, 1642.84]",Table,['Default']
157157,MainField,F-6,0x8eeb8af262129c18,Enemy_Bokoblin_Middle,Surface49,Popla Foothills,1,"['Weapon_Sword_108', 'Weapon_Shield_005', 'Obj_ArmorSpike_A']",1,,,"[476.26, 115.33, 1634.08]",Table,['Default']
157158,MainField,F-6,0x216e1792eb0696d0,Enemy_Bokoblin_Middle,Surface49,Popla Foothills,0,['Weapon_Sword_103'],1,,,"[471.69, 115.63, 1640.04]",Table,['Default']
157194,MainField,F-6,0x0289e05d51da439d,Enemy_Bokoblin_Middle,Surface32,Hyrule Field,1,,1,,,"[229.94, 115.55, 1292.45]",Table,['Default']
157195,MainField,F-6,0x3fa9ee85f918b2b4,Enemy_Bokoblin_Middle,Surface32,Hyrule Field,0,,1,,,"[230.23, 115.67, 1286.32]",Table,['Default']
157385,MainField,F-6,0xf8896b9544c4cc89,Enemy_Bokoblin_Middle,Surface32,Hyrule Field,0,"['Weapon_Sword_108', 'AsbObj_RockParts_C_S_01']",1,,,"[16.35, 119.66, 1295.95]",Table,['Default']
157388,MainField,F-6,0xd04885e92d05a1db,Enemy_Bokoblin_Middle,Surface32,Hyrule Field,0,"['Weapon_Sword_108', 'AsbObj_RockParts_C_S_01']",1,,,"[19.72, 119.92, 1298.71]",Table,['Default']
157553,MainField,F-6,0x1f90bb2b32c492a7,Enemy_Bokoblin_Middle,Surface70,Hyrule Field,0,"['Weapon_Sword_103', 'AsbObj_RockParts_C_S_01']",1,,,"[6.63, 117.08, 1591.28]",Table,['Default']
157554,MainField,F-6,0xa3ade6ccb58fc662,Enemy_Bokoblin_Middle,Surface70,Hyrule Field,0,"['Weapon_Sword_103', 'AsbObj_RockParts_C_S_01']",1,,,"[13.55, 117.07, 1589.44]",Table,['Default']
157557,MainField,F-6,0x725c5b5f3b6f1bcc,Enemy_Bokoblin_Middle,Surface49,Popla Foothills,1,"['Weapon_Bow_003', 'BokoblinBasket_Meat_02']",1,,,"[499.83, 156.88, 1795.74]",Table,['Arrow']
157558,MainField,F-6,0x8d1f0e183fdd9b1f,Enemy_Bokoblin_Middle,Surface49,Popla Foothills,0,"['Weapon_Bow_003', 'BokoblinBasket_Meat_02']",1,,,"[484.54, 160.94, 1809.34]",Table,['Arrow']
157606,MainField,F-6,0x189730ebe5f0f6f4,Enemy_Bokoblin_Middle,Surface49,Popla Foothills,0,['Weapon_Sword_108'],1,,,"[749.27, 115.41, 1762.07]",Table,['Default']
157639,MainField,F-6,0x86d4aeb1713ea47a,Enemy_Bokoblin_Middle,Surface32,Hyrule Field,0,['Weapon_Bow_003'],1,,,"[138.11, 118.39, 1501.83]",Table,['Arrow']
157642,MainField,F-6,0x65bd16a1f5016647,Enemy_Bokoblin_Middle,Surface32,Hyrule Field,0,['Weapon_Bow_003'],1,,,"[63.69, 118.34, 1468.11]",Table,['Arrow']
157644,MainField,F-6,0xbdad28aec7905a5d,Enemy_Bokoblin_Middle,Surface32,Hyrule Field,0,['Weapon_Spear_108'],1,,,"[95.1, 118.33, 1534.3]",Table,['Default']
157875,MainField,F-6,0x12507a76bb326bd1,Enemy_Bokoblin_Middle,Surface32,Hyrule Field,0,"['Weapon_Sword_108', 'Item_Mushroom_E', 'BokoblinBasket_FireFruit']",1,,,"[203.74, 115.86, 1295.02]",Table,['Default']
160538,MainField,F-7,0xfc367905aea6870a,Enemy_Bokoblin_Middle,Surface49,Popla Foothills,0,"['Weapon_Sword_108', 'AsbObj_RockParts_C_S_01', 'BokoblinBasket_Apple']",0,,,"[515.1, 122.73, 2921.32]",Table,['Default']
160540,MainField,F-7,0xe992265296074e37,Enemy_Bokoblin_Middle,Surface49,Popla Foothills,0,"['Weapon_Sword_103', 'BokoblinBasket_Apple']",0,,,"[516.32, 123.06, 2937.58]",Table,['Default']
160631,MainField,F-7,0x701976deef2a62c9,Enemy_Bokoblin_Middle,Surface49,Popla Foothills,0,"['Weapon_Bow_003', 'ElectricalFruit', 'BokoblinBasket_ElectricalFruit']",0,,,"[173.9, 129.23, 2904.5]",Table,['Thunder']
162156,MainField,F-7,0x4eb803e82966e5e2,Enemy_Bokoblin_Middle,Surface49,Popla Foothills,0,"['Weapon_Sword_106', 'Weapon_Shield_002', 'BokoblinBasket_Meat_02']",1,,,"[603.81, 195.09, 2397.26]",Table,['Default']
162174,MainField,F-7,0x5021295174570c86,Enemy_Bokoblin_Middle,Surface49,Popla Foothills,0,['Weapon_Bow_003'],1,,,"[600.21, 195.01, 2423.94]",Table,['Arrow']
162177,MainField,F-7,0x3fa7962715c9b6fd,Enemy_Bokoblin_Middle,Surface49,Popla Foothills,1,"['Weapon_Sword_108', 'Weapon_Shield_005']",1,,,"[595.53, 194.99, 2425.94]",Table,['Default']
162178,MainField,F-7,0xe2dc3754a04a8240,Enemy_Bokoblin_Middle,Surface49,Popla Foothills,0,['Weapon_Lsword_108'],1,,,"[591.04, 195.07, 2423.78]",Table,['Default']
162258,MainField,F-7,0x425c18e9c01f891e,Enemy_Bokoblin_Middle,Surface49,Popla Foothills,0,['Weapon_Sword_103'],1,,,"[997.04, 219.96, 2233.08]",Table,['Default']
162263,MainField,F-7,0xd7eb90b6db8ddc1b,Enemy_Bokoblin_Middle,Surface49,Popla Foothills,0,,1,,,"[749.42, 215.32, 2236.03]",Table,['Default']
162265,MainField,F-7,0xae5db0f612494da9,Enemy_Bokoblin_Middle,Surface49,Popla Foothills,1,,1,,,"[743.95, 215.02, 2228.87]",Table,['Default']
162379,MainField,F-7,0x12823dc679da939d,Enemy_Bokoblin_Middle,Surface49,Popla Foothills,0,"['Weapon_Bow_003', 'BokoblinBasket_Meat_02']",1,,,"[495.5, 114.44, 2149.49]",Table,['Arrow']
162380,MainField,F-7,0x602315fd980d24e9,Enemy_Bokoblin_Middle,Surface49,Popla Foothills,0,['Weapon_Bow_003'],1,,,"[495.5, 114.43, 2157.49]",Table,['Arrow']
162381,MainField,F-7,0x66323e77b7af2321,Enemy_Bokoblin_Middle,Surface49,Popla Foothills,0,['Weapon_Bow_003'],1,,,"[495.5, 114.44, 2153.49]",Table,['Arrow']
162382,MainField,F-7,0x26afb8c675795508,Enemy_Bokoblin_Middle,Surface49,Popla Foothills,0,['Weapon_Bow_004'],1,,,"[495.5, 114.45, 2145.49]",Table,['Arrow']
162383,MainField,F-7,0x488ec880e59ecdc4,Enemy_Bokoblin_Middle,Surface49,Popla Foothills,0,"['Weapon_Bow_004', 'BokoblinBasket_Arrow']",1,,,"[495.5, 114.45, 2141.49]",Table,['Arrow']
162384,MainField,F-7,0x78f7e12cec6100f1,Enemy_Bokoblin_Middle,Surface49,Popla Foothills,0,['BokoblinBasket_Meat_02'],1,,,"[129.18, 125.38, 2012.67]",Table,['Default']
165552,MainField,F-8,0x4ba999d179e18bb0,Enemy_Bokoblin_Middle,Surface24,Popla Foothills,0,['Weapon_Bow_003'],0,,,"[167.85, 219.04, 3561.46]",Table,['Arrow']
165554,MainField,F-8,0x5627b05822c3eb35,Enemy_Bokoblin_Middle,Surface24,Popla Foothills,0,['Weapon_Spear_108'],0,,,"[150.11, 210.85, 3549.72]",Table,['Default']
165556,MainField,F-8,0x1acc010f66e3e531,Enemy_Bokoblin_Middle,Surface24,Popla Foothills,1,['Weapon_Bow_003'],0,,,"[153.14, 210.85, 3538.35]",Table,['Arrow']
167567,MainField,F-8,0x8f4ffe34e0d90d31,Enemy_Bokoblin_Middle,Surface74,Popla Foothills,0,['Weapon_Sword_108'],1,,,"[761.9, 123.02, 3094.83]",Table,['Default']
167568,MainField,F-8,0xac83e512a8b55c04,Enemy_Bokoblin_Middle,Surface74,Popla Foothills,0,['Weapon_Sword_103'],1,,,"[753.24, 122.87, 3094.81]",Table,['Default']
167712,MainField,F-8,0x4befddb6db52f7a2,Enemy_Bokoblin_Middle,Surface90,Popla Foothills,0,"['Weapon_Sword_108', 'Weapon_Shield_005']",1,,,"[662.21, 106.72, 3896.4]",Table,['Default']
167749,MainField,F-8,0x8ee66f05c7c0d43b,Enemy_Bokoblin_Middle,Surface36,Popla Foothills,1,,1,,,"[648.23, 162.43, 3184]",Table,['Default']
167750,MainField,F-8,0xac487ffd9ae6e0c7,Enemy_Bokoblin_Middle,Surface36,Popla Foothills,0,,1,,,"[648.74, 162.89, 3190.11]",Table,['Default']
167756,MainField,F-8,0x61bcc4484339e6d8,Enemy_Bokoblin_Middle,Surface24,Popla Foothills,0,['Weapon_Bow_003'],1,,,"[144.82, 222.64, 3561.47]",Table,['Arrow']
167782,MainField,F-8,0xe2b165abb0500f07,Enemy_Bokoblin_Middle,Surface74,Popla Foothills,0,,1,,,"[79.39, 157.58, 3283.65]",Table,['Default']
167934,MainField,F-8,0xf1113239e1dabb93,Enemy_Bokoblin_Middle,Surface74,Popla Foothills,0,"['Weapon_Sword_108', 'BokoblinBasket_Item_Fruit_H']",1,,,"[530.4, 120.83, 3073.3]",Table,['Default']
167935,MainField,F-8,0x924a54f05be2a208,Enemy_Bokoblin_Middle,Surface49,Popla Foothills,0,"['Weapon_Sword_103', 'BokoblinBasket_Item_Fruit_H']",1,,,"[371.61, 118.04, 3051.45]",Table,['Default']
170210,MainField,G-1,0xec0a8430b199f6eb,Enemy_Bokoblin_Middle,Surface105,Eldin Canyon,0,"['Weapon_Sword_112', 'Weapon_Shield_002']",1,,,"[1926.38, 498.09, -3025.67]",Table,['Default']
170211,MainField,G-1,0x19a7943670187853,Enemy_Bokoblin_Middle,Surface105,Eldin Canyon,0,"['Weapon_Sword_106', 'Weapon_Shield_002']",1,,,"[1918.03, 498.71, -3017.12]",Table,['Default']
170212,MainField,G-1,0xb6f95055c008e50d,Enemy_Bokoblin_Middle,Surface105,Eldin Canyon,0,"['Weapon_Sword_106', 'Weapon_Shield_002']",1,,,"[1923.62, 498.38, -3022.84]",Table,['Default']
170213,MainField,G-1,0x3d49e199940d5cc0,Enemy_Bokoblin_Middle,Surface105,Eldin Canyon,0,"['Weapon_Sword_112', 'Weapon_Shield_035']",1,,,"[1920.82, 498.59, -3019.98]",Table,['Default']
170214,MainField,G-1,0xd5b559a03dd255ea,Enemy_Bokoblin_Middle,Surface105,Eldin Canyon,0,"['Weapon_Sword_112', 'Weapon_Shield_035', 'BokoblinBasket_Meat_02']",1,,,"[1906.86, 499.89, -3005.69]",Table,['Default']
170215,MainField,G-1,0x7bb6eba4c6696af6,Enemy_Bokoblin_Middle,Surface105,Eldin Canyon,0,"['Weapon_Sword_112', 'Weapon_Shield_035']",1,,,"[1912.45, 499.24, -3011.41]",Table,['Default']
170217,MainField,G-1,0x8b69f0bc95ac75d7,Enemy_Bokoblin_Middle,Surface105,Eldin Canyon,0,"['Weapon_Sword_112', 'Weapon_Shield_002', 'AsbObj_SharpRock_A_S_01']",1,,,"[1909.66, 499.55, -3008.54]",Table,['Default']
170218,MainField,G-1,0x61b55dc4c452e3d8,Enemy_Bokoblin_Middle,Surface105,Eldin Canyon,0,"['Weapon_Sword_112', 'Weapon_Shield_035']",1,,,"[1915.24, 498.94, -3014.26]",Table,['Default']
171814,MainField,G-2,0x948a26a3a7e332b1,Enemy_Bokoblin_Middle,Surface105,Eldin Canyon,0,"['Weapon_Lsword_136', 'RockBall']",0,,,"[1474.82, 508.72, -2616.78]",Table,['Default']
171819,MainField,G-2,0x5d0424e14e475bda,Enemy_Bokoblin_Middle,Surface105,Eldin Canyon,0,['Weapon_Sword_106'],0,,,"[1460.55, 504.61, -2614.9]",Table,['Default']
172531,MainField,G-2,0x4bba79132e1b4f25,Enemy_Bokoblin_Middle,Surface91,Eldin Canyon,0,"['Weapon_Spear_112', 'RockBall']",0,,,"[1371.41, 525.89, -2247.04]",Table,['Default']
172534,MainField,G-2,0x4bba791314f13348,Enemy_Bokoblin_Middle,Surface7,Eldin Canyon,1,"['Weapon_Sword_106', 'Weapon_Shield_002']",0,,,"[1346.03, 529.48, -2248.27]",Table,['Default']
172536,MainField,G-2,0x4bba7913fc70eca7,Enemy_Bokoblin_Middle,Surface91,Eldin Canyon,0,['Weapon_Spear_106'],0,,,"[1373.53, 525.56, -2236.1]",Table,['Default']
173564,MainField,G-2,0x75b344ad8e1e57ca,Enemy_Bokoblin_Middle,Surface7,Thyphlo Ruins,0,['Weapon_Sword_112'],0,,,"[1062.57, 371.49, -2095.64]",Table,['Default']
173566,MainField,G-2,0x350081e956101e01,Enemy_Bokoblin_Middle,Surface7,Thyphlo Ruins,0,['Weapon_Sword_106'],0,,,"[1074.18, 371.81, -2103.43]",Table,['Default']
174833,MainField,G-2,0x4c7a927c97570ec8,Enemy_Bokoblin_Middle,Surface67,Eldin Canyon,0,"['Weapon_Sword_106', 'Weapon_Shield_002', 'Obj_ArmorSpike_A']",1,,,"[1595.32, 509.6, -2673.79]",Table,['Default']
174900,MainField,G-2,0x994c7fc8e768dd6a,Enemy_Bokoblin_Middle,Surface67,Eldin Canyon,0,"['Weapon_Sword_112', 'Weapon_Shield_035', 'BokoblinBasket_Meat_02']",1,,,"[1751.72, 504.37, -2732.41]",Table,['Default']
174901,MainField,G-2,0xa6a3c88f71d8db98,Enemy_Bokoblin_Middle,Surface67,Eldin Canyon,0,"['Weapon_Sword_112', 'Weapon_Shield_035']",1,,,"[1749.06, 504.35, -2724.89]",Table,['Default']
174902,MainField,G-2,0xcece788d18d703d3,Enemy_Bokoblin_Middle,Surface67,Eldin Canyon,0,"['Weapon_Sword_112', 'Weapon_Shield_002', 'RockBall']",1,,,"[1750.39, 504.42, -2728.62]",Table,['Default']
174949,MainField,G-2,0x4eb02c1c792272a1,Enemy_Bokoblin_Middle,Surface7,Eldin Canyon,0,['Weapon_Sword_112'],1,,,"[1152.66, 452.39, -2507.91]",Table,['Default']
175135,MainField,G-2,0x7276601dd410b04e,Enemy_Bokoblin_Middle,Surface67,Eldin Canyon,0,"['Weapon_Sword_112', 'Weapon_Shield_002']",1,,,"[1673.46, 505.06, -2709.77]",Table,['Default']
175149,MainField,G-2,0xb4026055ce5223f2,Enemy_Bokoblin_Middle,Surface67,Eldin Canyon,1,['Weapon_Lsword_112'],1,,,"[1807.07, 504.72, -2813.38]",Table,['Default']
175223,MainField,G-2,0xaf9f07e72c9ffd15,Enemy_Bokoblin_Middle,Surface105,Eldin Canyon,0,['Weapon_Sword_106'],1,,,"[1256.7, 533.07, -2686.23]",Table,['Default']
175226,MainField,G-2,0x96efabd428404415,Enemy_Bokoblin_Middle,Surface105,Eldin Canyon,0,['Weapon_Sword_112'],1,,,"[1249.06, 532.75, -2681.13]",Table,['Default']
175229,MainField,G-2,0x05620706261206b5,Enemy_Bokoblin_Middle,Surface7,Eldin Canyon,0,['Weapon_Sword_106'],1,,,"[1140.91, 405.37, -2272.44]",Table,['Default']
175243,MainField,G-2,0x2d76ce9437a63934,Enemy_Bokoblin_Middle,Surface66,Eldin Canyon,0,"['Weapon_Sword_112', 'AsbObj_RockParts_C_L_01']",1,,,"[1657.73, 521.02, -2250.1]",Table,['Default']
175257,MainField,G-2,0xef8bb405244d389a,Enemy_Bokoblin_Middle,Surface66,Eldin Canyon,1,,1,,,"[1659.5, 511.78, -2191]",Table,['Default']
175262,MainField,G-2,0x3c2b4a47a7575c38,Enemy_Bokoblin_Middle,Surface105,Eldin Canyon,0,['Weapon_Sword_106'],1,,,"[2167.24, 634.54, -2288.84]",Table,['Default']
175274,MainField,G-2,0x27f0e3696b50a802,Enemy_Bokoblin_Middle,Surface66,Eldin Canyon,0,,1,,,"[1426.16, 395.52, -2037.64]",Table,['Default']
175391,MainField,G-2,0x5b39b4ef7685cce6,Enemy_Bokoblin_Middle,Surface105,Eldin Canyon,0,,1,,,"[1882.27, 506.65, -2481.45]",Table,['Default']
175393,MainField,G-2,0x03d944103f29c496,Enemy_Bokoblin_Middle,Surface105,Eldin Canyon,0,,1,,,"[1874.89, 506.14, -2491.93]",Table,['Default']
181290,MainField,G-3,0x9960061314178b04,Enemy_Bokoblin_Middle,Surface66,Eldin Canyon,0,['Weapon_Spear_103'],1,,,"[2006.94, 447.34, -1541.04]",Table,['Default']
181469,MainField,G-3,0x86194804f5fb59f7,Enemy_Bokoblin_Middle,Surface7,Eldin Canyon,1,"['Weapon_Sword_112', 'Weapon_Shield_002']",1,,,"[1484.13, 398.88, -1438.3]",Table,['Default']
181470,MainField,G-3,0x335a6df4416c5f18,Enemy_Bokoblin_Middle,Surface7,Eldin Canyon,1,"['Weapon_Sword_106', 'Weapon_Shield_035']",1,,,"[1477.04, 400.34, -1441.71]",Table,['Default']
181471,MainField,G-3,0xa72b67a020173021,Enemy_Bokoblin_Middle,Surface7,Eldin Canyon,1,"['Weapon_Sword_106', 'Weapon_Shield_002']",1,,,"[1480.6, 399.51, -1440.01]",Table,['Default']
181472,MainField,G-3,0x58c32f6227e4389a,Enemy_Bokoblin_Middle,Surface7,Eldin Canyon,1,"['Weapon_Sword_106', 'Weapon_Shield_035']",1,,,"[1487.68, 398.59, -1436.59]",Table,['Default']
181473,MainField,G-3,0xbe5f0dbb4eac5e58,Enemy_Bokoblin_Middle,Surface7,Eldin Canyon,1,"['Weapon_Sword_112', 'Weapon_Shield_035', 'BokoblinBasket_Meat_02']",1,,,"[1491.28, 397.4, -1434.88]",Table,['Default']
181491,MainField,G-3,0x8e1193c8459ec2ef,Enemy_Bokoblin_Middle,Surface7,Eldin Canyon,0,"['Weapon_Sword_112', 'Weapon_Shield_002']",1,,,"[1376.48, 322.73, -1258.56]",Table,['Default']
181493,MainField,G-3,0xec91efc233708bda,Enemy_Bokoblin_Middle,Surface7,Eldin Canyon,0,['Weapon_Sword_112'],1,,,"[1372.18, 322.54, -1265.99]",Table,['Default']
181605,MainField,G-3,0x30339186f6eeb948,Enemy_Bokoblin_Middle,Surface7,Eldin Canyon,0,['Weapon_Sword_112'],1,,,"[1165.24, 315.58, -1632.24]",Table,['Default']
181682,MainField,G-3,0x605aa6d0e33f969f,Enemy_Bokoblin_Middle,Surface7,Eldin Canyon,0,['Weapon_Bow_003'],1,,,"[1502.09, 284.79, -1193.98]",Table,['Arrow']
181683,MainField,G-3,0x7f9efdd1c4d38395,Enemy_Bokoblin_Middle,Surface7,Eldin Canyon,0,"['Weapon_Sword_106', 'Weapon_Shield_002', 'AsbObj_RockParts_C_L_01', 'Obj_ArmorSpike_A']",1,,,"[1493.47, 285.49, -1193]",Table,['Default']
181799,MainField,G-3,0x267cfa7dfd83e30b,Enemy_Bokoblin_Middle,Surface7,Eldin Canyon,0,,1,,,"[1801.01, 378.35, -1316.49]",Table,['Default']
181802,MainField,G-3,0xf885aadc7bb55bc7,Enemy_Bokoblin_Middle,Surface7,Eldin Canyon,0,,1,,,"[1807.5, 378.57, -1314.5]",Table,['Default']
181808,MainField,G-3,0xd10bbfd2364a301b,Enemy_Bokoblin_Middle,Surface7,Eldin Canyon,1,,1,,,"[1482.67, 457.65, -1601.3]",Table,['Default']
181810,MainField,G-3,0x8aae5ee5945936b7,Enemy_Bokoblin_Middle,Surface7,Eldin Canyon,0,,1,,,"[1484.21, 456.42, -1589.72]",Table,['Default']
181811,MainField,G-3,0x295b25ff06d32f56,Enemy_Bokoblin_Middle,Surface7,Eldin Canyon,0,,1,,,"[1477.19, 455.62, -1597.59]",Table,['Default']
181813,MainField,G-3,0x0f32ff48ddc1604f,Enemy_Bokoblin_Middle,Surface7,Eldin Canyon,0,,1,,,"[1478.13, 455.05, -1590.19]",Table,['Default']
181814,MainField,G-3,0x4f121d16d7e53cf0,Enemy_Bokoblin_Middle,Surface92,Eldin Canyon,0,['BokoblinBasket_FireFruit'],1,,,"[1563.23, 171.88, -1013.77]",Table,['Default']
181828,MainField,G-3,0x3ff1a858faf76640,Enemy_Bokoblin_Middle,Surface92,Eldin Canyon,1,,1,,,"[1342.55, 160.29, -1050.17]",Table,['Default']
181830,MainField,G-3,0x3ff1a8585252c14f,Enemy_Bokoblin_Middle,Surface92,Eldin Canyon,0,,1,,,"[1350.88, 160.59, -1044.14]",Table,['Default']
181831,MainField,G-3,0x3ff1a858435bd2dd,Enemy_Bokoblin_Middle,Surface92,Eldin Canyon,1,,1,,,"[1349.29, 162.25, -1053.34]",Table,['Default']
183131,MainField,G-4,0xb98bf8a323ef367d,Enemy_Bokoblin_Middle,Surface69,Sahasra Slope,0,['Weapon_Spear_103'],0,,,"[1539.07, 115.61, -205.4]",Table,['Default']
183132,MainField,G-4,0xb015921087046ff5,Enemy_Bokoblin_Middle,Surface69,Sahasra Slope,1,"['Weapon_Sword_103', 'AsbObj_RockParts_C_S_01']",0,,,"[1528.28, 115.61, -205.1]",Table,['Default']
183133,MainField,G-4,0x10e3568b01652854,Enemy_Bokoblin_Middle,Surface69,Sahasra Slope,0,['Weapon_Sword_108'],0,,,"[1541.55, 115.19, -185.04]",Table,['Default']
184042,MainField,G-4,0x8f7477e7c2f9fa55,Enemy_Bokoblin_Middle,Surface69,Sahasra Slope,0,"['Weapon_Spear_108', 'AsbObj_SharpRock_A_S_01']",0,,,"[1535.88, 120.11, -363.87]",Table,['Default']
184043,MainField,G-4,0x81f082175c5a163b,Enemy_Bokoblin_Middle,Surface69,Sahasra Slope,0,['Weapon_Lsword_108'],0,,,"[1531.13, 119.57, -359.58]",Table,['Default']
184044,MainField,G-4,0x2eb4847a12b809b0,Enemy_Bokoblin_Middle,Surface69,Sahasra Slope,1,['Weapon_Spear_108'],0,,,"[1508.69, 134.78, -379.1]",Table,['Default']
184218,MainField,G-4,0x5afba671bcc9ccf3,Enemy_Bokoblin_Middle,Surface41,Sahasra Slope,0,['Weapon_Lsword_108'],0,,,"[1193.52, 170.99, -108.67]",Table,['Default']
184219,MainField,G-4,0x5147f3c257d9c509,Enemy_Bokoblin_Middle,Surface41,Sahasra Slope,1,['Weapon_Bow_003'],0,,,"[1202.69, 160.82, -65.67]",Table,['Arrow']
184254,MainField,G-4,0xab782c59cc42c1be,Enemy_Bokoblin_Middle,Surface69,Sahasra Slope,0,['BokoblinBasket_FireFruit'],0,,,"[1855.5, 116.7, -113]",Table,['Default']
185426,MainField,G-4,0x38123c06e554389a,Enemy_Bokoblin_Middle,Surface41,Sahasra Slope,0,['Weapon_Sword_108'],1,,,"[1221.91, 211.35, -434.12]",Table,['Default']
185560,MainField,G-4,0xaccf495caab36ee1,Enemy_Bokoblin_Middle,Surface41,Sahasra Slope,0,['Weapon_Sword_103'],1,,,"[1052.04, 178.83, -575.76]",Table,['Default']
185561,MainField,G-4,0xae8b630ee6145c7c,Enemy_Bokoblin_Middle,Surface41,Sahasra Slope,0,['Weapon_Sword_108'],1,,,"[1047.34, 178.49, -572.22]",Table,['Default']
185643,MainField,G-4,0xbaaa0b65dcb999fa,Enemy_Bokoblin_Middle,Surface41,Sahasra Slope,0,"['Weapon_Sword_103', 'Weapon_Shield_005']",1,,,"[1024.88, 159.5, -702.01]",Table,['Default']
185644,MainField,G-4,0x91409ab86ac41ff5,Enemy_Bokoblin_Middle,Surface41,Sahasra Slope,0,['Weapon_Sword_108'],1,,,"[1030.63, 159.71, -701.43]",Table,['Default']
185656,MainField,G-4,0xae273a984150af32,Enemy_Bokoblin_Middle,Surface41,Sahasra Slope,0,"['Weapon_Sword_108', 'BokoblinBasket_Apple']",1,,,"[1316.09, 160.54, -425.23]",Table,['Default']
185664,MainField,G-4,0xb56a0804f2b0929e,Enemy_Bokoblin_Middle,Surface41,Sahasra Slope,0,['Weapon_Spear_103'],1,,,"[1185.39, 239.22, -310.85]",Table,['Default']
185665,MainField,G-4,0x129b85b580e3b007,Enemy_Bokoblin_Middle,Surface41,Sahasra Slope,1,['Weapon_Sword_108'],1,,,"[1178.78, 241.42, -303.81]",Table,['Default']
185679,MainField,G-4,0xbb2861143234bb4c,Enemy_Bokoblin_Middle,Surface69,Sahasra Slope,0,"['Weapon_Sword_112', 'Weapon_Shield_002']",1,,,"[1732.3, 118.16, -99.89]",Table,['Default']
185681,MainField,G-4,0xe6f99231a3450126,Enemy_Bokoblin_Middle,Surface69,Sahasra Slope,0,['Weapon_Spear_103'],1,,,"[1728.51, 118.16, -88.63]",Table,['Default']
185686,MainField,G-4,0x3b6df4a35c837166,Enemy_Bokoblin_Middle,Surface41,Sahasra Slope,0,"['Weapon_Sword_108', 'Weapon_Shield_005']",1,,,"[1189.71, 127.83, -660.67]",Table,['Default']
185697,MainField,G-4,0x04e50064e2513fc0,Enemy_Bokoblin_Middle,Surface69,Sahasra Slope,1,['BokoblinBasket_Meat_01'],1,,,"[1981.5, 119.15, -119]",Table,['Default']
185750,MainField,G-4,0xafd4b710b9d3c4c8,Enemy_Bokoblin_Middle,Surface41,Sahasra Slope,1,['Weapon_Sword_108'],1,,,"[1036.98, 121.37, -961.27]",Table,['Default']
189033,MainField,G-5,0x5676ce7212844397,Enemy_Bokoblin_Middle,Surface69,Sahasra Slope,1,['Weapon_Lsword_108'],1,,,"[1736.32, 117.38, 82.41]",Table,['Default']
189364,MainField,G-5,0x0999e44f2ecaaea2,Enemy_Bokoblin_Middle,Surface19,Sahasra Slope,1,,1,,,"[1923.64, 287.13, 731.81]",Table,['Default']
189366,MainField,G-5,0x0999e44f87b713d5,Enemy_Bokoblin_Middle,Surface19,Sahasra Slope,0,,1,,,"[1913.95, 287.59, 734.77]",Table,['Default']
189435,MainField,G-5,0x62bf77a340aecad4,Enemy_Bokoblin_Middle,Surface65,Sahasra Slope,1,,1,,,"[1040.44, 141.98, 647.79]",Table,['Default']
194071,MainField,G-6,0xcea7c51490cf6ab0,Enemy_Bokoblin_Middle,Surface19,Sahasra Slope,1,"['Weapon_Sword_112', 'Weapon_Shield_002', 'DgnObj_SpikeBall_A']",1,,,"[1651.5, 320.47, 1176.78]",Table,['Default']
194225,MainField,G-6,0xd7dd79e16be4a1a4,Enemy_Bokoblin_Middle,Surface19,Sahasra Slope,0,['Weapon_Spear_108'],1,,,"[1647.66, 320.39, 1171.56]",Table,['Default']
194227,MainField,G-6,0xe38d61db8a5addba,Enemy_Bokoblin_Middle,Surface19,Sahasra Slope,0,['Weapon_Bow_003'],1,,,"[1645.28, 321.18, 1181.58]",Table,['Arrow']
198358,MainField,G-7,0x1531747cea402676,Enemy_Bokoblin_Middle,Surface49,Popla Foothills,0,['Weapon_Sword_108'],1,,,"[1519.27, 282.2, 2294.34]",Table,['Default']
198361,MainField,G-7,0x2cdd014ba31919c0,Enemy_Bokoblin_Middle,Surface49,Popla Foothills,0,"['Weapon_Sword_103', 'AsbObj_RockParts_C_S_01']",1,,,"[1526.16, 281.76, 2294.26]",Table,['Default']
198363,MainField,G-7,0xb9de701b7bd9242a,Enemy_Bokoblin_Middle,Surface49,Rabella Wetlands,0,,1,,,"[1833.93, 132.48, 2311.81]",Table,['Default']
198364,MainField,G-7,0x93d7b4f2eab98621,Enemy_Bokoblin_Middle,Surface49,Rabella Wetlands,0,,1,,,"[1831.68, 132.25, 2304.48]",Table,['Default']
204116,MainField,G-8,0xb74032d6cf397ab3,Enemy_Bokoblin_Middle,Surface36,Popla Foothills,0,"['Weapon_Sword_108', 'Weapon_Shield_005']",1,,,"[1024.38, 127.13, 3499]",Table,['Default']
206457,MainField,H-1,0xe907809ae94001f0,Enemy_Bokoblin_Middle,Surface105,Eldin Canyon,1,"['Weapon_Spear_106', 'Item_Mushroom_C']",0,,,"[2221.7, 659.3, -2925.25]",Table,['Default']
206459,MainField,H-1,0x433e171b780f6e08,Enemy_Bokoblin_Middle,Surface105,Eldin Canyon,0,['Weapon_Spear_112'],0,,,"[2224.39, 659.3, -2936.57]",Table,['Default']
206460,MainField,H-1,0xca9202b9c2fb4b5f,Enemy_Bokoblin_Middle,Surface105,Eldin Canyon,0,['Weapon_Lsword_112'],0,,,"[2245.21, 663.16, -2926.95]",Table,['Default']
207235,MainField,H-1,0x1fe02ddbe8a21663,Enemy_Bokoblin_Middle,Surface7,Eldin Canyon,0,['Weapon_Spear_106'],1,,,"[2768.31, 343.88, -3600.04]",Table,['Default']
207238,MainField,H-1,0xdc9150b894f59f67,Enemy_Bokoblin_Middle,Surface7,Eldin Canyon,0,['Weapon_Sword_106'],1,,,"[2759.8, 343.83, -3606.21]",Table,['Default']
207244,MainField,H-1,0x6581050ff9478d6a,Enemy_Bokoblin_Middle,Surface7,Eldin Canyon,1,,1,,,"[2910.73, 343.63, -3565.29]",Table,['Default']
207245,MainField,H-1,0x8641ab9ea0450703,Enemy_Bokoblin_Middle,Surface7,Eldin Canyon,0,,1,,,"[2920.55, 343.55, -3566.5]",Table,['Default']
207249,MainField,H-1,0x509dbbbfa0d81cf5,Enemy_Bokoblin_Middle,Surface7,Eldin Canyon,0,['Weapon_Sword_106'],1,,,"[2886.78, 344.51, -3461.84]",Table,['Default']
208495,MainField,H-2,0x3b60b47265829f9b,Enemy_Bokoblin_Middle,Surface44,Eldin Canyon,1,['Weapon_Lsword_106'],0,,,"[2656.1, 792.88, -2434.08]",Table,['Default']
208496,MainField,H-2,0x5f1aff82a040ca72,Enemy_Bokoblin_Middle,Surface44,Eldin Canyon,0,['Weapon_Lsword_106'],0,,,"[2688.06, 792.52, -2432.26]",Table,['Default']
209892,MainField,H-2,0xc418619aed4f7bd0,Enemy_Bokoblin_Middle,Surface44,Eldin Canyon,0,"['Weapon_Sword_112', 'Weapon_Shield_002', 'AsbObj_SharpRock_A_S_01']",0,,,"[2493.92, 667.14, -2268.51]",Table,['Default']
210470,MainField,H-2,0x18af2d094ecba6f4,Enemy_Bokoblin_Middle,Surface66,Eldin Canyon,0,['Weapon_Bow_003'],1,,,"[2912.25, 635.22, -2481.36]",Table,['Arrow']
210479,MainField,H-2,0x9db499d8395ad2c8,Enemy_Bokoblin_Middle,Surface66,Eldin Canyon,0,"['Weapon_Sword_112', 'Weapon_Shield_035', 'RockBall']",1,,,"[2107.67, 534.94, -2159.76]",Table,['Default']
210480,MainField,H-2,0x2f139815fb9a16b8,Enemy_Bokoblin_Middle,Surface66,Eldin Canyon,1,"['Weapon_Sword_106', 'Weapon_Shield_035', 'RockBall']",1,,,"[2110.35, 535.23, -2152.23]",Table,['Default']
210481,MainField,H-2,0xab14941928f7e347,Enemy_Bokoblin_Middle,Surface66,Eldin Canyon,0,"['Weapon_Sword_106', 'Weapon_Shield_002']",1,,,"[2109, 535.31, -2156]",Table,['Default']
210482,MainField,H-2,0xaf11fbf4affd6a9c,Enemy_Bokoblin_Middle,Surface66,Eldin Canyon,0,"['Weapon_Sword_112', 'Weapon_Shield_035']",1,,,"[2106.36, 534.69, -2163.39]",Table,['Default']
210483,MainField,H-2,0x3ab9b039f7599da9,Enemy_Bokoblin_Middle,Surface66,Eldin Canyon,0,"['Weapon_Sword_106', 'Weapon_Shield_002', 'RockBall']",1,,,"[2105.01, 535.31, -2167.24]",Table,['Default']
210484,MainField,H-2,0x966e684376704cfb,Enemy_Bokoblin_Middle,Surface66,Eldin Canyon,0,"['Weapon_Sword_106', 'Weapon_Shield_002', 'Item_Mushroom_C']",1,,,"[2103.78, 535.17, -2170.96]",Table,['Default']
210576,MainField,H-2,0x3b956205d7a12468,Enemy_Bokoblin_Middle,Surface105,Eldin Canyon,0,['Weapon_Lsword_112'],1,,,"[2125.68, 626.94, -2577.45]",Table,['Default']
210577,MainField,H-2,0x6b7b5cf9ce202921,Enemy_Bokoblin_Middle,Surface105,Eldin Canyon,0,['Weapon_Sword_106'],1,,,"[2125.75, 626.1, -2585.96]",Table,['Default']
210683,MainField,H-2,0x0eb8bbcb4a31083a,Enemy_Bokoblin_Middle,Surface66,Eldin Canyon,0,"['Weapon_Sword_112', 'Weapon_Shield_002']",1,,,"[2840, 629.73, -2331.93]",Table,['Default']
210711,MainField,H-2,0x431c1b0c7692ad40,Enemy_Bokoblin_Middle,Surface66,Eldin Canyon,0,['Weapon_Bow_003'],1,,,"[2536.18, 633.31, -2226.07]",Table,['Arrow']
210729,MainField,H-2,0xebd26c9813840895,Enemy_Bokoblin_Middle,Surface44,Eldin Canyon,0,,1,,,"[2604.01, 634.5, -2918.6]",Table,['Default']
210734,MainField,H-2,0x65084803f0b17a04,Enemy_Bokoblin_Middle,Surface44,Eldin Canyon,0,,1,,,"[2598.8, 634.68, -2926.28]",Table,['Default']
210737,MainField,H-2,0x4bc0178dee49d404,Enemy_Bokoblin_Middle,Surface66,Eldin Canyon,0,['Weapon_Bow_003'],1,,,"[2780.82, 628.25, -2967.47]",Table,['Arrow']
210741,MainField,H-2,0xc7906ed29a3155ea,Enemy_Bokoblin_Middle,Surface66,Eldin Canyon,1,['Weapon_Sword_106'],1,,,"[2783.49, 628.62, -2957.57]",Table,['Default']
210756,MainField,H-2,0xbb0edf0d17c80aec,Enemy_Bokoblin_Middle,Surface105,Eldin Canyon,0,,1,,,"[2113.16, 647.08, -2490.37]",Table,['Default']
210766,MainField,H-2,0xf39ad80764fbdae7,Enemy_Bokoblin_Middle,Surface66,Eldin Canyon,0,,1,,,"[2955.48, 625.66, -2568.93]",Table,['Default']
210771,MainField,H-2,0x6f3fe7c52487eb4b,Enemy_Bokoblin_Middle,Surface66,Eldin Canyon,0,['Weapon_Sword_106'],1,,,"[2960.84, 625.72, -2562.18]",Table,['Default']
210774,MainField,H-2,0x4d9948c3ec91c107,Enemy_Bokoblin_Middle,Surface66,Eldin Canyon,0,['BokoblinBasket_Meat_02'],1,,,"[2363.14, 631.54, -2157.09]",Table,['Default']
210778,MainField,H-2,0xf364c57bce7c090f,Enemy_Bokoblin_Middle,Surface66,Eldin Canyon,1,['Weapon_Sword_112'],1,,,"[2355.31, 632.56, -2165.47]",Table,['Default']
210788,MainField,H-2,0x939571ff10b63a23,Enemy_Bokoblin_Middle,Surface66,Eldin Canyon,0,,1,,,"[2699.11, 627.3, -2218.01]",Table,['Default']
212929,MainField,H-3,0x048de4573cc98d56,Enemy_Bokoblin_Middle,Surface7,Eldin Canyon,0,['Weapon_Spear_112'],0,,,"[2450.71, 257.08, -1617.62]",Table,['Default']
214277,MainField,H-3,0xedc46092ea658f28,Enemy_Bokoblin_Middle,Surface7,Eldin Canyon,1,"['Weapon_Sword_112', 'BokoblinBasket_Meat_02']",1,,,"[2466.21, 262.35, -1625.61]",Table,['Default']
214282,MainField,H-3,0x093dba6a4fa3cc99,Enemy_Bokoblin_Middle,Surface7,Eldin Canyon,1,['Weapon_Spear_112'],1,,,"[2342.81, 304.08, -1227.78]",Table,['Default']
214283,MainField,H-3,0xda79d56b53f57a48,Enemy_Bokoblin_Middle,Surface7,Eldin Canyon,0,['Weapon_Sword_106'],1,,,"[2339.58, 304.44, -1220.98]",Table,['Default']
215393,MainField,H-4,0x649f5e55491e23fb,Enemy_Bokoblin_Middle,Surface69,Upland Zorana,0,['Weapon_Sword_112'],0,,,"[2282.13, 191.29, -37.06]",Table,['Default']
217568,MainField,H-4,0xa0d59344852afab2,Enemy_Bokoblin_Middle,Surface69,Upland Zorana,0,"['Weapon_Lsword_103', 'AsbObj_RockParts_C_S_01']",0,,,"[2185.94, 171, -121.78]",Table,['Default']
218912,MainField,H-4,0x7fbcb222d86d2b01,Enemy_Bokoblin_Middle,Surface69,Upland Zorana,1,['Weapon_Spear_112'],1,,,"[2264.09, 182.13, -35.88]",Table,['Default']
218916,MainField,H-4,0xaaf910eb54174c4a,Enemy_Bokoblin_Middle,Surface69,Sahasra Slope,0,['Weapon_Sword_108'],1,,,"[2065.68, 115.26, 42.63]",Table,['Default']
218921,MainField,H-4,0xe37ffb2d7e7d373b,Enemy_Bokoblin_Middle,Surface69,Upland Zorana,0,"['Weapon_Bow_003', 'IceFruit', 'BokoblinBasket_IceFruit']",1,,,"[2242.63, 189.1, -44.84]",Table,['Ice']
219236,MainField,H-4,0x5f600ba39a8be451,Enemy_Bokoblin_Middle,Surface84,Upland Zorana,0,"['Weapon_Sword_108', 'Weapon_Shield_005']",1,,,"[2291.2, 204.74, -375.94]",Table,['Default']
219237,MainField,H-4,0x8c9d268452b87f88,Enemy_Bokoblin_Middle,Surface84,Upland Zorana,0,"['Weapon_Sword_103', 'Weapon_Shield_004']",1,,,"[2287.19, 205.47, -382.86]",Table,['Default']
219238,MainField,H-4,0xf9704bc54795e8c3,Enemy_Bokoblin_Middle,Surface84,Upland Zorana,0,"['Weapon_Sword_108', 'Weapon_Shield_005']",1,,,"[2289.19, 205.12, -379.4]",Table,['Default']
219239,MainField,H-4,0xee17031423a5d09a,Enemy_Bokoblin_Middle,Surface84,Upland Zorana,0,"['Weapon_Sword_103', 'Weapon_Shield_004', 'AsbObj_RockParts_C_S_01']",1,,,"[2293.2, 204.55, -372.48]",Table,['Default']
219240,MainField,H-4,0x92b93132fdbe046f,Enemy_Bokoblin_Middle,Surface84,Upland Zorana,0,"['Weapon_Sword_103', 'Weapon_Shield_005', 'BokoblinBasket_Meat_02']",1,,,"[2295.2, 204.42, -369.02]",Table,['Default']
219484,MainField,H-4,0x87507d0b927e05e4,Enemy_Bokoblin_Middle,Surface92,Eldin Canyon,0,['Weapon_Lsword_106'],1,,,"[2596.43, 223.08, -1003.73]",Table,['Default']
219485,MainField,H-4,0x20136d29283b5e10,Enemy_Bokoblin_Middle,Surface92,Eldin Canyon,0,['Weapon_Sword_106'],1,,,"[2597.12, 223.65, -997.91]",Table,['Default']
219490,MainField,H-4,0x5172641a0954df3a,Enemy_Bokoblin_Middle,Surface7,Eldin Canyon,0,"['Weapon_Sword_106', 'Weapon_Shield_002']",1,,,"[2011.93, 207.84, -779.56]",Table,['Default']
219491,MainField,H-4,0x5d48a3cdec0e04cb,Enemy_Bokoblin_Middle,Surface7,Eldin Canyon,0,['Weapon_Sword_112'],1,,,"[2018.51, 207.46, -777.58]",Table,['Default']
219501,MainField,H-4,0xbf27b2e5b197d83e,Enemy_Bokoblin_Middle,Surface92,Upland Zorana,0,['Weapon_Sword_112'],1,,,"[2138.14, 132.75, -432.55]",Table,['Default']
219693,MainField,H-4,0xcf68f6f663e5b8db,Enemy_Bokoblin_Middle,Surface7,Eldin Canyon,0,"['Weapon_Bow_003', 'BokoblinBasket_FireFruit']",1,,,"[2628.56, 266.41, -895.68]",Table,['Arrow']
222672,MainField,H-5,0x4b26364c6fe174ac,Enemy_Bokoblin_Middle,Surface19,Sahasra Slope,0,"['Weapon_Sword_108', 'BokoblinBasket_Apple']",0,,,"[2046.67, 267.87, 864.39]",Table,['Default']
224006,MainField,H-5,0xc346830a9d7d1f77,Enemy_Bokoblin_Middle,Surface84,Upland Zorana,0,"['Weapon_Sword_103', 'Weapon_Shield_005']",1,,,"[2812.65, 186.17, 48.1]",Table,['Default']
224070,MainField,H-5,0xa84553bd65af70a3,Enemy_Bokoblin_Middle,Surface11,Sahasra Slope,0,,1,,,"[2502.67, 311.7, 821.47]",Table,['Default']
224072,MainField,H-5,0x7b2fe9d0c9fe4faf,Enemy_Bokoblin_Middle,Surface11,Sahasra Slope,0,,1,,,"[2494.06, 310.23, 811.94]",Table,['Default']
224074,MainField,H-5,0x9fe3ee1c9054fc8c,Enemy_Bokoblin_Middle,Surface11,Sahasra Slope,0,['Weapon_Sword_108'],1,,,"[2491.81, 310.25, 815.11]",Table,['Default']
224117,MainField,H-5,0x1f2a9b9f75d3c131,Enemy_Bokoblin_Middle,Surface11,Sahasra Slope,0,"['Weapon_Sword_108', 'Weapon_Shield_005', 'BokoblinBasket_Meat_02']",1,,,"[2874.62, 359.06, 963.85]",Table,['Default']
224118,MainField,H-5,0x3d99aae4efa15741,Enemy_Bokoblin_Middle,Surface11,Sahasra Slope,0,"['Weapon_Sword_103', 'Weapon_Shield_005', 'Item_Mushroom_E']",1,,,"[2882.43, 357.62, 962.84]",Table,['Default']
224119,MainField,H-5,0x27289ee66b72b789,Enemy_Bokoblin_Middle,Surface11,Sahasra Slope,0,"['Weapon_Sword_103', 'Weapon_Shield_005']",1,,,"[2878.58, 358.48, 963.34]",Table,['Default']
226219,MainField,H-6,0xd70a094dc5154192,Enemy_Bokoblin_Middle,Surface13,Sahasra Slope,0,"['Weapon_Sword_103', 'BokoblinBasket_Meat_02']",0,,,"[2448.28, 186.36, 1864.29]",Table,['Default']
227613,MainField,H-6,0x8a8ef85669ba7439,Enemy_Bokoblin_Middle,Surface13,Mount Lanayru,1,,1,,,"[2522.44, 116.84, 1812.69]",Table,['Default']
227615,MainField,H-6,0x8a8ef856b6dc10c2,Enemy_Bokoblin_Middle,Surface13,Mount Lanayru,0,,1,,,"[2526.24, 117.11, 1822.09]",Table,['Default']
227639,MainField,H-6,0x2ca6cc1673fec591,Enemy_Bokoblin_Middle,Surface86,Sahasra Slope,0,['Weapon_Sword_108'],1,,,"[2469.57, 208.24, 990.06]",Table,['Default']
227716,MainField,H-6,0xab5358200b28829b,Enemy_Bokoblin_Middle,Surface13,Sahasra Slope,0,,1,,,"[2372.44, 263.45, 1325.05]",Table,['Default']
227718,MainField,H-6,0xab535820b4972790,Enemy_Bokoblin_Middle,Surface13,Sahasra Slope,1,,1,,,"[2362.78, 261.99, 1328.01]",Table,['Default']
227728,MainField,H-6,0xc32c3d1604766cc2,Enemy_Bokoblin_Middle,Surface13,Sahasra Slope,0,"['Weapon_Sword_103', 'Weapon_Shield_005']",1,,,"[2218.19, 380.6, 1025.53]",Table,['Default']
227731,MainField,H-6,0xfaefda0347a1b063,Enemy_Bokoblin_Middle,Surface13,Sahasra Slope,0,"['Weapon_Sword_108', 'Weapon_Shield_005']",1,,,"[2220.23, 380.75, 1029.45]",Table,['Default']
227732,MainField,H-6,0x5212f107d2ce4596,Enemy_Bokoblin_Middle,Surface13,Sahasra Slope,0,"['Weapon_Sword_108', 'Weapon_Shield_005']",1,,,"[2213.71, 380.62, 1023.16]",Table,['Default']
227734,MainField,H-6,0x43d58e386dcba041,Enemy_Bokoblin_Middle,Surface13,Sahasra Slope,0,"['Weapon_Sword_108', 'Weapon_Shield_005']",1,,,"[2218.99, 381.1, 1033.53]",Table,['Default']
227829,MainField,H-6,0x0f3b66556451f69f,Enemy_Bokoblin_Middle,Surface1,Sahasra Slope,0,['Weapon_Sword_108'],1,,,"[2298.08, 117.42, 1854.16]",Table,['Default']
227831,MainField,H-6,0x48d9edd19a3f3de8,Enemy_Bokoblin_Middle,Surface1,Sahasra Slope,1,['Weapon_Spear_106'],1,,,"[2308.64, 116.94, 1835.38]",Table,['Default']
227833,MainField,H-6,0x9241dcfa77f8cff8,Enemy_Bokoblin_Middle,Surface1,Sahasra Slope,0,['Weapon_Bow_003'],1,,,"[2297.35, 117.34, 1849.42]",Table,['Arrow']
227834,MainField,H-6,0xad78e979d039a349,Enemy_Bokoblin_Middle,Surface1,Sahasra Slope,0,['Weapon_Bow_003'],1,,,"[2301.71, 117.37, 1826.23]",Table,['Arrow']
227894,MainField,H-6,0x72e36e31cfb59133,Enemy_Bokoblin_Middle,Surface13,Mount Lanayru,0,"['Weapon_Sword_103', 'BokoblinBasket_Apple']",1,,,"[2929.38, 154.76, 1785.04]",Table,['Default']
227899,MainField,H-6,0xe8edf234bb8fd924,Enemy_Bokoblin_Middle,Surface13,Sahasra Slope,0,['Weapon_Sword_103'],1,,,"[2392.78, 207.59, 1562.2]",Table,['Default']
227912,MainField,H-6,0xd75b2b011ef2c8dc,Enemy_Bokoblin_Middle,Surface13,Mount Lanayru,0,['Weapon_Bow_003'],1,,,"[2670.9, 185.72, 1927.73]",Table,['Arrow']
227914,MainField,H-6,0xc0e330f2530789d5,Enemy_Bokoblin_Middle,Surface13,Mount Lanayru,0,['Weapon_Sword_103'],1,,,"[2666.54, 185.09, 1932.17]",Table,['Default']
228042,MainField,H-6,0x78d4c09adb541730,Enemy_Bokoblin_Middle,Surface13,Mount Lanayru,0,,1,,,"[2748.19, 143.93, 1778]",Table,['Default']
228045,MainField,H-6,0x5042ff7aac8cd5ce,Enemy_Bokoblin_Middle,Surface13,Mount Lanayru,0,,1,,,"[2837.25, 367.97, 1495]",Table,['Default']
228050,MainField,H-6,0xe47646dca7e48cab,Enemy_Bokoblin_Middle,Surface13,Sahasra Slope,0,"['Weapon_Sword_112', 'Weapon_Shield_002']",1,,,"[2475.07, 322.7, 1340.15]",Table,['Default']
228051,MainField,H-6,0x503f578c9f5e2417,Enemy_Bokoblin_Middle,Surface13,Sahasra Slope,0,"['Weapon_Sword_112', 'Weapon_Shield_002', 'BeeHome']",1,,,"[2479.99, 323.01, 1333.97]",Table,['Default']
228052,MainField,H-6,0x0551315097d51715,Enemy_Bokoblin_Middle,Surface13,Sahasra Slope,0,"['Weapon_Sword_106', 'Weapon_Shield_002', 'AsbObj_RockParts_C_S_01']",1,,,"[2477.52, 322.97, 1337.06]",Table,['Default']
228053,MainField,H-6,0xba1652b2f5c68dce,Enemy_Bokoblin_Middle,Surface13,Sahasra Slope,0,"['Weapon_Sword_112', 'Weapon_Shield_035']",1,,,"[2472.62, 322.31, 1343.24]",Table,['Default']
228054,MainField,H-6,0x1105081d7a5c64a4,Enemy_Bokoblin_Middle,Surface13,Sahasra Slope,1,"['Weapon_Sword_112', 'Weapon_Shield_035', 'AsbObj_RockParts_C_S_01', 'BokoblinBasket_Meat_02']",1,,,"[2470.16, 322.02, 1346.32]",Table,['Default']
232711,MainField,H-7,0x9499c3618ed6ff3a,Enemy_Bokoblin_Middle,Surface13,Rabella Wetlands,1,"['Weapon_Sword_108', 'Weapon_Shield_005', 'BokoblinBasket_Meat_02']",1,,,"[2775.99, 208.46, 2266.48]",Table,['Default']
232729,MainField,H-7,0x76126518e5e27897,Enemy_Bokoblin_Middle,Surface13,Rabella Wetlands,0,['Weapon_Bow_003'],1,,,"[2758.38, 208.38, 2246.12]",Table,['Arrow']
232732,MainField,H-7,0x5bf0c9a88704ae2c,Enemy_Bokoblin_Middle,Surface13,Rabella Wetlands,0,"['Weapon_Sword_112', 'Weapon_Shield_002']",1,,,"[2759.98, 208.37, 2241.28]",Table,['Default']
232733,MainField,H-7,0xecbdef0b0997c559,Enemy_Bokoblin_Middle,Surface13,Rabella Wetlands,0,['Weapon_Lsword_108'],1,,,"[2764.57, 208.44, 2239.36]",Table,['Default']
232804,MainField,H-7,0x4bf1309717b893e6,Enemy_Bokoblin_Middle,Surface13,Rabella Wetlands,0,"['Weapon_Sword_108', 'Weapon_Shield_005']",1,,,"[2616.22, 226.66, 2168.9]",Table,['Default']
232848,MainField,H-7,0x8d90fdd1185dee22,Enemy_Bokoblin_Middle,Surface13,Rabella Wetlands,0,"['Weapon_Sword_103', 'BeeHome', 'BokoblinBasket_Meat_02']",1,,,"[2698.94, 223.51, 2366.96]",Table,['Default']
232867,MainField,H-7,0xa5c21a1f54100baf,Enemy_Bokoblin_Middle,Surface13,Mount Lanayru,0,"['Weapon_Sword_108', 'BokoblinBasket_Apple']",1,,,"[2954.5, 179.42, 2267.24]",Table,['Default']
239028,MainField,I-1,0x217dc9932bfe53e0,Enemy_Bokoblin_Middle,Surface7,Eldin Canyon,0,"['Weapon_Sword_106', 'AsbObj_RockParts_C_S_01', 'bokoblinBasket_Ore_G']",0,,,"[3014.31, 306.03, -3464.94]",Table,['Default']
241425,MainField,I-2,0x8b94ef8049ff9a30,Enemy_Bokoblin_Middle,Surface7,Ulri Mountain,1,['Weapon_Spear_112'],0,,,"[3296.88, 384.13, -2797.85]",Table,['Default']
241428,MainField,I-2,0xf8a1781390ca6273,Enemy_Bokoblin_Middle,Surface7,Ulri Mountain,0,"['Weapon_Sword_112', 'Weapon_Shield_002']",0,,,"[3316.32, 387.99, -2809.06]",Table,['Default']
243531,MainField,I-2,0xe5593c47a23510e8,Enemy_Bokoblin_Middle,Surface2,Ulri Mountain,0,['Weapon_Sword_108'],1,,,"[3989.56, 165, -2399.06]",Table,['Default']
243535,MainField,I-2,0xef543df97b12d753,Enemy_Bokoblin_Middle,Surface2,Ulri Mountain,0,"['Weapon_Sword_108', 'Weapon_Shield_005']",1,,,"[3635.5, 227.98, -2224.54]",Table,['Default']
243536,MainField,I-2,0x53401f60fd344298,Enemy_Bokoblin_Middle,Surface2,Ulri Mountain,0,"['Weapon_Sword_108', 'Weapon_Shield_004', 'AsbObj_RockParts_C_S_01']",1,,,"[3636.76, 226.05, -2232.18]",Table,['Default']
243537,MainField,I-2,0x892575ab5f05a9c1,Enemy_Bokoblin_Middle,Surface2,Ulri Mountain,0,"['Weapon_Sword_103', 'Weapon_Shield_005']",1,,,"[3636.12, 226.98, -2228.34]",Table,['Default']
243538,MainField,I-2,0xbdccd8707b36819a,Enemy_Bokoblin_Middle,Surface2,Ulri Mountain,0,"['Weapon_Sword_103', 'Weapon_Shield_004']",1,,,"[3634.85, 229.05, -2220.69]",Table,['Default']
243539,MainField,I-2,0x22f67bdea1bfd758,Enemy_Bokoblin_Middle,Surface2,Ulri Mountain,0,"['Weapon_Sword_103', 'Weapon_Shield_004', 'BokoblinBasket_Meat_02']",1,,,"[3634.22, 230, -2216.87]",Table,['Default']
243807,MainField,I-2,0xbdcbb4a7c66fdf0b,Enemy_Bokoblin_Middle,Surface2,Ulri Mountain,0,,1,,,"[3926.78, 156.63, -2624.69]",Table,['Default']
243808,MainField,I-2,0x909c04ec4cb415bd,Enemy_Bokoblin_Middle,Surface2,Ulri Mountain,0,['Weapon_Bow_003'],1,,,"[3926.75, 157.07, -2629.1]",Table,['Arrow']
243820,MainField,I-2,0x1ebefb0b7adf5f85,Enemy_Bokoblin_Middle,Surface2,Ulri Mountain,1,,1,,,"[3480.34, 214.74, -2625.69]",Table,['Default']
243821,MainField,I-2,0xe9a8db9ef6b21ed1,Enemy_Bokoblin_Middle,Surface2,Ulri Mountain,0,,1,,,"[3489.27, 213.88, -2626.14]",Table,['Default']
243829,MainField,I-2,0xce73f66f6fdfb3cb,Enemy_Bokoblin_Middle,Surface2,Ulri Mountain,0,['Weapon_Sword_103'],1,,,"[3679.81, 179.11, -2396.88]",Table,['Default']
243830,MainField,I-2,0xd1fc1badbcf21f4d,Enemy_Bokoblin_Middle,Surface2,Ulri Mountain,0,['Weapon_Sword_103'],1,,,"[3392.1, 235.63, -2426.11]",Table,['Default']
243832,MainField,I-2,0xb2a86c7bc5028e8b,Enemy_Bokoblin_Middle,Surface2,Ulri Mountain,0,"['Weapon_Lsword_108', 'AsbObj_RockParts_C_S_01']",1,,,"[3383.11, 235.2, -2424.73]",Table,['Default']
243839,MainField,I-2,0x8ed4b168ccbaf456,Enemy_Bokoblin_Middle,Surface2,Ulri Mountain,0,"['Weapon_Bow_003', 'ElectricalFruit', 'BokoblinBasket_ElectricalFruit']",1,,,"[3792.23, 222.95, -2021.07]",Table,['Thunder']
243842,MainField,I-2,0xdd5563c3d3987639,Enemy_Bokoblin_Middle,Surface7,Eldin Canyon,0,['Weapon_Bow_003'],1,,,"[3153.48, 446.67, -2831.94]",Table,['Arrow']
247429,MainField,I-3,0x52a750114a5a6161,Enemy_Bokoblin_Middle,Surface2,Eldin Canyon,0,,1,,,"[3000.89, 386.96, -1224.9]",Table,['Default']
247442,MainField,I-3,0x8053af51d1136e50,Enemy_Bokoblin_Middle,Surface2,Eldin Canyon,1,['Weapon_Sword_103'],1,,,"[3006.48, 386.96, -1250.29]",Table,['Default']
247443,MainField,I-3,0x024d1f0a278c7200,Enemy_Bokoblin_Middle,Surface2,Eldin Canyon,0,,1,,,"[3016.18, 386.96, -1223.99]",Table,['Default']
247579,MainField,I-3,0xd2f363f476dcfb28,Enemy_Bokoblin_Middle,Surface2,Ulri Mountain,0,['Weapon_Spear_103'],1,,,"[3411.09, 272.93, -1984.94]",Table,['Default']
248054,MainField,I-3,0xb705b48fc0bbfdd9,Enemy_Bokoblin_Middle,Surface2,Upland Zorana,1,"['Weapon_Bow_003', 'FireFruit', 'BokoblinBasket_FireFruit']",1,,,"[3220.34, 323.05, -1212.72]",Table,['Fire']
248055,MainField,I-3,0x414402a8404b0a36,Enemy_Bokoblin_Middle,Surface2,Upland Zorana,0,['Weapon_Sword_103'],1,,,"[3219.41, 323.04, -1201.19]",Table,['Default']
248075,MainField,I-3,0xa5f3bd20ffe21b4f,Enemy_Bokoblin_Middle,Surface2,Upland Zorana,0,['Weapon_Sword_108'],1,,,"[3458.8, 329.54, -1224.51]",Table,['Default']
253110,MainField,I-4,0xf79a97854b41d6d2,Enemy_Bokoblin_Middle,Surface34,Upland Zorana,0,"['Weapon_Sword_108', 'Weapon_Shield_004']",1,,,"[3121.44, 262.97, 24.96]",Table,['Default']
253111,MainField,I-4,0xcb34af3accbf8cba,Enemy_Bokoblin_Middle,Surface34,Upland Zorana,0,"['Weapon_Sword_108', 'Weapon_Shield_004', 'BokoblinBasket_Fire']",1,,,"[3125.06, 262.97, 26.65]",Table,['Default']
253113,MainField,I-4,0xb646f3b7320e9aca,Enemy_Bokoblin_Middle,Surface34,Upland Zorana,0,"['Weapon_Sword_108', 'Weapon_Shield_004']",1,,,"[3117.81, 262.97, 23.26]",Table,['Default']
253167,MainField,I-4,0x77e6f0181b346f06,Enemy_Bokoblin_Middle,Surface85,Upland Zorana,0,"['Weapon_Sword_108', 'Weapon_Shield_004']",1,,,"[3134.28, 528.02, -872.34]",Table,['Default']
253168,MainField,I-4,0x43aca38f32cbc559,Enemy_Bokoblin_Middle,Surface85,Upland Zorana,0,"['Weapon_Sword_103', 'Weapon_Shield_005', 'BokoblinBasket_Fire']",1,,,"[3134.26, 528.03, -876.29]",Table,['Default']
253170,MainField,I-4,0x36a2fffce43ce109,Enemy_Bokoblin_Middle,Surface85,Upland Zorana,0,"['Weapon_Sword_108', 'Weapon_Shield_005', 'AsbObj_RockParts_C_S_01']",1,,,"[3134.29, 528.36, -868.29]",Table,['Default']
256523,MainField,I-5,0xd027139bbb7bd282,Enemy_Bokoblin_Middle,Surface34,Upland Zorana,0,"['Weapon_Bow_003', 'BokoblinBasket_Meat_02']",1,,,"[3218.53, 333.09, 90.91]",Table,['Arrow']
256537,MainField,I-5,0xa534acd1d022681c,Enemy_Bokoblin_Middle,Surface34,Upland Zorana,0,"['Weapon_Sword_108', 'Weapon_Shield_004']",1,,,"[3654.17, 332.81, 232.82]",Table,['Default']
256538,MainField,I-5,0x8446f54a6267c3af,Enemy_Bokoblin_Middle,Surface34,Upland Zorana,0,"['Weapon_Sword_108', 'Weapon_Shield_005', 'BokoblinBasket_Fire']",1,,,"[3654.16, 332.44, 228.82]",Table,['Default']
256540,MainField,I-5,0x74f4a63feb15ec3f,Enemy_Bokoblin_Middle,Surface34,Upland Zorana,0,"['Weapon_Sword_103', 'Weapon_Shield_005']",1,,,"[3654.16, 332.9, 236.83]",Table,['Default']
258177,MainField,I-6,0xb8c10aecb78ad45b,Enemy_Bokoblin_Middle,Surface13,Mount Lanayru,0,"['Weapon_Spear_108', 'AsbObj_RockParts_C_S_01']",0,,,"[3083.19, 328.29, 1274.35]",Table,['Default']
258354,MainField,I-6,0x00fd3cd224d15ea5,Enemy_Bokoblin_Middle,Surface13,Mount Lanayru,0,['BokoblinBasket_FireFruit'],0,,,"[3037.31, 141.98, 1974.62]",Table,['Default']
259798,MainField,I-6,0x7dc1efaad8acc5cc,Enemy_Bokoblin_Middle,Surface13,Mount Lanayru,1,,1,,,"[3192.04, 173.44, 1913.78]",Table,['Default']
259800,MainField,I-6,0x7dc1efaab30e18c7,Enemy_Bokoblin_Middle,Surface13,Mount Lanayru,0,,1,,,"[3194.32, 173.2, 1903.9]",Table,['Default']
259835,MainField,I-6,0x10ce26e3d996e912,Enemy_Bokoblin_Middle,Surface13,Mount Lanayru,1,,1,,,"[3323.5, 266.82, 1203.35]",Table,['Default']
259836,MainField,I-6,0x3c1d80bb6c089394,Enemy_Bokoblin_Middle,Surface13,Mount Lanayru,0,,1,,,"[3314.41, 265.53, 1199.49]",Table,['Default']
259930,MainField,I-6,0x4f024b17f55435d9,Enemy_Bokoblin_Middle,Surface13,Mount Lanayru,1,"['Weapon_Sword_103', 'BokoblinBasket_Meat_02']",1,,,"[3080.4, 335.04, 1256.59]",Table,['Default']
260048,MainField,I-6,0x63d647841f485ca8,Enemy_Bokoblin_Middle,Surface13,Mount Lanayru,0,,1,,,"[3146.71, 297.67, 1547.4]",Table,['Default']
260050,MainField,I-6,0xc137868d8fbecfa0,Enemy_Bokoblin_Middle,Surface13,Mount Lanayru,0,"['Weapon_Sword_108', 'BokoblinBasket_Meat_02']",1,,,"[3128, 297.13, 1556.37]",Table,['Default']
260057,MainField,I-6,0xc505d934463647cf,Enemy_Bokoblin_Middle,Surface13,Mount Lanayru,0,['Weapon_Sword_103'],1,,,"[3038.78, 333.3, 1509.43]",Table,['Default']
260070,MainField,I-6,0xa5f82017ca902f97,Enemy_Bokoblin_Middle,Surface13,Mount Lanayru,0,,1,,,"[3288.79, 336.84, 1476.05]",Table,['Default']
260074,MainField,I-6,0x22c03a1f2cbe4ecc,Enemy_Bokoblin_Middle,Surface13,Mount Lanayru,1,,1,,,"[3298.47, 336.65, 1473.98]",Table,['Default']
261067,MainField,I-7,0xef8b3344bcab5e22,Enemy_Bokoblin_Middle,Surface13,Mount Lanayru,0,['Weapon_Lsword_112'],0,,,"[3229.82, 186.68, 2085.01]",Table,['Default']
261068,MainField,I-7,0xef8b33440b1a1b7c,Enemy_Bokoblin_Middle,Surface13,Mount Lanayru,1,['Weapon_Sword_106'],0,,,"[3213.02, 178.26, 2062.01]",Table,['Default']
261069,MainField,I-7,0xef8b3344bbb42ee3,Enemy_Bokoblin_Middle,Surface13,Mount Lanayru,0,['Weapon_Spear_112'],0,,,"[3179.25, 173.93, 2047.62]",Table,['Default']
264272,MainField,I-7,0xef8b33443cbd7e29,Enemy_Bokoblin_Middle,Surface13,Mount Lanayru,1,['BokoblinBasket_ElectricalFruit'],1,,,"[3086.67, 164.65, 2157.19]",Table,['Default']
264273,MainField,I-7,0xef8b334491b98ddf,Enemy_Bokoblin_Middle,Surface13,Mount Lanayru,0,['Weapon_Lsword_108'],1,,,"[3090.27, 163.94, 2164.3]",Table,['Default']
264546,MainField,I-7,0x187602964ca4cebb,Enemy_Bokoblin_Middle,Surface13,Rabella Wetlands,1,,1,,,"[3062.89, 222.12, 2387.12]",Table,['Default']
264548,MainField,I-7,0x1876029617076180,Enemy_Bokoblin_Middle,Surface13,Rabella Wetlands,0,,1,,,"[3072.18, 223.07, 2391.24]",Table,['Default']
264575,MainField,I-7,0xedb5f5f26d7fa789,Enemy_Bokoblin_Middle,Surface13,Mount Lanayru,0,,1,,,"[3351.5, 330.8, 2596.5]",Table,['Default']
264576,MainField,I-7,0xda4e543ab6712095,Enemy_Bokoblin_Middle,Surface13,Mount Lanayru,0,,1,,,"[3346.5, 329.73, 2588.53]",Table,['Default']
264577,MainField,I-7,0x3bd40aa82017841e,Enemy_Bokoblin_Middle,Surface13,Mount Lanayru,1,,1,,,"[3356.46, 329.33, 2588.59]",Table,['Default']
272671,MainField,J-2,0xdd7206d41b9bbeae,Enemy_Bokoblin_Middle,Surface54,Ulri Mountain,1,"['Weapon_Sword_108', 'Weapon_Shield_005']",1,,,"[4808.73, 113.48, -2757.14]",Table,['Default']
272685,MainField,J-2,0x53fa208633cf97a1,Enemy_Bokoblin_Middle,Surface54,Ulri Mountain,0,['Weapon_Bow_002'],1,,,"[4891.13, 114.28, -2743.96]",Table,['Arrow']
272686,MainField,J-2,0xf54f5fca17ec5897,Enemy_Bokoblin_Middle,Surface54,Ulri Mountain,0,['Weapon_Bow_002'],1,,,"[4896.22, 114.28, -2752.34]",Table,['Arrow']
272688,MainField,J-2,0xed69ea5418b4413e,Enemy_Bokoblin_Middle,Surface54,Ulri Mountain,0,"['Weapon_Sword_103', 'Weapon_Shield_005', 'Item_Mushroom_E', 'BokoblinBasket_Meat_01']",1,,,"[4886.21, 114.28, -2757.45]",Table,['Default']
272746,MainField,J-2,0xba09f28b5d1cb4f4,Enemy_Bokoblin_Middle,Surface2,Ulri Mountain,0,['Weapon_Sword_103'],1,,,"[4134.6, 169.28, -2014.89]",Table,['Default']
272747,MainField,J-2,0x0af73bde497d5df8,Enemy_Bokoblin_Middle,Surface2,Ulri Mountain,0,['Weapon_Spear_108'],1,,,"[4124.98, 171.24, -2016.63]",Table,['Default']
273597,MainField,J-3,0x54255eb5fcada7bf,Enemy_Bokoblin_Middle,Surface2,Ulri Mountain,1,"['Weapon_Spear_103', 'AsbObj_SharpRock_A_S_01']",0,,,"[4227.73, 212.09, -1793.58]",Table,['Default']
274253,MainField,J-3,0x43dbf0fdba13919c,Enemy_Bokoblin_Middle,Surface2,Ulri Mountain,0,['Weapon_Sword_103'],1,,,"[4342.62, 271.3, -1515.57]",Table,['Default']
274354,MainField,J-3,0x31adb6fd5fb86d61,Enemy_Bokoblin_Middle,Surface54,Ulri Mountain,0,"['Weapon_Bow_003', 'BokoblinBasket_Arrow']",1,,,"[4529.75, 106.01, -1855.82]",Table,['Arrow']
276696,MainField,J-4,0x215884d652e54e3b,Enemy_Bokoblin_Middle,Surface85,Upland Zorana,0,['Weapon_Bow_003'],1,,,"[4192.21, 431.94, -107.43]",Table,['Arrow']
276700,MainField,J-4,0x90fd7d1589f3c2e5,Enemy_Bokoblin_Middle,Surface85,Upland Zorana,0,['Weapon_Lsword_108'],1,,,"[4195.06, 432.01, -98.72]",Table,['Default']
276767,MainField,J-4,0x0b4ea1ca18d7a2a7,Enemy_Bokoblin_Middle,Surface85,Upland Zorana,0,"['Weapon_Sword_108', 'Weapon_Shield_005']",1,,,"[4165.7, 490.87, -356.56]",Table,['Default']
278407,MainField,J-5,0xed526d3497edd761,Enemy_Bokoblin_Middle,Surface57,Upland Zorana,0,"['Weapon_Sword_108', 'Weapon_Shield_005']",1,,,"[4132.17, 107.14, 332.83]",Table,['Default']
281563,MainField,J-8,0xebdd28a274a1361c,Enemy_Bokoblin_Middle,Surface28,Rabella Wetlands,0,['Weapon_Spear_108'],1,,,"[4581.21, 155.83, 3529.73]",Table,['Default']
281565,MainField,J-8,0x56c68742bff0d171,Enemy_Bokoblin_Middle,Surface28,Rabella Wetlands,0,['Weapon_Sword_103'],1,,,"[4588.74, 137.52, 3516.82]",Table,['Default']
524493,MainField,Cave__Cave_Eldin_0022_GroupSet_000 ,0x9ed7efd594856419,Enemy_Bokoblin_Middle,Cave44,,0,['Weapon_Sword_112'],1,,,"[2413.46, 550.48, -2930.8]",Table,['Default']
524494,MainField,Cave__Cave_Eldin_0022_GroupSet_000 ,0xd6d1f0062c772f7a,Enemy_Bokoblin_Middle,Cave44,,0,['Weapon_Sword_106'],1,,,"[2406, 550.96, -2938.9]",Table,['Default']
524495,MainField,Cave__Cave_Eldin_0022_GroupSet_000 ,0x399977bbbe52219c,Enemy_Bokoblin_Middle,Cave44,,0,['Weapon_Sword_112'],1,,,"[2404.98, 551.18, -2929.12]",Table,['Default']
524499,MainField,Cave__Cave_Eldin_0022_GroupSet_000 ,0xa37fe04ce46a27ef,Enemy_Bokoblin_Middle,Cave66,,0,['Weapon_Sword_112'],1,,,"[2434.2, 551.35, -2982.6]",Table,['Default']
524500,MainField,Cave__Cave_Eldin_0022_GroupSet_000 ,0x73e5ed6b9ca2174e,Enemy_Bokoblin_Middle,Cave66,,0,['Weapon_Sword_112'],1,,,"[2433.17, 552.6, -2972.81]",Table,['Default']
524504,MainField,Cave__Cave_Eldin_0022_GroupSet_000 ,0xbc291720dd04485c,Enemy_Bokoblin_Middle,Cave44,,0,['Weapon_Bow_003'],1,,,"[2421.43, 551.69, -2941.28]",Table,['Arrow']
534166,MainField,Cave__Cave_GerudoDesert_0051_GroupSet_000 ,0x50ab3f2cb2f6d889,Enemy_Bokoblin_Middle,Cave73,,0,"['Weapon_Sword_108', 'Weapon_Shield_005', 'Obj_LiftRockGerudo_A_01', 'BokoblinBasket_Item_Fruit_B']",1,,,"[-2616.61, 178.27, 2495.48]",Table,['Default']
534167,MainField,Cave__Cave_GerudoDesert_0051_GroupSet_000 ,0x3a3a6e29bc5dc345,Enemy_Bokoblin_Middle,Cave73,,0,"['Weapon_Sword_108', 'Weapon_Shield_005']",1,,,"[-2616.59, 177.86, 2503.45]",Table,['Default']
534168,MainField,Cave__Cave_GerudoDesert_0051_GroupSet_000 ,0x3ee921eb15571231,Enemy_Bokoblin_Middle,Cave73,,0,"['Weapon_Sword_103', 'Weapon_Shield_005']",1,,,"[-2616.61, 177.95, 2499.48]",Table,['Default']
536732,MainField,Cave__Cave_HateruEast_0013_GroupSet_000 ,0x80ba542a2830935c,Enemy_Bokoblin_Middle,Cave28,,1,['Weapon_Spear_112'],1,,,"[4699.54, 113.49, 3742.2]",Table,['Default']
536735,MainField,Cave__Cave_HateruEast_0013_GroupSet_000 ,0x566c3dca7beec5a8,Enemy_Bokoblin_Middle,Cave28,,1,['BokoblinBasket_ElectricalFruit'],1,,,"[4690.72, 113.49, 3754.95]",Table,['Default']
537700,MainField,Cave__Cave_Hebra_0013 ,0xc5c7e085f8f4e120,Enemy_Bokoblin_Middle,Cave3,,0,['Weapon_Spear_108'],1,,,"[-4405.84, 314.76, -3735.89]",Table,['Default']
537702,MainField,Cave__Cave_Hebra_0013 ,0x70319ea689f6c995,Enemy_Bokoblin_Middle,Cave3,,0,['Weapon_Lsword_106'],1,,,"[-4430.83, 330.31, -3743.4]",Table,['Default']
537703,MainField,Cave__Cave_Hebra_0013 ,0xe4f6fb10cc2585eb,Enemy_Bokoblin_Middle,Cave3,,0,['Weapon_Sword_112'],1,,,"[-4427.08, 330.18, -3750.45]",Table,['Default']
538033,MainField,Cave__Cave_Hebra_0019_GroupSet_000 ,0x38f53a923e5f58f2,Enemy_Bokoblin_Middle,Cave3,,0,"['Weapon_Bow_004', 'BokoblinBasket_Item_Mushroom_B']",1,,,"[-2591.64, 357.23, -3232.86]",Table,['Arrow']
538035,MainField,Cave__Cave_Hebra_0019_GroupSet_000 ,0x80a738e3f8cabb2c,Enemy_Bokoblin_Middle,Cave3,,0,['Weapon_Bow_004'],1,,,"[-2591.64, 357.29, -3228.86]",Table,['Arrow']
538036,MainField,Cave__Cave_Hebra_0019_GroupSet_000 ,0x0c253daa2fc963f5,Enemy_Bokoblin_Middle,Cave3,,0,['Weapon_Bow_003'],1,,,"[-2591.64, 357.23, -3236.85]",Table,['Arrow']
538037,MainField,Cave__Cave_Hebra_0019_GroupSet_000 ,0x71550eeccfe3dcc7,Enemy_Bokoblin_Middle,Cave3,,0,"['Weapon_Bow_003', 'BokoblinBasket_Arrow']",1,,,"[-2591.64, 357.36, -3240.85]",Table,['Arrow']
538488,MainField,Cave__Cave_Hebra_0022_GroupSet_000 ,0xba0e6bba421653b8,Enemy_Bokoblin_Middle,Cave3,,0,"['Weapon_Sword_112', 'Weapon_Shield_002']",1,,,"[-3002.97, 611.54, -3129.31]",Table,['Default']
542342,MainField,Cave__Cave_LanayruMountain_0010_GroupSet_000 ,0x8f1799233f408c8a,Enemy_Bokoblin_Middle,Cave38,,0,"['Weapon_Sword_108', 'Weapon_Shield_004', 'AsbObj_RockParts_C_S_01']",1,,,"[3348.63, 162.75, 1258.53]",Table,['Default']
542343,MainField,Cave__Cave_LanayruMountain_0010_GroupSet_000 ,0x2b90fafbd8e2e8c7,Enemy_Bokoblin_Middle,Cave13,,0,"['Weapon_Sword_108', 'Weapon_Shield_005', 'BokoblinBasket_Meat_02']",1,,,"[3344.69, 162.78, 1258.71]",Table,['Default']
542669,MainField,Cave__Cave_LanayruMountain_0014_GroupSet_000 ,0xb763561ac1b88f1a,Enemy_Bokoblin_Middle,Cave13,,0,"['Weapon_Sword_103', 'Weapon_Shield_005', 'BokoblinBasket_Fire']",1,,,"[2471.53, 82.52, 1514.89]",Table,['Default']
542670,MainField,Cave__Cave_LanayruMountain_0014_GroupSet_000 ,0x74c00cfd8516c4bd,Enemy_Bokoblin_Middle,Cave13,,0,"['Weapon_Sword_103', 'Weapon_Shield_005']",1,,,"[2457.72, 83.08, 1515.94]",Table,['Default']
542671,MainField,Cave__Cave_LanayruMountain_0014_GroupSet_000 ,0xfce1cea2f543de4a,Enemy_Bokoblin_Middle,Cave13,,0,"['Weapon_Sword_108', 'Weapon_Shield_005']",1,,,"[2476.61, 82.45, 1513.69]",Table,['Default']
542672,MainField,Cave__Cave_LanayruMountain_0014_GroupSet_000 ,0xbfc485d1a017dd56,Enemy_Bokoblin_Middle,Cave13,,0,"['Weapon_Sword_108', 'Weapon_Shield_005']",1,,,"[2466.2, 82.63, 1515.65]",Table,['Default']
542673,MainField,Cave__Cave_LanayruMountain_0014_GroupSet_000 ,0xaed975a8c489e299,Enemy_Bokoblin_Middle,Cave13,,0,"['Weapon_Sword_103', 'Weapon_Shield_005', 'BokoblinBasket_Meat_02']",1,,,"[2461.99, 82.71, 1516.36]",Table,['Default']
543757,MainField,Cave__Cave_Lanayru_0006_Group_Set_001 ,0x245ea28b90996aee,Enemy_Bokoblin_Middle,Cave41,,0,"['Weapon_Sword_108', 'Weapon_Shield_005', 'BokoblinBasket_Apple']",1,,,"[1206.35, 157.24, -269.29]",Table,['Default']
543758,MainField,Cave__Cave_Lanayru_0006_Group_Set_001 ,0xe51571e0ce8d0aa8,Enemy_Bokoblin_Middle,Cave41,,0,"['Weapon_Sword_108', 'Weapon_Shield_005']",1,,,"[1198.77, 158.25, -275.34]",Table,['Default']
543759,MainField,Cave__Cave_Lanayru_0006_Group_Set_001 ,0x5ec13a2f77b843bb,Enemy_Bokoblin_Middle,Cave41,,0,"['Weapon_Sword_103', 'Weapon_Shield_005']",1,,,"[1201.05, 157.27, -270.31]",Table,['Default']
544237,MainField,Cave__Cave_Lanayru_0024_GroupSet_000 ,0xe3b4e50ca0ad69b8,Enemy_Bokoblin_Middle,Cave69,,0,['Weapon_Sword_103'],1,,,"[2245.72, 170.6, -99.38]",Table,['Default']
544238,MainField,Cave__Cave_Lanayru_0024_GroupSet_000 ,0x0772638ed93d143e,Enemy_Bokoblin_Middle,Cave69,,1,"['Weapon_Sword_108', 'Weapon_Shield_005']",1,,,"[2243.62, 170.6, -96.31]",Table,['Default']
544239,MainField,Cave__Cave_Lanayru_0024_GroupSet_000 ,0x88d7983463a45d67,Enemy_Bokoblin_Middle,Cave69,,0,['Weapon_Sword_103'],1,,,"[2241.73, 170.6, -92.43]",Table,['Default']
547193,MainField,Cave__Well_0002_GroupSet_000 ,0xf230fb2c7a5aaed3,Enemy_Bokoblin_Middle,Cave31,,0,['Weapon_Lsword_112'],1,,,"[-2348.53, 356.36, -1848.72]",Table,['Default']
548675,MainField,Cave__Well_0043_GroupSet_000 ,0xc6ffbeda19855875,Enemy_Bokoblin_Middle,Cave24,,0,"['Weapon_Spear_103', 'AsbObj_RockParts_C_S_01']",0,,,"[536.22, 121.76, 3523.08]",Table,['Default']
548676,MainField,Cave__Well_0043_GroupSet_000 ,0x3df5e61c65cf3f01,Enemy_Bokoblin_Middle,Cave24,,0,['Weapon_Sword_108'],0,,,"[548.87, 121.42, 3550.2]",Table,['Default']
548677,MainField,Cave__Well_0043_GroupSet_000 ,0xc95b43b1d26487f7,Enemy_Bokoblin_Middle,Cave24,,1,['Weapon_Spear_103'],0,,,"[530.78, 121.71, 3572.98]",Table,['Default']
548686,MainField,Cave__Well_0043_GroupSet_000 ,0x9310f4171b797267,Enemy_Bokoblin_Middle,Cave24,,0,"['Weapon_Lsword_108', 'AsbObj_SharpRock_A_S_01']",0,,,"[482.92, 111.54, 3720.66]",Table,['Default']
548687,MainField,Cave__Well_0043_GroupSet_000 ,0x8462fdad111f90a2,Enemy_Bokoblin_Middle,Cave24,,0,['Weapon_Lsword_103'],0,,,"[499.25, 114.04, 3664.39]",Table,['Default']
548688,MainField,Cave__Well_0043_GroupSet_000 ,0x4babd1c43790006f,Enemy_Bokoblin_Middle,Cave24,,1,['Weapon_Sword_108'],0,,,"[500.38, 111.31, 3695.6]",Table,['Default']
550785,MainField,Castle__Set_HyruleCastle_IslandGround_A ,0x187321b25604d6cb,Enemy_Bokoblin_Middle,Surface79,Lookout Landing,0,"['Weapon_Sword_108', 'AsbObj_RockParts_C_S_01', 'BokoblinBasket_Electric']",1,,,"[-169.03, 388.81, -873.98]",Table,['Default']
291719,MinusField,A-6,0x01c11234239e5f5b,Enemy_Bokoblin_Middle,Depths21,,0,"['Weapon_Sword_103', 'AsbObj_RockParts_C_S_01']",1,,,"[-4626.44, -366.4, 1843.85]",Table,['Minus']
291720,MinusField,A-6,0x9b8d496dc3ffe756,Enemy_Bokoblin_Middle,Depths21,,0,"['Weapon_Sword_103', 'AsbObj_RockParts_C_S_01', 'BokoblinBasket_Item_Ore_L']",1,,,"[-4633.98, -366.48, 1843.22]",Table,['Minus']
291722,MinusField,A-6,0xc62d7db20090bb0d,Enemy_Bokoblin_Middle,Depths21,,1,"['Weapon_Sword_108', 'AsbObj_RockParts_C_S_01']",1,,,"[-4620.3, -366.42, 1841.53]",Table,['Minus']
291728,MinusField,A-6,0xc6035aeeb1ef1e12,Enemy_Bokoblin_Middle,Depths72,,0,"['Weapon_Sword_108', 'AsbObj_RockParts_C_S_01']",1,,,"[-4231.98, -391.96, 2026.2]",Table,['Minus']
291729,MinusField,A-6,0x5b34d0319d68171e,Enemy_Bokoblin_Middle,Depths72,,0,"['Weapon_Sword_108', 'AsbObj_RockParts_C_S_01', 'BokoblinBasket_Item_Ore_L']",1,,,"[-4233.55, -392.25, 2018.81]",Table,['Minus']
291731,MinusField,A-6,0x9db4c59c331a4349,Enemy_Bokoblin_Middle,Depths72,,1,"['Weapon_Sword_108', 'AsbObj_RockParts_C_S_01']",1,,,"[-4227.99, -391.76, 2031.41]",Table,['Minus']
291771,MinusField,A-6,0xc9d203dd4de7fba6,Enemy_Bokoblin_Middle,Depths21,,0,"['Weapon_Sword_103', 'Weapon_Shield_005']",1,,,"[-4662.43, -371.78, 1967.08]",Table,['Minus']
291777,MinusField,A-6,0xc96cc80581010759,Enemy_Bokoblin_Middle,Depths21,,0,"['Weapon_Sword_108', 'AsbObj_RockParts_C_S_01', 'BokoblinBasket_Item_Ore_L']",1,,,"[-4675.16, -370.88, 1969.12]",Table,['Minus']
294314,MinusField,A-7,0xb6ac00dbbab723ff,Enemy_Bokoblin_Middle,Depths72,,1,"['Weapon_Sword_108', 'AsbObj_RockParts_C_S_01']",1,,,"[-4119.98, -391.9, 2797.73]",Table,['Minus']
294325,MinusField,A-7,0xb718ad52933a52a4,Enemy_Bokoblin_Middle,Depths21,,1,"['Weapon_Sword_108', 'AsbObj_RockParts_C_S_01', 'BokoblinBasket_Item_Ore_L']",1,,,"[-4128.16, -385.9, 2837.79]",Table,['Minus']
294348,MinusField,A-7,0xaa6d1d2a3911129a,Enemy_Bokoblin_Middle,Depths21,,0,"['Weapon_Sword_103', 'AsbObj_RockParts_C_S_01', 'BokoblinBasket_Item_Ore_L']",1,,,"[-4802.67, -390.46, 2133.27]",Table,['Minus']
294351,MinusField,A-7,0x2d399ad3aeb14e58,Enemy_Bokoblin_Middle,Depths21,,0,"['Weapon_Sword_108', 'AsbObj_RockParts_C_S_01']",1,,,"[-4800.29, -390.46, 2141.36]",Table,['Minus']
294355,MinusField,A-7,0x7115ec802df137d5,Enemy_Bokoblin_Middle,Depths21,,1,"['Weapon_Sword_108', 'AsbObj_RockParts_C_S_01', 'BokoblinBasket_Item_Ore_L']",1,,,"[-4657.05, -375.4, 2393.38]",Table,['Minus']
294366,MinusField,A-7,0xfd23dbb591a8c0b1,Enemy_Bokoblin_Middle,Depths21,,1,"['Weapon_Sword_108', 'AsbObj_RockParts_C_S_01', 'BokoblinBasket_Item_Ore_L']",1,,,"[-4352.14, -394.63, 2189.43]",Table,['Minus']
294374,MinusField,A-7,0xd9b6d658c53c3994,Enemy_Bokoblin_Middle,Depths72,,0,"['Weapon_Sword_108', 'Weapon_Shield_005']",1,,,"[-4024.76, -401.74, 2240.75]",Table,['Minus']
294380,MinusField,A-7,0xc9690628085751ea,Enemy_Bokoblin_Middle,Depths72,,0,"['Weapon_Sword_108', 'AsbObj_RockParts_C_S_01', 'BokoblinBasket_Item_Ore_L']",1,,,"[-4027.99, -400.55, 2253.21]",Table,['Minus']
294385,MinusField,A-7,0x275bfd01ccfa9f2a,Enemy_Bokoblin_Middle,Depths21,,0,"['Weapon_Sword_112', 'AsbObj_RockParts_C_S_01', 'BokoblinBasket_Item_Ore_L']",1,,,"[-4443.67, -381.8, 2859.37]",Table,['Minus']
296921,MinusField,A-8,0xcb70515bb9a4b911,Enemy_Bokoblin_Middle,Depths21,,1,"['Weapon_Sword_103', 'AsbObj_RockParts_C_S_01', 'BokoblinBasket_Item_Ore_L']",1,,,"[-4540.82, -382, 3161.84]",Table,['Minus']
296941,MinusField,A-8,0x05d8e66fa2d778e6,Enemy_Bokoblin_Middle,Depths21,,0,"['Weapon_Sword_108', 'AsbObj_RockParts_C_S_01']",1,,,"[-4230.25, -376.11, 3101.9]",Table,['Minus']
296943,MinusField,A-8,0x26732069b162a14e,Enemy_Bokoblin_Middle,Depths21,,0,"['Weapon_Sword_108', 'AsbObj_RockParts_C_S_01', 'BokoblinBasket_Item_Ore_L']",1,,,"[-4231.83, -380.16, 3093.42]",Table,['Minus']
296947,MinusField,A-8,0x2c740deb552b416d,Enemy_Bokoblin_Middle,Depths21,,0,"['Weapon_Sword_108', 'AsbObj_RockParts_C_S_01', 'BokoblinBasket_Item_Ore_L']",1,,,"[-4009.61, -366, 3639.84]",Table,['Minus']
296950,MinusField,A-8,0xac88e3f217830758,Enemy_Bokoblin_Middle,Depths21,,0,"['Weapon_Sword_103', 'AsbObj_RockParts_C_S_01']",1,,,"[-4014.61, -365.87, 3633.04]",Table,['Minus']
296968,MinusField,A-8,0x4580aeec98c03d22,Enemy_Bokoblin_Middle,Depths21,,0,['Weapon_Bow_003'],1,,,"[-4082.29, -361.42, 3850.39]",Table,['Minus_Arrow']
296969,MinusField,A-8,0xcb3987cddc82f2a5,Enemy_Bokoblin_Middle,Depths21,,0,"['Weapon_Sword_108', 'AsbObj_RockParts_C_S_01', 'BokoblinBasket_Item_Ore_L']",1,,,"[-4078.22, -361.42, 3853.65]",Table,['Minus']
296970,MinusField,A-8,0x8672b73885dfb3c4,Enemy_Bokoblin_Middle,Depths21,,0,['Weapon_Bow_003'],1,,,"[-4071.49, -365.65, 3854.94]",Table,['Minus_Arrow']
296971,MinusField,A-8,0xd5d73be19d19d2d9,Enemy_Bokoblin_Middle,Depths21,,0,['Weapon_Bow_003'],1,,,"[-4084.35, -365.28, 3847.46]",Table,['Minus_Arrow']
296974,MinusField,A-8,0xb8683d343e894326,Enemy_Bokoblin_Middle,Depths21,,0,['Weapon_Bow_003'],1,,,"[-4079.26, -365.77, 3859.48]",Table,['Minus_Arrow']
296977,MinusField,A-8,0xf1aaf2f4fe2ef075,Enemy_Bokoblin_Middle,Depths21,,0,"['Weapon_Sword_103', 'AsbObj_RockParts_C_S_01']",1,,,"[-4397.29, -368.08, 3565.7]",Table,['Minus']
296981,MinusField,A-8,0x412d30cba785127c,Enemy_Bokoblin_Middle,Depths21,,0,"['Weapon_Sword_108', 'AsbObj_RockParts_C_S_01', 'BokoblinBasket_Item_Ore_L']",1,,,"[-4385.48, -368.99, 3564.82]",Table,['Minus']
296982,MinusField,A-8,0xead12f801bd479ed,Enemy_Bokoblin_Middle,Depths21,,0,"['Weapon_Sword_108', 'AsbObj_RockParts_C_S_01']",1,,,"[-4394.2, -369.37, 3556.4]",Table,['Minus']
296984,MinusField,A-8,0x2f3aacc3045e2c42,Enemy_Bokoblin_Middle,Depths21,,0,['Weapon_Bow_003'],1,,,"[-4397.4, -366.89, 3574.95]",Table,['Minus_Arrow']
320283,MinusField,B-7,0xe62301170b7553ee,Enemy_Bokoblin_Middle,Depths72,,0,"['Weapon_Sword_108', 'AsbObj_RockParts_C_S_01', 'BokoblinBasket_Item_Ore_L']",1,,,"[-3489.08, -379.69, 2576.22]",Table,['Minus']
320290,MinusField,B-7,0x188c6828a0ee2822,Enemy_Bokoblin_Middle,Depths72,,0,"['Weapon_Sword_103', 'AsbObj_RockParts_C_S_01']",1,,,"[-3490.33, -379.7, 2561.02]",Table,['Minus']
320294,MinusField,B-7,0xca7aff9c58197082,Enemy_Bokoblin_Middle,Depths72,,0,"['Weapon_Sword_103', 'AsbObj_RockParts_C_S_01', 'BokoblinBasket_Item_Ore_L']",1,,,"[-3504.37, -379.69, 2561.61]",Table,['Minus']
320302,MinusField,B-7,0x01c5eb7b9d232587,Enemy_Bokoblin_Middle,Depths72,,0,"['Weapon_Sword_108', 'AsbObj_RockParts_C_S_01']",1,,,"[-3122.97, -363.18, 2102.36]",Table,['Minus']
320303,MinusField,B-7,0x4ed8cf761f19662c,Enemy_Bokoblin_Middle,Depths72,,0,"['Weapon_Sword_103', 'AsbObj_RockParts_C_S_01', 'BokoblinBasket_Item_Ore_L']",1,,,"[-3140.8, -363.19, 2100.28]",Table,['Minus']
320305,MinusField,B-7,0x478d893b3a453788,Enemy_Bokoblin_Middle,Depths72,,0,"['Weapon_Sword_103', 'AsbObj_RockParts_C_S_01']",1,,,"[-3128.31, -363, 2093.08]",Table,['Minus']
320311,MinusField,B-7,0xf81d33f6da812955,Enemy_Bokoblin_Middle,Depths72,,0,"['Weapon_Sword_112', 'AsbObj_RockParts_C_S_01']",1,,,"[-3338.07, -371.46, 2949.55]",Table,['Minus']
320320,MinusField,B-7,0x31a89e6b396fb4b8,Enemy_Bokoblin_Middle,Depths72,,0,"['Weapon_Sword_108', 'AsbObj_RockParts_C_S_01']",1,,,"[-3330.46, -373.4, 2939.61]",Table,['Minus']
320332,MinusField,B-7,0xb0bc17ae0bd44c97,Enemy_Bokoblin_Middle,Depths72,,0,"['Weapon_Sword_108', 'AsbObj_RockParts_C_S_01']",1,,,"[-3252.67, -388.92, 2692.77]",Table,['Minus']
320333,MinusField,B-7,0xd593ab11b1a66933,Enemy_Bokoblin_Middle,Depths72,,0,"['Weapon_Sword_108', 'AsbObj_RockParts_C_S_01', 'BokoblinBasket_Item_Ore_L']",1,,,"[-3253.07, -389.09, 2710.72]",Table,['Minus']
320335,MinusField,B-7,0xccdc3968484c8c84,Enemy_Bokoblin_Middle,Depths72,,0,"['Weapon_Sword_103', 'AsbObj_RockParts_C_S_01']",1,,,"[-3261.47, -388.93, 2698.92]",Table,['Minus']
320367,MinusField,B-7,0xe4e3609a670616e7,Enemy_Bokoblin_Middle,Depths72,,0,"['Weapon_Sword_108', 'AsbObj_RockParts_C_S_01']",1,,,"[-3837.31, -384.42, 2325.61]",Table,['Minus']
320369,MinusField,B-7,0x67a4207ef5374fb7,Enemy_Bokoblin_Middle,Depths72,,1,"['Weapon_Sword_112', 'AsbObj_RockParts_C_S_01', 'BokoblinBasket_Item_Ore_L']",1,,,"[-3833.03, -384.58, 2342.54]",Table,['Minus']
320381,MinusField,B-7,0x2b6f690c699dbcd3,Enemy_Bokoblin_Middle,Depths72,,0,"['Weapon_Sword_112', 'AsbObj_RockParts_C_S_01', 'BokoblinBasket_Item_Ore_L']",1,,,"[-3937.23, -468.26, 2070.42]",Table,['Minus']
320387,MinusField,B-7,0x9fbb1778a135dfab,Enemy_Bokoblin_Middle,Depths72,,0,"['Weapon_Sword_108', 'AsbObj_RockParts_C_S_01', 'BokoblinBasket_Item_Ore_L']",1,,,"[-3561.98, -389.73, 2889.68]",Table,['Minus']
320390,MinusField,B-7,0x1ee39d6fbff12539,Enemy_Bokoblin_Middle,Depths72,,0,"['Weapon_Sword_108', 'AsbObj_RockParts_C_S_01']",1,,,"[-3563.99, -389.67, 2881.49]",Table,['Minus']
320395,MinusField,B-7,0xb822952d7eb0a039,Enemy_Bokoblin_Middle,Depths72,,1,"['Weapon_Sword_108', 'AsbObj_RockParts_C_S_01']",1,,,"[-3427.33, -377.9, 2368.3]",Table,['Minus']
320396,MinusField,B-7,0x62bea0ca8e92fa07,Enemy_Bokoblin_Middle,Depths72,,0,"['Weapon_Sword_108', 'AsbObj_RockParts_C_S_01', 'BokoblinBasket_Item_Ore_L']",1,,,"[-3442.06, -377.46, 2384.12]",Table,['Minus']
320399,MinusField,B-7,0x51f7045c84b9d800,Enemy_Bokoblin_Middle,Depths72,,0,['Weapon_Bow_003'],1,,,"[-3447.98, -377.93, 2363.29]",Table,['Minus_Arrow']
323288,MinusField,B-8,0xe0c831b9e154ddb1,Enemy_Bokoblin_Middle,Depths21,,0,"['Weapon_Sword_108', 'AsbObj_RockParts_C_S_01']",1,,,"[-3998.06, -374.5, 3470.51]",Table,['Minus']
323289,MinusField,B-8,0x22daf2215728df11,Enemy_Bokoblin_Middle,Depths21,,0,"['Weapon_Sword_103', 'AsbObj_RockParts_C_S_01', 'BokoblinBasket_Item_Ore_L']",1,,,"[-3993.46, -374.41, 3453.15]",Table,['Minus']
323291,MinusField,B-8,0x248f6b696cd49fc6,Enemy_Bokoblin_Middle,Depths21,,0,"['Weapon_Sword_108', 'AsbObj_RockParts_C_S_01']",1,,,"[-3988.07, -374.25, 3466.6]",Table,['Minus']
323323,MinusField,B-8,0xa0531921f59b6392,Enemy_Bokoblin_Middle,Depths21,,0,"['Weapon_Sword_103', 'AsbObj_RockParts_C_S_01']",1,,,"[-3658.54, -365.7, 3435.34]",Table,['Minus']
323337,MinusField,B-8,0xb136b7e83def3391,Enemy_Bokoblin_Middle,Depths72,,0,"['Weapon_Sword_112', 'AsbObj_RockParts_C_S_01', 'BokoblinBasket_Item_Ore_L']",1,,,"[-3926.35, -382.49, 3140.36]",Table,['Minus']
323340,MinusField,B-8,0x0832993ac08cb50e,Enemy_Bokoblin_Middle,Depths21,,0,['Weapon_Bow_003'],1,,,"[-3941.91, -384.03, 3145.34]",Table,['Minus_Arrow']
323346,MinusField,B-8,0x900bda6329f770bc,Enemy_Bokoblin_Middle,Depths72,,0,"['Weapon_Sword_103', 'AsbObj_RockParts_C_S_01', 'BokoblinBasket_Item_Ore_L']",1,,,"[-3635.29, -384.22, 3132.78]",Table,['Minus']
323347,MinusField,B-8,0xd36c0110a73f73f8,Enemy_Bokoblin_Middle,Depths72,,1,"['Weapon_Sword_112', 'AsbObj_RockParts_C_S_01']",1,,,"[-3619.61, -383.74, 3137.54]",Table,['Minus']
323354,MinusField,B-8,0x82955e100fd88a64,Enemy_Bokoblin_Middle,Depths21,,1,"['Weapon_Sword_108', 'AsbObj_RockParts_C_S_01', 'BokoblinBasket_Item_Ore_L']",1,,,"[-3679.4, -364.64, 3524.34]",Table,['Minus']
323357,MinusField,B-8,0x0e315a0c5d4a5e6f,Enemy_Bokoblin_Middle,Depths21,,0,"['Weapon_Sword_108', 'AsbObj_RockParts_C_S_01']",1,,,"[-3685.35, -364.56, 3518.35]",Table,['Minus']
323361,MinusField,B-8,0x765cd31f2b4de4f8,Enemy_Bokoblin_Middle,Depths21,,0,"['Weapon_Sword_112', 'AsbObj_RockParts_C_S_01', 'BokoblinBasket_Item_Ore_L']",1,,,"[-3792.2, -362.49, 3899.63]",Table,['Minus']
323366,MinusField,B-8,0xa57745edd8f012e2,Enemy_Bokoblin_Middle,Depths21,,0,"['Weapon_Sword_103', 'Weapon_Shield_005']",1,,,"[-3540.67, -375.5, 3877.05]",Table,['Minus']
323372,MinusField,B-8,0xa4b90284041a6e34,Enemy_Bokoblin_Middle,Depths21,,0,"['Weapon_Sword_103', 'AsbObj_RockParts_C_S_01', 'BokoblinBasket_Item_Ore_L']",1,,,"[-3527.82, -374.14, 3877.32]",Table,['Minus']
323374,MinusField,B-8,0x3d0334f4b0b14aa6,Enemy_Bokoblin_Middle,Depths72,,0,"['Weapon_Sword_108', 'Weapon_Shield_005']",1,,,"[-3096.37, -364.48, 3152.97]",Table,['Minus']
323380,MinusField,B-8,0x2aedb46cb5880e5c,Enemy_Bokoblin_Middle,Depths72,,0,"['Weapon_Sword_103', 'AsbObj_RockParts_C_S_01', 'BokoblinBasket_Item_Ore_L']",1,,,"[-3107.21, -362.61, 3146.05]",Table,['Minus']
323385,MinusField,B-8,0xb77a26c208f84a55,Enemy_Bokoblin_Middle,Depths21,,0,"['Weapon_Sword_108', 'AsbObj_RockParts_C_S_01', 'BokoblinBasket_Item_Ore_L']",1,,,"[-3231.58, -364.74, 3478.02]",Table,['Minus']
323395,MinusField,B-8,0x3b6d90b0d27ea794,Enemy_Bokoblin_Middle,Depths21,,0,"['Weapon_Sword_108', 'AsbObj_RockParts_C_S_01']",1,,,"[-3494.99, -365.34, 3453.05]",Table,['Minus']
323409,MinusField,B-8,0x1122fc91eb23e96c,Enemy_Bokoblin_Middle,Depths21,,1,"['Weapon_Sword_108', 'AsbObj_RockParts_C_S_01', 'BokoblinBasket_Item_Ore_L']",1,,,"[-2999.58, -368.41, 3524.69]",Table,['Minus']
338237,MinusField,C-5,0x75b1bb1e25fde081,Enemy_Bokoblin_Middle,Depths64,,0,['Weapon_Bow_003'],1,,,"[-2624.56, -558.95, 636.8]",Table,['Minus_Arrow']
338238,MinusField,C-5,0xf0c883fe9ae507c7,Enemy_Bokoblin_Middle,Depths64,,0,"['Weapon_Sword_103', 'AsbObj_RockParts_C_S_01', 'BokoblinBasket_Item_Ore_L']",1,,,"[-2629.5, -558.95, 635.14]",Table,['Minus']
338239,MinusField,C-5,0xb44355ab3e039ee2,Enemy_Bokoblin_Middle,Depths64,,0,['Weapon_Bow_003'],1,,,"[-2636.26, -563.21, 636.23]",Table,['Minus_Arrow']
338240,MinusField,C-5,0xe9042ea417bac0aa,Enemy_Bokoblin_Middle,Depths64,,0,['Weapon_Bow_003'],1,,,"[-2621.62, -563.2, 638.84]",Table,['Minus_Arrow']
338243,MinusField,C-5,0x5f792d51b72dd442,Enemy_Bokoblin_Middle,Depths64,,0,['Weapon_Bow_003'],1,,,"[-2630.53, -563.31, 629.31]",Table,['Minus_Arrow']
338247,MinusField,C-5,0xba33b8c0f5c384f7,Enemy_Bokoblin_Middle,Depths64,,0,"['Weapon_Sword_108', 'AsbObj_RockParts_C_S_01', 'BokoblinBasket_Item_Ore_L']",1,,,"[-2439.56, -556.59, 425.89]",Table,['Minus']
340967,MinusField,C-6,0x8ef1d0c9fb12a535,Enemy_Bokoblin_Middle,Depths77,,0,"['Weapon_Sword_106', 'AsbObj_RockParts_C_S_01', 'BokoblinBasket_Item_Ore_L']",1,,,"[-2128.03, -451.59, 1188.21]",Table,['Minus']
340970,MinusField,C-6,0x4ff0ee39a7f687a0,Enemy_Bokoblin_Middle,Depths77,,0,['Weapon_Bow_003'],1,,,"[-2127.86, -453.68, 1204.46]",Table,['Minus_Arrow']
340975,MinusField,C-6,0xa752cadd52b0738c,Enemy_Bokoblin_Middle,Depths77,,0,"['Weapon_Sword_103', 'AsbObj_RockParts_C_S_01']",1,,,"[-2337.7, -472, 1144.06]",Table,['Minus']
340977,MinusField,C-6,0x43fb0dfcefa33ad3,Enemy_Bokoblin_Middle,Depths77,,0,"['Weapon_Sword_103', 'AsbObj_RockParts_C_S_01', 'BokoblinBasket_Item_Ore_L']",1,,,"[-2344.73, -476.36, 1139.3]",Table,['Minus']
340982,MinusField,C-6,0x978f7022172931b7,Enemy_Bokoblin_Middle,Depths73,,0,"['Weapon_Sword_108', 'AsbObj_RockParts_C_S_01', 'BokoblinBasket_Item_Ore_L']",1,,,"[-2124.17, -487.28, 1815.98]",Table,['Minus']
340983,MinusField,C-6,0xd85476919ee8b36d,Enemy_Bokoblin_Middle,Depths73,,1,"['Weapon_Sword_112', 'AsbObj_RockParts_C_S_01']",1,,,"[-2123.54, -487.04, 1799.62]",Table,['Minus']
343936,MinusField,C-7,0xb5112d0b2c92b8c7,Enemy_Bokoblin_Middle,Depths72,,1,"['Weapon_Sword_108', 'AsbObj_RockParts_C_S_01']",1,,,"[-2956.42, -371.39, 2336.97]",Table,['Minus']
343947,MinusField,C-7,0xb2bd9bb3395fabcc,Enemy_Bokoblin_Middle,Depths72,,1,"['Weapon_Sword_108', 'AsbObj_RockParts_C_S_01', 'BokoblinBasket_Item_Ore_L']",1,,,"[-2987.49, -365.4, 2363.56]",Table,['Minus']
343954,MinusField,C-7,0x86f922f8ed18334e,Enemy_Bokoblin_Middle,Depths73,,0,"['Weapon_Sword_103', 'AsbObj_RockParts_C_S_01']",1,,,"[-2028.78, -605.18, 2871.32]",Table,['Minus']
343955,MinusField,C-7,0x0a7a1dbf993d3372,Enemy_Bokoblin_Middle,Depths73,,0,"['Weapon_Sword_103', 'AsbObj_RockParts_C_S_01', 'BokoblinBasket_Item_Ore_L']",1,,,"[-2021.88, -605.25, 2868.21]",Table,['Minus']
343957,MinusField,C-7,0x4d76016ace165f15,Enemy_Bokoblin_Middle,Depths73,,1,"['Weapon_Sword_108', 'AsbObj_RockParts_C_S_01']",1,,,"[-2033.02, -605.19, 2876.32]",Table,['Minus']
343958,MinusField,C-7,0x371fb92ff594479c,Enemy_Bokoblin_Middle,Depths73,,1,"['Weapon_Sword_108', 'AsbObj_RockParts_C_S_01']",1,,,"[-2441.78, -372.06, 2924.55]",Table,['Minus']
343969,MinusField,C-7,0x30afcc9f9e1b3197,Enemy_Bokoblin_Middle,Depths73,,1,"['Weapon_Sword_108', 'AsbObj_RockParts_C_S_01', 'BokoblinBasket_Item_Ore_L']",1,,,"[-2435.23, -364.75, 2964.68]",Table,['Minus']
344006,MinusField,C-7,0x1369266d9c337035,Enemy_Bokoblin_Middle,Depths73,,0,"['Weapon_Sword_103', 'AsbObj_RockParts_C_S_01']",1,,,"[-2531.63, -580.21, 2173.45]",Table,['Minus']
344010,MinusField,C-7,0xe064e458a5b29144,Enemy_Bokoblin_Middle,Depths73,,0,"['Weapon_Sword_103', 'AsbObj_RockParts_C_S_01', 'BokoblinBasket_Item_Ore_L']",1,,,"[-2522.44, -581.07, 2165.98]",Table,['Minus']
344011,MinusField,C-7,0x3bc68d677345fada,Enemy_Bokoblin_Middle,Depths73,,0,"['Weapon_Sword_108', 'AsbObj_RockParts_C_S_01']",1,,,"[-2534.39, -581.38, 2164.07]",Table,['Minus']
344013,MinusField,C-7,0x5eea282707b152c6,Enemy_Bokoblin_Middle,Depths73,,0,['Weapon_Bow_003'],1,,,"[-2526.42, -579.02, 2181.1]",Table,['Minus_Arrow']
344017,MinusField,C-7,0x681adc28ceccaf01,Enemy_Bokoblin_Middle,Depths72,,1,"['Weapon_Sword_112', 'AsbObj_RockParts_C_S_01', 'BokoblinBasket_Item_Ore_L']",1,,,"[-2982.78, -356.74, 2898.46]",Table,['Minus']
344025,MinusField,C-7,0x20484cbd5da25ca4,Enemy_Bokoblin_Middle,Depths73,,1,"['Weapon_Sword_103', 'AsbObj_RockParts_C_S_01', 'BokoblinBasket_Item_Ore_L']",1,,,"[-2730.31, -495.91, 2486.89]",Table,['Minus']
344036,MinusField,C-7,0xddb3a8a7f99af670,Enemy_Bokoblin_Middle,Depths73,,1,"['Weapon_Sword_103', 'AsbObj_RockParts_C_S_01', 'BokoblinBasket_Item_Ore_L']",1,,,"[-2244.9, -607.91, 2584.55]",Table,['Minus']
344047,MinusField,C-7,0xfd7833b97cf9a0c7,Enemy_Bokoblin_Middle,Depths73,,1,"['Weapon_Sword_108', 'AsbObj_RockParts_C_S_01', 'BokoblinBasket_Item_Ore_L']",1,,,"[-2029.27, -490.19, 2548.25]",Table,['Minus']
346727,MinusField,C-8,0x9cd5068ac2fc7985,Enemy_Bokoblin_Middle,Depths21,,0,"['Weapon_Sword_106', 'AsbObj_RockParts_C_S_01', 'BokoblinBasket_Item_Ore_L']",1,,,"[-2991.82, -360.61, 3262.09]",Table,['Minus']
346730,MinusField,C-8,0x5f97648cf4ddd728,Enemy_Bokoblin_Middle,Depths21,,0,['Weapon_Bow_003'],1,,,"[-2996.12, -361.45, 3277.86]",Table,['Minus_Arrow']
346734,MinusField,C-8,0x5b2ea6c4ae772388,Enemy_Bokoblin_Middle,Depths21,,0,"['Weapon_Sword_108', 'AsbObj_RockParts_C_S_01']",1,,,"[-2964.43, -372.22, 3690.06]",Table,['Minus']
346736,MinusField,C-8,0x77af1d0abac92a2c,Enemy_Bokoblin_Middle,Depths21,,0,"['Weapon_Sword_103', 'AsbObj_RockParts_C_S_01', 'BokoblinBasket_Item_Ore_L']",1,,,"[-2956.44, -376.25, 3686.81]",Table,['Minus']
346740,MinusField,C-8,0x30275ceb1f976110,Enemy_Bokoblin_Middle,Depths21,,0,"['Weapon_Sword_108', 'AsbObj_RockParts_C_S_01']",1,,,"[-2709.56, -355.06, 3592.11]",Table,['Minus']
346742,MinusField,C-8,0xdde187e813806fc4,Enemy_Bokoblin_Middle,Depths21,,0,"['Weapon_Sword_108', 'AsbObj_RockParts_C_S_01', 'BokoblinBasket_Item_Ore_L']",1,,,"[-2717.21, -359.23, 3596.09]",Table,['Minus']
346749,MinusField,C-8,0xac0f0979294f1b0c,Enemy_Bokoblin_Middle,Depths73,,0,['Weapon_Bow_003'],1,,,"[-2093.32, -551.65, 3044.25]",Table,['Minus_Arrow']
346750,MinusField,C-8,0x23e6d5a08e04de46,Enemy_Bokoblin_Middle,Depths73,,0,"['Weapon_Sword_103', 'AsbObj_RockParts_C_S_01', 'BokoblinBasket_Item_Ore_L']",1,,,"[-2092.09, -551.65, 3039.19]",Table,['Minus']
346751,MinusField,C-8,0xff3d06c3c86ba9d5,Enemy_Bokoblin_Middle,Depths73,,0,['Weapon_Bow_003'],1,,,"[-2093.76, -555.91, 3032.54]",Table,['Minus_Arrow']
346752,MinusField,C-8,0x3de970862291fae3,Enemy_Bokoblin_Middle,Depths73,,0,['Weapon_Bow_003'],1,,,"[-2095.09, -555.67, 3047.35]",Table,['Minus_Arrow']
346755,MinusField,C-8,0x805a7eb1481d31d5,Enemy_Bokoblin_Middle,Depths73,,0,['Weapon_Bow_003'],1,,,"[-2086.36, -555.98, 3037.66]",Table,['Minus_Arrow']
346759,MinusField,C-8,0xf51e34eb23ba3b23,Enemy_Bokoblin_Middle,Depths21,,0,"['Weapon_Sword_112', 'AsbObj_RockParts_C_S_01', 'BokoblinBasket_Item_Ore_L']",1,,,"[-2261.44, -374.07, 3434.11]",Table,['Minus']
346762,MinusField,C-8,0xa4dd5a6bee052d93,Enemy_Bokoblin_Middle,Depths21,,0,['Weapon_Bow_003'],1,,,"[-2266.4, -374.8, 3449.68]",Table,['Minus_Arrow']
346765,MinusField,C-8,0xbf77c13e7eb21130,Enemy_Bokoblin_Middle,Depths73,,0,"['Weapon_Sword_108', 'Weapon_Shield_005']",1,,,"[-2038.37, -491.31, 3808.11]",Table,['Minus']
346771,MinusField,C-8,0xa8b119a5824d76ce,Enemy_Bokoblin_Middle,Depths73,,0,"['Weapon_Sword_103', 'AsbObj_RockParts_C_S_01', 'BokoblinBasket_Item_Ore_L']",1,,,"[-2031.07, -489.33, 3818.69]",Table,['Minus']
346775,MinusField,C-8,0x12406ebdcb6ee484,Enemy_Bokoblin_Middle,Depths21,,0,"['Weapon_Sword_108', 'AsbObj_RockParts_C_S_01']",1,,,"[-2308.51, -359.72, 3807.54]",Table,['Minus']
363805,MinusField,D-5,0x5ffeea0e2f30453a,Enemy_Bokoblin_Middle,Depths64,,0,"['Weapon_Sword_108', 'AsbObj_RockParts_C_S_01']",1,,,"[-1988.15, -526.4, 183.72]",Table,['Minus']
363818,MinusField,D-5,0x59db98a74ddf85dc,Enemy_Bokoblin_Middle,Depths64,,0,"['Weapon_Sword_103', 'AsbObj_RockParts_C_S_01']",1,,,"[-1744.63, -398.65, 300.99]",Table,['Minus']
363822,MinusField,D-5,0x349bd91544d624ae,Enemy_Bokoblin_Middle,Depths64,,0,"['Weapon_Sword_108', 'AsbObj_RockParts_C_S_01', 'BokoblinBasket_Item_Ore_L']",1,,,"[-1756.47, -399.59, 301]",Table,['Minus']
363823,MinusField,D-5,0x7d5207aa4ae8da45,Enemy_Bokoblin_Middle,Depths64,,0,"['Weapon_Sword_108', 'AsbObj_RockParts_C_S_01']",1,,,"[-1748.39, -399.77, 310.16]",Table,['Minus']
363825,MinusField,D-5,0x86aa66e9290a0aef,Enemy_Bokoblin_Middle,Depths64,,0,['Weapon_Bow_003'],1,,,"[-1743.84, -397.45, 291.77]",Table,['Minus_Arrow']
363829,MinusField,D-5,0xbcd8bc413e0bdf1f,Enemy_Bokoblin_Middle,Depths77,,0,"['Weapon_Sword_103', 'AsbObj_RockParts_C_S_01', 'BokoblinBasket_Item_Ore_L']",1,,,"[-1829.33, -483.2, 971.4]",Table,['Minus']
363850,MinusField,D-5,0x770ac1a83168cc8c,Enemy_Bokoblin_Middle,Depths64,,0,['Weapon_Bow_003'],1,,,"[-1550.96, -394.1, 272.83]",Table,['Minus_Arrow']
363851,MinusField,D-5,0xf6a53d03f71a33ca,Enemy_Bokoblin_Middle,Depths77,,0,"['Weapon_Sword_103', 'AsbObj_RockParts_C_S_01', 'BokoblinBasket_Item_Ore_L']",1,,,"[-1546.57, -394.1, 275.64]",Table,['Minus']
363852,MinusField,D-5,0xb2185fa422187aad,Enemy_Bokoblin_Middle,Depths77,,0,['Weapon_Bow_003'],1,,,"[-1539.75, -398.28, 276.21]",Table,['Minus_Arrow']
363853,MinusField,D-5,0x88e7e82b3ca19497,Enemy_Bokoblin_Middle,Depths64,,0,['Weapon_Bow_003'],1,,,"[-1553.35, -398.38, 270.14]",Table,['Minus_Arrow']
363856,MinusField,D-5,0x5d7ee610a3e0e04d,Enemy_Bokoblin_Middle,Depths77,,0,['Weapon_Bow_003'],1,,,"[-1546.99, -398.51, 281.55]",Table,['Minus_Arrow']
366867,MinusField,D-6,0x1ec666c8961cd923,Enemy_Bokoblin_Middle,Depths32,,0,"['Weapon_Sword_112', 'AsbObj_RockParts_C_S_01', 'BokoblinBasket_Item_Ore_L']",1,,,"[-1507.92, -382.27, 1532.15]",Table,['Minus']
366879,MinusField,D-6,0x1c15f82c12bcf9fd,Enemy_Bokoblin_Middle,Depths77,,0,"['Weapon_Sword_103', 'AsbObj_RockParts_C_S_01']",1,,,"[-1935.63, -447.38, 1179.26]",Table,['Minus']
366883,MinusField,D-6,0xf2c8ba3e30205c0f,Enemy_Bokoblin_Middle,Depths77,,0,"['Weapon_Sword_108', 'AsbObj_RockParts_C_S_01', 'BokoblinBasket_Item_Ore_L']",1,,,"[-1932.61, -448.33, 1190.71]",Table,['Minus']
366884,MinusField,D-6,0x389a8787e772731b,Enemy_Bokoblin_Middle,Depths77,,0,"['Weapon_Sword_108', 'AsbObj_RockParts_C_S_01']",1,,,"[-1925.91, -448.56, 1180.63]",Table,['Minus']
366886,MinusField,D-6,0xa73e26d6b4c0d38d,Enemy_Bokoblin_Middle,Depths77,,0,['Weapon_Bow_003'],1,,,"[-1944.74, -446.19, 1180.84]",Table,['Minus_Arrow']
370588,MinusField,D-7,0xc1e6b2201832a6f7,Enemy_Bokoblin_Middle,Depths73,,0,"['Weapon_Sword_108', 'AsbObj_RockParts_C_S_01']",1,,,"[-1870.42, -343.68, 2321.08]",Table,['Minus']
370599,MinusField,D-7,0xc61639e94eb6b7c9,Enemy_Bokoblin_Middle,Depths73,,1,"['Weapon_Sword_103', 'AsbObj_RockParts_C_S_01', 'BokoblinBasket_Item_Ore_L']",1,,,"[-1909.53, -339.83, 2309.11]",Table,['Minus']
370608,MinusField,D-7,0x55f51be7a1840e8a,Enemy_Bokoblin_Middle,Depths73,,0,"['Weapon_Sword_108', 'AsbObj_RockParts_C_S_01']",1,,,"[-1708.53, -332.75, 2362.81]",Table,['Minus']
370609,MinusField,D-7,0x90f8a7eb74834f2c,Enemy_Bokoblin_Middle,Depths73,,0,"['Weapon_Sword_108', 'AsbObj_RockParts_C_S_01', 'BokoblinBasket_Item_Ore_L']",1,,,"[-1722.86, -332.75, 2352]",Table,['Minus']
370611,MinusField,D-7,0x972d395f6f244ef9,Enemy_Bokoblin_Middle,Depths73,,0,"['Weapon_Sword_108', 'AsbObj_RockParts_C_S_01']",1,,,"[-1708.43, -332.59, 2352.11]",Table,['Minus']
370617,MinusField,D-7,0x762db67567b8de1a,Enemy_Bokoblin_Middle,Depths73,,0,"['Weapon_Sword_108', 'AsbObj_RockParts_C_S_01', 'BokoblinBasket_Item_Ore_L']",1,,,"[-1558.42, -501.99, 2710.11]",Table,['Minus']
370624,MinusField,D-7,0xe0539131bb5f1375,Enemy_Bokoblin_Middle,Depths73,,0,"['Weapon_Sword_103', 'AsbObj_RockParts_C_S_01']",1,,,"[-1567.52, -501.99, 2697.88]",Table,['Minus']
370628,MinusField,D-7,0xad9e02e36026cf2c,Enemy_Bokoblin_Middle,Depths73,,0,"['Weapon_Sword_103', 'AsbObj_RockParts_C_S_01', 'BokoblinBasket_Item_Ore_L']",1,,,"[-1579.12, -501.97, 2705.83]",Table,['Minus']
370662,MinusField,D-7,0xc60ac040d2e0954d,Enemy_Bokoblin_Middle,Depths73,,0,"['Weapon_Sword_103', 'AsbObj_RockParts_C_S_01', 'BokoblinBasket_Item_Ore_L']",1,,,"[-1517.43, -392.27, 2079.78]",Table,['Minus']
370665,MinusField,D-7,0x418ae4b5aa02ab02,Enemy_Bokoblin_Middle,Depths73,,0,"['Weapon_Sword_108', 'AsbObj_RockParts_C_S_01']",1,,,"[-1511.54, -392.16, 2073.75]",Table,['Minus']
370678,MinusField,D-7,0x8c004272ff4009fb,Enemy_Bokoblin_Middle,Depths73,,0,"['Weapon_Sword_103', 'AsbObj_RockParts_C_S_01']",1,,,"[-1130.86, -413.09, 2802.91]",Table,['Minus']
370680,MinusField,D-7,0x43475c8a6919c703,Enemy_Bokoblin_Middle,Depths73,,1,"['Weapon_Sword_112', 'AsbObj_RockParts_C_S_01', 'BokoblinBasket_Item_Ore_L']",1,,,"[-1119.12, -413.28, 2815.84]",Table,['Minus']
373775,MinusField,D-8,0x440f0d7d4550e22e,Enemy_Bokoblin_Middle,Depths73,,0,"['Weapon_Sword_108', 'AsbObj_RockParts_C_S_01']",1,,,"[-1705.06, -510.51, 3852.78]",Table,['Minus']
373776,MinusField,D-8,0x811eac7db7f71289,Enemy_Bokoblin_Middle,Depths73,,0,"['Weapon_Sword_108', 'AsbObj_RockParts_C_S_01', 'BokoblinBasket_Item_Ore_L']",1,,,"[-1697.94, -510.56, 3836.3]",Table,['Minus']
373778,MinusField,D-8,0x88c3c38298d05add,Enemy_Bokoblin_Middle,Depths73,,0,"['Weapon_Sword_108', 'AsbObj_RockParts_C_S_01']",1,,,"[-1694.59, -510.34, 3850.4]",Table,['Minus']
373808,MinusField,D-8,0x6996c804872ab2bf,Enemy_Bokoblin_Middle,Depths73,,0,"['Weapon_Sword_108', 'AsbObj_RockParts_C_S_01']",1,,,"[-1834.61, -507.2, 3754.45]",Table,['Minus']
373809,MinusField,D-8,0x177addfaa7c84c9d,Enemy_Bokoblin_Middle,Depths73,,0,"['Weapon_Sword_108', 'AsbObj_RockParts_C_S_01', 'BokoblinBasket_Item_Ore_L']",1,,,"[-1813.25, -506.51, 3751]",Table,['Minus']
373812,MinusField,D-8,0x63a35357e3b44a9a,Enemy_Bokoblin_Middle,Depths73,,0,['Weapon_Bow_003'],1,,,"[-1821.38, -506.84, 3771.09]",Table,['Minus_Arrow']
373817,MinusField,D-8,0x7744735d1750c67c,Enemy_Bokoblin_Middle,Depths73,,0,"['Weapon_Sword_106', 'AsbObj_RockParts_C_S_01', 'BokoblinBasket_Item_Ore_L']",1,,,"[-1397.94, -606.62, 3871.49]",Table,['Minus']
373820,MinusField,D-8,0x360555f52430a279,Enemy_Bokoblin_Middle,Depths73,,0,['Weapon_Bow_003'],1,,,"[-1410.29, -608.03, 3882.15]",Table,['Minus_Arrow']
373826,MinusField,D-8,0x3b9e4be7dc07badf,Enemy_Bokoblin_Middle,Depths73,,0,"['Weapon_Sword_103', 'AsbObj_RockParts_C_S_01']",1,,,"[-1194.61, -593.34, 3866.3]",Table,['Minus']
373830,MinusField,D-8,0x82678bf0f69f5c12,Enemy_Bokoblin_Middle,Depths73,,0,"['Weapon_Sword_108', 'AsbObj_RockParts_C_S_01', 'BokoblinBasket_Item_Ore_L']",1,,,"[-1205.73, -594.24, 3870.35]",Table,['Minus']
373831,MinusField,D-8,0xdbc066e9b971b734,Enemy_Bokoblin_Middle,Depths73,,0,"['Weapon_Sword_108', 'AsbObj_RockParts_C_S_01']",1,,,"[-1195.05, -594.41, 3876.09]",Table,['Minus']
373833,MinusField,D-8,0x74f7c9ed7a45168f,Enemy_Bokoblin_Middle,Depths73,,0,['Weapon_Bow_003'],1,,,"[-1197.02, -592.14, 3857.37]",Table,['Minus_Arrow']
383206,MinusField,E-4,0xda6fce779a746b66,Enemy_Bokoblin_Middle,Depths79,,0,['Weapon_Sword_113'],1,,,"[-269.4, -2366.64, -737.18]",Table,['Bokoblin_Middle_LastBattle']
383207,MinusField,E-4,0x458ca0e1b030d29f,Enemy_Bokoblin_Middle,Depths79,,0,['Weapon_Sword_112'],1,,,"[-262.44, -2366.88, -745.91]",Table,['Bokoblin_Middle_LastBattle']
383215,MinusField,E-4,0x78b172e88b113ae5,Enemy_Bokoblin_Middle,Depths79,,0,['Weapon_Sword_113'],1,,,"[-228.49, -2366.13, -736.93]",Table,['Bokoblin_Middle_LastBattle']
383218,MinusField,E-4,0xfb6340d68d67d9d0,Enemy_Bokoblin_Middle,Depths79,,0,['Weapon_Sword_112'],1,,,"[-235.83, -2366.88, -745.77]",Table,['Bokoblin_Middle_LastBattle']
383226,MinusField,E-4,0xae5b570e9f9a81c5,Enemy_Bokoblin_Middle,Depths79,,0,"['Weapon_Sword_124', 'Weapon_Shield_003']",1,,,"[-244.22, -2366.48, -761.27]",Table,['Bokoblin_Middle_LastBattle']
383230,MinusField,E-4,0x9087ad5fe1657faa,Enemy_Bokoblin_Middle,Depths79,,0,"['Weapon_Sword_124', 'Weapon_Shield_003']",1,,,"[-254.22, -2366.88, -761.27]",Table,['Bokoblin_Middle_LastBattle']
394713,MinusField,E-7,0x09cb8f5e5010f19e,Enemy_Bokoblin_Middle,Depths70,,1,"['Weapon_Sword_112', 'AsbObj_RockParts_C_S_01', 'BokoblinBasket_Item_Ore_L']",1,,,"[-434.68, -365.85, 2111.45]",Table,['Minus']
394725,MinusField,E-7,0xd3725bc9a5c8c606,Enemy_Bokoblin_Middle,Depths25,,0,"['Weapon_Sword_106', 'AsbObj_RockParts_C_S_01', 'BokoblinBasket_Item_Ore_L']",1,,,"[-123.48, -437.93, 2922.8]",Table,['Minus']
394728,MinusField,E-7,0x887d7a79f0ab667f,Enemy_Bokoblin_Middle,Depths25,,0,['Weapon_Bow_003'],1,,,"[-110.28, -439.44, 2932.49]",Table,['Minus_Arrow']
397313,MinusField,E-8,0xc4772551f0046cf0,Enemy_Bokoblin_Middle,Depths73,,0,"['Weapon_Sword_103', 'AsbObj_RockParts_C_S_01']",1,,,"[-934.83, -429.27, 3098.54]",Table,['Minus']
397314,MinusField,E-8,0xff1be8ef36ee4a9f,Enemy_Bokoblin_Middle,Depths73,,0,"['Weapon_Sword_103', 'AsbObj_RockParts_C_S_01', 'BokoblinBasket_Item_Ore_L']",1,,,"[-913.82, -428.58, 3093.43]",Table,['Minus']
397317,MinusField,E-8,0xd3824bb8723d449a,Enemy_Bokoblin_Middle,Depths73,,0,['Weapon_Bow_003'],1,,,"[-920.36, -428.92, 3114.07]",Table,['Minus_Arrow']
397323,MinusField,E-8,0x61cedbddd2133bbb,Enemy_Bokoblin_Middle,Depths73,,1,['Weapon_Bow_003'],1,,,"[-957.16, -585.88, 3237.08]",Table,['Minus_Arrow']
397324,MinusField,E-8,0xe2d910fe9edbf7bc,Enemy_Bokoblin_Middle,Depths73,,0,"['Weapon_Sword_103', 'AsbObj_RockParts_C_S_01', 'BokoblinBasket_Item_Ore_L']",1,,,"[-952.97, -585.88, 3233.98]",Table,['Minus']
397325,MinusField,E-8,0xbedc42b37c9788fe,Enemy_Bokoblin_Middle,Depths73,,0,['Weapon_Bow_003'],1,,,"[-950, -590.05, 3227.81]",Table,['Minus_Arrow']
397326,MinusField,E-8,0xf80bacd8e359c9b2,Enemy_Bokoblin_Middle,Depths73,,0,['Weapon_Bow_003'],1,,,"[-960.52, -590.02, 3238.32]",Table,['Minus_Arrow']
397329,MinusField,E-8,0x47baad45fc55453e,Enemy_Bokoblin_Middle,Depths73,,0,['Weapon_Bow_003'],1,,,"[-947.59, -590.2, 3236.47]",Table,['Minus_Arrow']
397334,MinusField,E-8,0xb0c0dd51a53b9a90,Enemy_Bokoblin_Middle,Depths25,,1,['Weapon_Bow_003'],1,,,"[-684.24, -470.01, 3202.69]",Table,['Minus_Arrow']
397335,MinusField,E-8,0x35a80a685faa6656,Enemy_Bokoblin_Middle,Depths25,,0,"['Weapon_Sword_108', 'AsbObj_RockParts_C_S_01', 'BokoblinBasket_Item_Ore_L']",1,,,"[-689.44, -470.01, 3203.03]",Table,['Minus']
397336,MinusField,E-8,0xf1f64b3bbd872d93,Enemy_Bokoblin_Middle,Depths25,,0,['Weapon_Bow_003'],1,,,"[-695.28, -474.28, 3206.61]",Table,['Minus_Arrow']
397337,MinusField,E-8,0xcf33e646d3f16a85,Enemy_Bokoblin_Middle,Depths25,,0,['Weapon_Bow_003'],1,,,"[-680.74, -474.34, 3203.46]",Table,['Minus_Arrow']
397340,MinusField,E-8,0x9498e8b93bd1b4d0,Enemy_Bokoblin_Middle,Depths25,,0,['Weapon_Bow_003'],1,,,"[-692.6, -474.35, 3198.02]",Table,['Minus_Arrow']
397345,MinusField,E-8,0xace4aed03cf9dc3a,Enemy_Bokoblin_Middle,Depths104,,0,['Weapon_Bow_003'],1,,,"[-528.82, -398.31, 3915.97]",Table,['Minus_Arrow']
397346,MinusField,E-8,0x50cc64f7f8f5dbb0,Enemy_Bokoblin_Middle,Depths104,,1,"['Weapon_Sword_108', 'AsbObj_RockParts_C_S_01', 'BokoblinBasket_Item_Ore_L']",1,,,"[-523.64, -398.31, 3916.56]",Table,['Minus']
397347,MinusField,E-8,0xfc4ab2b527f8a37e,Enemy_Bokoblin_Middle,Depths104,,0,['Weapon_Bow_003'],1,,,"[-517.26, -402.5, 3914.05]",Table,['Minus_Arrow']
397348,MinusField,E-8,0x3af8b9dfbf07e42a,Enemy_Bokoblin_Middle,Depths104,,0,['Weapon_Bow_003'],1,,,"[-532.15, -402.65, 3914.61]",Table,['Minus_Arrow']
397351,MinusField,E-8,0x9754b328de80aa3e,Enemy_Bokoblin_Middle,Depths104,,0,['Weapon_Bow_003'],1,,,"[-521.41, -402.61, 3922.04]",Table,['Minus_Arrow']
397354,MinusField,E-8,0x38c35b4b94671456,Enemy_Bokoblin_Middle,Depths73,,0,"['Weapon_Sword_108', 'AsbObj_RockParts_C_S_01', 'BokoblinBasket_Item_Ore_L']",1,,,"[-728.71, -399.3, 3801.77]",Table,['Minus']
397355,MinusField,E-8,0x7b628f0c1d3eef5e,Enemy_Bokoblin_Middle,Depths73,,1,"['Weapon_Sword_106', 'AsbObj_RockParts_C_S_01']",1,,,"[-715.27, -399.27, 3792.43]",Table,['Minus']
397363,MinusField,E-8,0xddb238bc71ae6493,Enemy_Bokoblin_Middle,Depths104,,0,"['Weapon_Sword_108', 'AsbObj_RockParts_C_S_01']",1,,,"[-282.87, -363.37, 3283.1]",Table,['Minus']
397365,MinusField,E-8,0xaf137b1c038f6a5b,Enemy_Bokoblin_Middle,Depths104,,1,"['Weapon_Sword_106', 'AsbObj_RockParts_C_S_01', 'BokoblinBasket_Item_Ore_L']",1,,,"[-299.41, -363.37, 3277.6]",Table,['Minus']
400104,MinusField,F-1,0xb794cc1f7d9d5dc3,Enemy_Bokoblin_Middle,Depths94,,0,"['Weapon_Sword_112', 'AsbObj_RockParts_C_S_01']",1,,,"[391.38, -420.69, -3729.74]",Table,['Minus']
400105,MinusField,F-1,0xf181f69b3aa81827,Enemy_Bokoblin_Middle,Depths94,,0,"['Weapon_Sword_112', 'AsbObj_RockParts_C_S_01', 'BokoblinBasket_Item_Ore_L']",1,,,"[396.98, -421, -3746.78]",Table,['Minus']
400107,MinusField,F-1,0xf9b400071f131c50,Enemy_Bokoblin_Middle,Depths94,,0,"['Weapon_Sword_112', 'AsbObj_RockParts_C_S_01']",1,,,"[401.59, -420.82, -3733.04]",Table,['Minus']
400118,MinusField,F-1,0x37d02211e57300be,Enemy_Bokoblin_Middle,Depths51,,1,"['Weapon_Sword_112', 'AsbObj_RockParts_C_S_01']",1,,,"[830.72, -542.89, -3343.69]",Table,['Minus']
400119,MinusField,F-1,0xb521bad0b9112c71,Enemy_Bokoblin_Middle,Depths51,,0,"['Weapon_Sword_112', 'AsbObj_RockParts_C_S_01', 'BokoblinBasket_Item_Ore_L']",1,,,"[837.19, -542.86, -3339.77]",Table,['Minus']
400121,MinusField,F-1,0xf241c7f3ca2470b2,Enemy_Bokoblin_Middle,Depths51,,1,"['Weapon_Sword_112', 'AsbObj_RockParts_C_S_01']",1,,,"[824.21, -542.55, -3344.31]",Table,['Minus']
400141,MinusField,F-1,0xcfc735e4729aba2a,Enemy_Bokoblin_Middle,Depths95,,0,"['Weapon_Sword_112', 'AsbObj_RockParts_C_S_01']",1,,,"[550.16, -456.12, -3626.81]",Table,['Minus']
400143,MinusField,F-1,0xec469fdd8d99522f,Enemy_Bokoblin_Middle,Depths95,,1,"['Weapon_Sword_106', 'AsbObj_RockParts_C_S_01', 'BokoblinBasket_Item_Ore_L']",1,,,"[542, -459.84, -3624.14]",Table,['Minus']
409300,MinusField,F-4,0x90b73baba4c4bb18,Enemy_Bokoblin_Middle,Depths32,,1,"['Weapon_Sword_112', 'AsbObj_RockParts_C_S_01']",1,,,"[668.1, -358.71, -309.53]",Table,['Minus']
412619,MinusField,F-5,0xce06726cb778fbe2,Enemy_Bokoblin_Middle,Depths32,,0,"['Weapon_Sword_112', 'AsbObj_RockParts_C_S_01']",1,,,"[402.05, -387.83, 231.61]",Table,['Minus']
416451,MinusField,F-6,0x8d3b13529029de1f,Enemy_Bokoblin_Middle,Depths49,,0,"['Weapon_Sword_103', 'AsbObj_RockParts_C_S_01', 'BokoblinBasket_Item_Ore_L']",1,,,"[166.64, -391.22, 1933.48]",Table,['Minus']
416480,MinusField,F-6,0x3f4defe6ea46ca53,Enemy_Bokoblin_Middle,Depths49,,0,"['Weapon_Sword_103', 'AsbObj_RockParts_C_S_01', 'BokoblinBasket_Item_Ore_L']",1,,,"[494.72, -357.15, 1654.69]",Table,['Minus']
420482,MinusField,F-7,0x1c0d7a66a82e2322,Enemy_Bokoblin_Middle,Depths49,,0,"['Weapon_Sword_108', 'Weapon_Shield_005']",1,,,"[201.93, -358.7, 2948.11]",Table,['Minus']
420488,MinusField,F-7,0x721e73fa53051c9c,Enemy_Bokoblin_Middle,Depths49,,0,"['Weapon_Sword_103', 'AsbObj_RockParts_C_S_01', 'BokoblinBasket_Item_Ore_L']",1,,,"[207.91, -357.84, 2936.84]",Table,['Minus']
420493,MinusField,F-7,0xbf03bbdc43ca3c86,Enemy_Bokoblin_Middle,Depths49,,0,"['Weapon_Sword_112', 'AsbObj_RockParts_C_S_01', 'BokoblinBasket_Item_Ore_L']",1,,,"[422.15, -368.48, 2871.59]",Table,['Minus']
420496,MinusField,F-7,0x7e4655267eaa0f29,Enemy_Bokoblin_Middle,Depths49,,0,['Weapon_Bow_003'],1,,,"[438.49, -369.99, 2871.41]",Table,['Minus_Arrow']
420589,MinusField,F-7,0x30b38af23370cb6f,Enemy_Bokoblin_Middle,Depths49,,0,"['Weapon_Bow_003', 'ElectricalFruit', 'BokoblinBasket_ElectricalFruit']",1,,,"[1013.88, -359.33, 1880.54]",Table,['Minus_Arrow']
420591,MinusField,F-7,0xaa89129a5a6a69c6,Enemy_Bokoblin_Middle,Depths49,,0,"['Weapon_Sword_108', 'Weapon_Shield_005', 'BokoblinBasket_Item_Ore_L']",1,,,"[1034.21, -358.69, 1898.18]",Table,['Minus']
423736,MinusField,F-8,0xe770c4aee0906e77,Enemy_Bokoblin_Middle,Depths59,,1,"['Weapon_Sword_108', 'AsbObj_RockParts_C_S_01', 'BokoblinBasket_Item_Ore_L']",1,,,"[1009.33, -408.26, 3072.46]",Table,['Minus']
424574,MinusField,G-1,0xcc28646599c1a864,Enemy_Bokoblin_Middle,Depths96,,0,"['Weapon_Sword_112', 'AsbObj_RockParts_C_S_01']",1,,,"[1128.8, -447.78, -3744.36]",Table,['Minus']
424578,MinusField,G-1,0x46a6a690783c0a66,Enemy_Bokoblin_Middle,Depths96,,0,"['Weapon_Sword_112', 'AsbObj_RockParts_C_S_01', 'BokoblinBasket_Item_Ore_L']",1,,,"[1138.38, -448.71, -3751.31]",Table,['Minus']
424579,MinusField,G-1,0xe0c7436f064b569c,Enemy_Bokoblin_Middle,Depths96,,0,"['Weapon_Sword_112', 'AsbObj_RockParts_C_S_01']",1,,,"[1126.53, -448.85, -3753.92]",Table,['Minus']
424581,MinusField,G-1,0x0bd49aacf4075475,Enemy_Bokoblin_Middle,Depths96,,1,['Weapon_Bow_105'],1,,,"[1133.57, -446.59, -3736.43]",Table,['Minus']
424584,MinusField,G-1,0x38004ac9409e9ff0,Enemy_Bokoblin_Middle,Depths103,,0,"['Weapon_Sword_112', 'AsbObj_RockParts_C_S_01']",1,,,"[1676.7, -732.96, -3095.11]",Table,['Minus']
424588,MinusField,G-1,0x9ac70da34246f1e9,Enemy_Bokoblin_Middle,Depths103,,0,"['Weapon_Sword_106', 'AsbObj_RockParts_C_S_01', 'BokoblinBasket_Item_Ore_L']",1,,,"[1670.53, -733.98, -3085]",Table,['Minus']
424589,MinusField,G-1,0xd366373a5c159a19,Enemy_Bokoblin_Middle,Depths103,,0,"['Weapon_Sword_106', 'AsbObj_RockParts_C_S_01']",1,,,"[1682.44, -733.94, -3087.18]",Table,['Minus']
424591,MinusField,G-1,0x68475753dd6935e7,Enemy_Bokoblin_Middle,Depths103,,0,['Weapon_Bow_105'],1,,,"[1669.24, -731.77, -3100.58]",Table,['Minus']
424598,MinusField,G-1,0xcacb7dda541f1bc3,Enemy_Bokoblin_Middle,Depths103,,1,"['Weapon_Sword_112', 'AsbObj_RockParts_C_S_01', 'BokoblinBasket_Item_Ore_L']",1,,,"[1546.78, -736.58, -3192.16]",Table,['Minus']
426338,MinusField,G-2,0x1ade36304ba80b15,Enemy_Bokoblin_Middle,Depths66,,0,['Weapon_Sword_112'],1,,,"[1628.06, -719.45, -2357.79]",Table,['Minus']
426339,MinusField,G-2,0x5c77795e59207479,Enemy_Bokoblin_Middle,Depths66,,0,['Weapon_Sword_106'],1,,,"[1620.74, -719.6, -2359.38]",Table,['Minus']
426344,MinusField,G-2,0x2aee9a197b961ae4,Enemy_Bokoblin_Middle,Depths67,,0,"['Weapon_Sword_106', 'AsbObj_RockParts_C_S_01']",1,,,"[1723.52, -733.28, -2914.29]",Table,['Minus']
426347,MinusField,G-2,0x52762ac7102d1c9d,Enemy_Bokoblin_Middle,Depths67,,0,"['Weapon_Sword_112', 'AsbObj_RockParts_C_S_01']",1,,,"[1730.12, -734.41, -2921.52]",Table,['Minus']
426349,MinusField,G-2,0xe7a76c86024588f7,Enemy_Bokoblin_Middle,Depths67,,0,['Weapon_Bow_105'],1,,,"[1719.68, -732.09, -2905.87]",Table,['Minus']
426390,MinusField,G-2,0xa95615b47594181f,Enemy_Bokoblin_Middle,Depths7,,0,"['Weapon_Sword_112', 'AsbObj_RockParts_C_S_01', 'BokoblinBasket_Item_Ore_L']",1,,,"[1325.6, -741.99, -2017.7]",Table,['Minus']
426395,MinusField,G-2,0xf2c7497a3373467a,Enemy_Bokoblin_Middle,Depths7,,0,['Weapon_Bow_105'],1,,,"[1309.57, -743.54, -2017.04]",Table,['Minus']
426398,MinusField,G-2,0xedb00a28a9ba0f2f,Enemy_Bokoblin_Middle,Depths7,,0,['Weapon_Bow_105'],1,,,"[1337.72, -744.22, -2016.52]",Table,['Minus']
426401,MinusField,G-2,0xf340eda57ad09d56,Enemy_Bokoblin_Middle,Depths66,,0,"['Weapon_Sword_112', 'AsbObj_RockParts_C_S_01']",1,,,"[1697.67, -764.79, -2017.68]",Table,['Minus']
426405,MinusField,G-2,0x4302ac105414e381,Enemy_Bokoblin_Middle,Depths66,,0,"['Weapon_Sword_112', 'AsbObj_RockParts_C_S_01', 'BokoblinBasket_Item_Ore_L']",1,,,"[1706.96, -765.72, -2010.33]",Table,['Minus']
426406,MinusField,G-2,0xa8bbbcdf5dc7e7bd,Enemy_Bokoblin_Middle,Depths66,,0,"['Weapon_Sword_106', 'AsbObj_RockParts_C_S_01']",1,,,"[1706.32, -766.09, -2022.44]",Table,['Minus']
426408,MinusField,G-2,0x351c98fcd8330707,Enemy_Bokoblin_Middle,Depths66,,0,['Weapon_Bow_105'],1,,,"[1691.32, -763.6, -2010.95]",Table,['Minus']
426411,MinusField,G-2,0x3ba560368b3d70a4,Enemy_Bokoblin_Middle,Depths103,,0,"['Weapon_Sword_106', 'AsbObj_RockParts_C_S_01']",1,,,"[1843.27, -739.52, -2334.49]",Table,['Minus']
426415,MinusField,G-2,0x8b2ea2a995b9df17,Enemy_Bokoblin_Middle,Depths103,,0,"['Weapon_Sword_112', 'AsbObj_RockParts_C_S_01', 'BokoblinBasket_Item_Ore_L']",1,,,"[1847.24, -740.07, -2345.65]",Table,['Minus']
426416,MinusField,G-2,0xe259cfa22c8bfb1c,Enemy_Bokoblin_Middle,Depths103,,0,"['Weapon_Sword_106', 'AsbObj_RockParts_C_S_01']",1,,,"[1836.01, -740.42, -2341.11]",Table,['Minus']
426418,MinusField,G-2,0x79206eec6bcf54b5,Enemy_Bokoblin_Middle,Depths103,,1,['Weapon_Bow_105'],1,,,"[1851.69, -738.33, -2330.66]",Table,['Minus']
426503,MinusField,G-2,0xdd1bbc2ba4214e1a,Enemy_Bokoblin_Middle,Depths103,,0,"['Weapon_Sword_106', 'AsbObj_RockParts_C_S_01', 'BokoblinBasket_Item_Ore_L']",1,,,"[1801.45, -737.27, -2624.67]",Table,['Minus']
428535,MinusField,G-3,0xc32a04396868f954,Enemy_Bokoblin_Middle,Depths7,,0,"['Weapon_Sword_112', 'AsbObj_RockParts_C_S_01', 'BokoblinBasket_Item_Ore_L']",1,,,"[1294.35, -604.96, -1660.09]",Table,['Minus']
428544,MinusField,G-3,0x646c315c67505ca4,Enemy_Bokoblin_Middle,Depths17,,0,"['Weapon_Sword_112', 'AsbObj_RockParts_C_S_01', 'BokoblinBasket_Item_Ore_L']",1,,,"[1198.64, -368.55, -1037.78]",Table,['Minus']
428548,MinusField,G-3,0xe7afe4c22af23398,Enemy_Bokoblin_Middle,Depths17,,0,['Weapon_Bow_002'],1,,,"[1193.2, -369.79, -1022.72]",Table,['Minus_Arrow']
428551,MinusField,G-3,0xaa0a3c10debb4a45,Enemy_Bokoblin_Middle,Depths17,,0,['Weapon_Bow_002'],1,,,"[1204.13, -369.86, -1048.7]",Table,['Minus_Arrow']
428555,MinusField,G-3,0xf4f4b97663c84e2d,Enemy_Bokoblin_Middle,Depths66,,0,"['Weapon_Sword_106', 'AsbObj_RockParts_C_S_01', 'BokoblinBasket_Item_Ore_L']",1,,,"[1583.95, -620.67, -1788.2]",Table,['Minus']
428559,MinusField,G-3,0x6926d4ab265f1001,Enemy_Bokoblin_Middle,Depths66,,0,['Weapon_Bow_105'],1,,,"[1567.97, -622.91, -1789.64]",Table,['Minus']
428562,MinusField,G-3,0x1253bf7992dc3b32,Enemy_Bokoblin_Middle,Depths66,,0,['Weapon_Bow_105'],1,,,"[1595.9, -622.33, -1785.9]",Table,['Minus']
431842,MinusField,G-4,0x962bfcf1e1587951,Enemy_Bokoblin_Middle,Depths69,,0,['Weapon_Bow_003'],1,,,"[1515.72, -353.63, -240.4]",Table,['Minus_Arrow']
431843,MinusField,G-4,0x11c3b9e8cc6e3c97,Enemy_Bokoblin_Middle,Depths69,,0,"['Weapon_Sword_103', 'AsbObj_RockParts_C_S_01', 'BokoblinBasket_Item_Ore_L']",1,,,"[1515.09, -353.63, -245.58]",Table,['Minus']
431844,MinusField,G-4,0xd55998b77348ea52,Enemy_Bokoblin_Middle,Depths69,,0,['Weapon_Bow_003'],1,,,"[1511.17, -357.88, -251.21]",Table,['Minus_Arrow']
431845,MinusField,G-4,0x288dedc2f3925b5a,Enemy_Bokoblin_Middle,Depths69,,0,['Weapon_Bow_003'],1,,,"[1515.15, -357.89, -236.87]",Table,['Minus_Arrow']
431848,MinusField,G-4,0xfe77ef3992306312,Enemy_Bokoblin_Middle,Depths69,,0,['Weapon_Bow_003'],1,,,"[1519.9, -357.9, -249.03]",Table,['Minus_Arrow']
431855,MinusField,G-4,0xe83512efac4fc701,Enemy_Bokoblin_Middle,Depths92,,1,"['Weapon_Sword_106', 'AsbObj_RockParts_C_S_01', 'BokoblinBasket_Item_Ore_L']",1,,,"[1844.63, -434.99, -772.11]",Table,['Minus']
433952,MinusField,G-5,0x1c9071c389208297,Enemy_Bokoblin_Middle,Depths69,,0,"['Weapon_Sword_108', 'AsbObj_RockParts_C_S_01']",1,,,"[1891.82, -352.4, 9.61]",Table,['Minus']
439351,MinusField,G-7,0xe6d57d58f2c8c21e,Enemy_Bokoblin_Middle,Depths102,,0,"['Weapon_Lsword_108', 'Item_Ore_L']",0,,,"[1188, -520.5, 2309.5]",Table,['Minus']
441085,MinusField,G-7,0x00a6c676cca1450f,Enemy_Bokoblin_Middle,Depths102,,0,"['Weapon_Sword_112', 'AsbObj_RockParts_C_S_01', 'BokoblinBasket_Item_Ore_L']",1,,,"[1387.26, -466.85, 2778.17]",Table,['Minus']
441088,MinusField,G-7,0xc722a42cf1011767,Enemy_Bokoblin_Middle,Depths102,,0,['Weapon_Bow_003'],1,,,"[1383.51, -468.42, 2762.38]",Table,['Minus_Arrow']
441100,MinusField,G-7,0xb4479d35d887f677,Enemy_Bokoblin_Middle,Depths102,,0,"['Weapon_Sword_108', 'AsbObj_RockParts_C_S_01', 'BokoblinBasket_Item_Ore_L']",1,,,"[1761.81, -522.66, 2431.31]",Table,['Minus']
441103,MinusField,G-7,0x34cfd7389526126e,Enemy_Bokoblin_Middle,Depths102,,0,"['Weapon_Sword_103', 'AsbObj_RockParts_C_S_01']",1,,,"[1768.64, -522.22, 2426.38]",Table,['Minus']
441115,MinusField,G-7,0x4d540219938884f3,Enemy_Bokoblin_Middle,Depths49,,0,"['Weapon_Sword_108', 'AsbObj_RockParts_C_S_01']",1,,,"[1762.38, -357.56, 2163.05]",Table,['Minus']
441129,MinusField,G-7,0x54c6fcc0aca46919,Enemy_Bokoblin_Middle,Depths102,,1,"['Weapon_Sword_108', 'AsbObj_RockParts_C_S_01', 'BokoblinBasket_Item_Ore_L']",1,,,"[1837.97, -670.04, 2754.74]",Table,['Minus']
441139,MinusField,G-7,0x13fbbd432891fb39,Enemy_Bokoblin_Middle,Depths59,,0,"['Weapon_Sword_103', 'AsbObj_RockParts_C_S_01']",1,,,"[1573.59, -598.27, 2945.98]",Table,['Minus']
441143,MinusField,G-7,0x82fafe5a2915598e,Enemy_Bokoblin_Middle,Depths59,,0,"['Weapon_Sword_108', 'AsbObj_RockParts_C_S_01', 'BokoblinBasket_Item_Ore_L']",1,,,"[1571.32, -599.27, 2957.6]",Table,['Minus']
441144,MinusField,G-7,0x3b6cf78d65677590,Enemy_Bokoblin_Middle,Depths59,,0,"['Weapon_Sword_103', 'AsbObj_RockParts_C_S_01']",1,,,"[1581.73, -599.31, 2951.43]",Table,['Minus']
441146,MinusField,G-7,0x5014674db753d908,Enemy_Bokoblin_Middle,Depths59,,0,['Weapon_Bow_003'],1,,,"[1564.7, -597.08, 2943.43]",Table,['Minus_Arrow']
444464,MinusField,G-8,0x35db5626deb7b0ff,Enemy_Bokoblin_Middle,Depths59,,0,"['Weapon_Sword_108', 'Weapon_Shield_005', 'AsbObj_RockParts_C_S_01']",1,,,"[1428.57, -546.9, 3048.82]",Table,['Minus']
444465,MinusField,G-8,0xd7f987915dbcb48f,Enemy_Bokoblin_Middle,Depths59,,1,"['Weapon_Sword_103', 'Weapon_Shield_005']",1,,,"[1420.95, -545.93, 3046.38]",Table,['Minus']
444466,MinusField,G-8,0x5b435aa1c35a80b1,Enemy_Bokoblin_Middle,Depths59,,0,"['Weapon_Sword_103', 'Weapon_Shield_005', 'Item_Ore_L']",1,,,"[1424.76, -546.44, 3047.6]",Table,['Minus']
444467,MinusField,G-8,0x57c4e6b64a938f66,Enemy_Bokoblin_Middle,Depths59,,0,"['Weapon_Sword_103', 'Weapon_Shield_004']",1,,,"[1432.38, -547.38, 3050.04]",Table,['Minus']
444468,MinusField,G-8,0xda6736e10dc7359e,Enemy_Bokoblin_Middle,Depths59,,0,"['Weapon_Sword_108', 'Weapon_Shield_004', 'AsbObj_SharpRock_A_S_01']",1,,,"[1436.19, -547.75, 3051.26]",Table,['Minus']
444469,MinusField,G-8,0x3fd35637a3966bf0,Enemy_Bokoblin_Middle,Depths59,,0,"['Weapon_Sword_103', 'Weapon_Shield_004']",1,,,"[1439.99, -548.01, 3052.48]",Table,['Minus']
444470,MinusField,G-8,0x98c3507d084f6160,Enemy_Bokoblin_Middle,Depths59,,0,"['Weapon_Sword_108', 'Weapon_Shield_004']",1,,,"[1443.8, -548.2, 3053.7]",Table,['Minus']
444471,MinusField,G-8,0xc0206160643c67a3,Enemy_Bokoblin_Middle,Depths59,,0,"['Weapon_Sword_103', 'Weapon_Shield_005', 'BokoblinBasket_Item_Ore_L']",1,,,"[1447.61, -548.27, 3054.92]",Table,['Minus']
444558,MinusField,G-8,0x3d020284dc5390f0,Enemy_Bokoblin_Middle,Depths59,,1,"['Weapon_Sword_108', 'AsbObj_RockParts_C_S_01', 'BokoblinBasket_Item_Ore_L']",1,,,"[1331.27, -451.78, 3442.73]",Table,['Minus']
444578,MinusField,G-8,0xd9171f4f3029c1f6,Enemy_Bokoblin_Middle,Depths59,,0,['Weapon_Bow_003'],1,,,"[1837.77, -368.55, 3496.17]",Table,['Minus_Arrow']
444579,MinusField,G-8,0x5b8ee022739a3c7d,Enemy_Bokoblin_Middle,Depths59,,0,"['Weapon_Sword_108', 'AsbObj_RockParts_C_S_01', 'BokoblinBasket_Item_Ore_L']",1,,,"[1842.4, -368.55, 3498.57]",Table,['Minus']
444580,MinusField,G-8,0x370af584de9963b3,Enemy_Bokoblin_Middle,Depths59,,0,['Weapon_Bow_003'],1,,,"[1849.25, -372.71, 3498.53]",Table,['Minus_Arrow']
444581,MinusField,G-8,0x61b9454424e3e3ce,Enemy_Bokoblin_Middle,Depths59,,0,['Weapon_Bow_003'],1,,,"[1835.14, -372.86, 3493.72]",Table,['Minus_Arrow']
444584,MinusField,G-8,0xcc9a4d7346a7ebf2,Enemy_Bokoblin_Middle,Depths59,,0,['Weapon_Bow_003'],1,,,"[1842.52, -372.86, 3504.49]",Table,['Minus_Arrow']
444604,MinusField,G-8,0x35ebc7381a79ebf0,Enemy_Bokoblin_Middle,Depths59,,1,"['Weapon_Sword_103', 'AsbObj_RockParts_C_S_01', 'BokoblinBasket_Item_Ore_L']",1,,,"[1931.6, -470.31, 3712.9]",Table,['Minus']
445455,MinusField,H-1,0x4d6ba8cd3c9103f3,Enemy_Bokoblin_Middle,Depths7,,0,"['Weapon_Sword_106', 'AsbObj_RockParts_C_S_01']",1,,,"[2396.78, -623.38, -3750.29]",Table,['Minus']
445459,MinusField,H-1,0xd96a66d05a6d9dcd,Enemy_Bokoblin_Middle,Depths7,,0,"['Weapon_Sword_106', 'AsbObj_RockParts_C_S_01', 'BokoblinBasket_Item_Ore_L']",1,,,"[2398.88, -624.24, -3762.01]",Table,['Minus']
445460,MinusField,H-1,0x60fc7e07c11e3d5c,Enemy_Bokoblin_Middle,Depths7,,0,"['Weapon_Sword_112', 'AsbObj_RockParts_C_S_01']",1,,,"[2388.44, -624.88, -3755.75]",Table,['Minus']
445462,MinusField,H-1,0x8aa49ec7d65c89c3,Enemy_Bokoblin_Middle,Depths7,,0,['Weapon_Bow_105'],1,,,"[2405.76, -622.24, -3747.86]",Table,['Minus']
445466,MinusField,H-1,0x6a362851c0101528,Enemy_Bokoblin_Middle,Depths7,,0,"['Weapon_Sword_106', 'AsbObj_RockParts_C_S_01', 'BokoblinBasket_Item_Ore_L']",1,,,"[2090.95, -691.25, -3419.74]",Table,['Minus']
445471,MinusField,H-1,0xf7457d42c431c0c5,Enemy_Bokoblin_Middle,Depths7,,0,['Weapon_Bow_105'],1,,,"[2099.8, -695.29, -3405.52]",Table,['Minus']
445474,MinusField,H-1,0xdccc149453fa1519,Enemy_Bokoblin_Middle,Depths7,,0,['Weapon_Bow_105'],1,,,"[2085.55, -691.41, -3430.7]",Table,['Minus']
446679,MinusField,H-2,0x852a83be83f33e3f,Enemy_Bokoblin_Middle,Depths103,,0,"['Weapon_Sword_112', 'AsbObj_RockParts_C_S_01', 'BokoblinBasket_Item_Ore_L']",1,,,"[2173.28, -854.65, -2458.42]",Table,['Minus']
446681,MinusField,H-2,0x35e5ecf5045bd3d3,Enemy_Bokoblin_Middle,Depths103,,0,['Weapon_Bow_105'],1,,,"[2157.28, -857.73, -2458.33]",Table,['Minus']
446684,MinusField,H-2,0x40548a3b7051052c,Enemy_Bokoblin_Middle,Depths103,,0,['Weapon_Bow_105'],1,,,"[2185.48, -856.68, -2457.76]",Table,['Minus']
446687,MinusField,H-2,0xf5140c6d55f49d8a,Enemy_Bokoblin_Middle,Depths103,,0,"['Weapon_Sword_106', 'AsbObj_RockParts_C_S_01']",1,,,"[1965.54, -793.74, -2660.67]",Table,['Minus']
446691,MinusField,H-2,0x4249ca7e6cf87ac4,Enemy_Bokoblin_Middle,Depths103,,0,"['Weapon_Sword_106', 'AsbObj_RockParts_C_S_01', 'BokoblinBasket_Item_Ore_L']",1,,,"[1976.58, -794.69, -2665.83]",Table,['Minus']
446692,MinusField,H-2,0x199efc77beaa5722,Enemy_Bokoblin_Middle,Depths103,,0,"['Weapon_Sword_106', 'AsbObj_RockParts_C_S_01']",1,,,"[1963.71, -795.33, -2670.35]",Table,['Minus']
446694,MinusField,H-2,0xb4f11216f10808db,Enemy_Bokoblin_Middle,Depths103,,0,['Weapon_Bow_105'],1,,,"[1969.91, -792.55, -2652.52]",Table,['Minus']
446746,MinusField,H-2,0x3fab89914a51c69c,Enemy_Bokoblin_Middle,Depths103,,1,"['Weapon_Sword_106', 'AsbObj_RockParts_C_S_01', 'BokoblinBasket_Item_Ore_L']",1,,,"[2353.2, -856.32, -2224.72]",Table,['Minus']
446751,MinusField,H-2,0xa0ea5f9f5e3033bf,Enemy_Bokoblin_Middle,Depths103,,0,['Weapon_Bow_105'],1,,,"[2338.92, -858.66, -2217.19]",Table,['Minus']
446754,MinusField,H-2,0x7735b355cafad98b,Enemy_Bokoblin_Middle,Depths66,,0,['Weapon_Bow_105'],1,,,"[2364.33, -857.08, -2229.18]",Table,['Minus']
446758,MinusField,H-2,0x4060d96e82204c99,Enemy_Bokoblin_Middle,Depths66,,0,"['Weapon_Sword_106', 'AsbObj_RockParts_C_S_01', 'BokoblinBasket_Item_Ore_L']",1,,,"[2623.17, -855.95, -2985.68]",Table,['Minus']
446762,MinusField,H-2,0xc55b27b507de81bd,Enemy_Bokoblin_Middle,Depths66,,0,['Weapon_Bow_105'],1,,,"[2636.59, -857.34, -2977.26]",Table,['Minus']
446765,MinusField,H-2,0x8efedb63915c37e8,Enemy_Bokoblin_Middle,Depths66,,0,['Weapon_Bow_105'],1,,,"[2613.21, -857.16, -2993.04]",Table,['Minus']
446769,MinusField,H-2,0x70543f220b2a1333,Enemy_Bokoblin_Middle,Depths66,,1,"['Weapon_Sword_112', 'AsbObj_RockParts_C_S_01', 'BokoblinBasket_Item_Ore_L']",1,,,"[2561.39, -857.88, -2240.46]",Table,['Minus']
446774,MinusField,H-2,0xdd5bc0109c197f1e,Enemy_Bokoblin_Middle,Depths66,,0,['Weapon_Bow_105'],1,,,"[2577.03, -859.3, -2236.7]",Table,['Minus']
446777,MinusField,H-2,0xb6fe36ae080015b3,Enemy_Bokoblin_Middle,Depths44,,0,['Weapon_Bow_105'],1,,,"[2549.93, -861.07, -2244.29]",Table,['Minus']
446780,MinusField,H-2,0xe87d09578456be37,Enemy_Bokoblin_Middle,Depths66,,0,"['Weapon_Sword_112', 'AsbObj_RockParts_C_S_01']",1,,,"[2908.63, -856.07, -2425.01]",Table,['Minus']
446784,MinusField,H-2,0x7a75496582915c82,Enemy_Bokoblin_Middle,Depths66,,0,"['Weapon_Sword_106', 'AsbObj_RockParts_C_S_01', 'BokoblinBasket_Item_Ore_L']",1,,,"[2899.04, -856.47, -2431.96]",Table,['Minus']
446785,MinusField,H-2,0xb308b86a18c0b89c,Enemy_Bokoblin_Middle,Depths66,,0,"['Weapon_Sword_112', 'AsbObj_RockParts_C_S_01']",1,,,"[2900.27, -857.17, -2419.92]",Table,['Minus']
446787,MinusField,H-2,0x2f911b691a966a04,Enemy_Bokoblin_Middle,Depths66,,0,['Weapon_Bow_105'],1,,,"[2914.68, -854.88, -2432.02]",Table,['Minus']
448200,MinusField,H-3,0xd2d30934ccee7699,Enemy_Bokoblin_Middle,Depths2,,1,"['Weapon_Sword_108', 'Weapon_Shield_005']",1,,,"[2973.46, -624.05, -1008.82]",Table,['Minus']
448206,MinusField,H-3,0xf10d40b58b94da04,Enemy_Bokoblin_Middle,Depths2,,0,"['Weapon_Sword_108', 'AsbObj_RockParts_C_S_01', 'BokoblinBasket_Item_Ore_L']",1,,,"[2960.64, -622.42, -1005.99]",Table,['Minus']
448211,MinusField,H-3,0x66955387576e3b0c,Enemy_Bokoblin_Middle,Depths66,,0,"['Weapon_Sword_112', 'AsbObj_RockParts_C_S_01', 'BokoblinBasket_Item_Ore_L']",1,,,"[2342.83, -736.91, -1991.9]",Table,['Minus']
448216,MinusField,H-3,0xe5a0209d2aa79fe8,Enemy_Bokoblin_Middle,Depths66,,0,['Weapon_Bow_105'],1,,,"[2337.7, -736.9, -2007.21]",Table,['Minus']
448219,MinusField,H-3,0x98735243be84463c,Enemy_Bokoblin_Middle,Depths66,,0,['Weapon_Bow_105'],1,,,"[2345.46, -738.09, -1980.24]",Table,['Minus']
448222,MinusField,H-3,0xad33420e198eaf7c,Enemy_Bokoblin_Middle,Depths107,,0,"['Weapon_Sword_103', 'AsbObj_RockParts_C_S_01']",1,,,"[2148.19, -474.77, -1070.29]",Table,['Minus']
448226,MinusField,H-3,0x26130c9c7fd7410d,Enemy_Bokoblin_Middle,Depths107,,0,"['Weapon_Sword_108', 'AsbObj_RockParts_C_S_01', 'BokoblinBasket_Item_Ore_L']",1,,,"[2153.73, -475.69, -1080.76]",Table,['Minus']
448227,MinusField,H-3,0x41b26743a20084e5,Enemy_Bokoblin_Middle,Depths107,,1,"['Weapon_Sword_108', 'AsbObj_RockParts_C_S_01']",1,,,"[2141.96, -476.16, -1077.84]",Table,['Minus']
448229,MinusField,H-3,0xf41ad080cdb2208f,Enemy_Bokoblin_Middle,Depths107,,0,['Weapon_Bow_003'],1,,,"[2155.97, -473.57, -1065.28]",Table,['Minus_Arrow']
451107,MinusField,H-4,0x07e7ff5e2b6ab761,Enemy_Bokoblin_Middle,Depths84,,0,"['Weapon_Sword_108', 'AsbObj_RockParts_C_S_01']",1,,,"[2494.51, -490.92, -409.98]",Table,['Minus']
451108,MinusField,H-4,0xcde924588dbde685,Enemy_Bokoblin_Middle,Depths84,,0,"['Weapon_Sword_108', 'AsbObj_RockParts_C_S_01', 'BokoblinBasket_Item_Ore_L']",1,,,"[2510.4, -490.96, -418.33]",Table,['Minus']
451110,MinusField,H-4,0xc9aa52e776063133,Enemy_Bokoblin_Middle,Depths84,,0,"['Weapon_Sword_103', 'AsbObj_RockParts_C_S_01']",1,,,"[2503.85, -490.54, -404.92]",Table,['Minus']
451156,MinusField,H-4,0x85885a076b348810,Enemy_Bokoblin_Middle,Depths84,,1,"['Weapon_Sword_108', 'AsbObj_RockParts_C_S_01']",1,,,"[2575.46, -490.22, -8.69]",Table,['Minus']
451167,MinusField,H-4,0x84f4358719acb471,Enemy_Bokoblin_Middle,Depths84,,1,"['Weapon_Sword_103', 'AsbObj_RockParts_C_S_01', 'BokoblinBasket_Item_Ore_L']",1,,,"[2585.41, -484.23, 30.97]",Table,['Minus']
451185,MinusField,H-4,0xa87092f33e87f3cd,Enemy_Bokoblin_Middle,Depths84,,0,"['Weapon_Sword_103', 'Weapon_Shield_005']",1,,,"[2331.37, -464.67, -411.01]",Table,['Minus']
451191,MinusField,H-4,0xa90e5a563b521744,Enemy_Bokoblin_Middle,Depths84,,0,"['Weapon_Sword_103', 'AsbObj_RockParts_C_S_01', 'BokoblinBasket_Item_Ore_L']",1,,,"[2327.65, -463.44, -398.68]",Table,['Minus']
451197,MinusField,H-4,0x18d764abd6518d5e,Enemy_Bokoblin_Middle,Depths17,,0,"['Weapon_Sword_103', 'AsbObj_RockParts_C_S_01']",1,,,"[1989.88, -361.87, -183.45]",Table,['Minus']
451198,MinusField,H-4,0xddfc70ad17722dba,Enemy_Bokoblin_Middle,Depths17,,0,"['Weapon_Sword_103', 'AsbObj_RockParts_C_S_01', 'BokoblinBasket_Item_Ore_L']",1,,,"[2005.88, -361.2, -197.99]",Table,['Minus']
451201,MinusField,H-4,0x2102fcf41b1a6bb5,Enemy_Bokoblin_Middle,Depths17,,0,['Weapon_Bow_003'],1,,,"[2010.03, -361.59, -176.76]",Table,['Minus_Arrow']
451207,MinusField,H-4,0x7114a953a75d13b7,Enemy_Bokoblin_Middle,Depths17,,0,['Weapon_Bow_003'],1,,,"[2434.3, -460.41, -508.47]",Table,['Minus_Arrow']
451208,MinusField,H-4,0xf2dd9475dd9617ad,Enemy_Bokoblin_Middle,Depths17,,1,"['Weapon_Sword_108', 'AsbObj_RockParts_C_S_01', 'BokoblinBasket_Item_Ore_L']",1,,,"[2434.68, -460.41, -503.27]",Table,['Minus']
451209,MinusField,H-4,0x5e22a716bf949c8a,Enemy_Bokoblin_Middle,Depths17,,0,['Weapon_Bow_003'],1,,,"[2438.32, -464.41, -497.47]",Table,['Minus_Arrow']
451210,MinusField,H-4,0x99ef30ad5717f5be,Enemy_Bokoblin_Middle,Depths17,,0,['Weapon_Bow_003'],1,,,"[2434.97, -464.76, -512.1]",Table,['Minus_Arrow']
451213,MinusField,H-4,0x77743e9e35b42129,Enemy_Bokoblin_Middle,Depths17,,0,['Weapon_Bow_003'],1,,,"[2429.71, -464.49, -500.07]",Table,['Minus_Arrow']
451215,MinusField,H-4,0x1cf2aa3f8f995f0f,Enemy_Bokoblin_Middle,Depths84,,1,"['Weapon_Sword_103', 'AsbObj_RockParts_C_S_01']",1,,,"[2656.97, -441.2, -90.44]",Table,['Minus']
451217,MinusField,H-4,0x3849e85873a86ef4,Enemy_Bokoblin_Middle,Depths84,,0,"['Weapon_Sword_103', 'AsbObj_RockParts_C_S_01', 'BokoblinBasket_Item_Ore_L']",1,,,"[2665.57, -445.32, -89.91]",Table,['Minus']
451228,MinusField,H-4,0x0b1f64901bb71669,Enemy_Bokoblin_Middle,Depths107,,0,"['Weapon_Sword_106', 'AsbObj_RockParts_C_S_01', 'BokoblinBasket_Item_Ore_L']",1,,,"[2177.35, -448.94, -918.05]",Table,['Minus']
451239,MinusField,H-4,0x78ab2716cd7d2a41,Enemy_Bokoblin_Middle,Depths92,,1,"['Weapon_Sword_106', 'AsbObj_RockParts_C_S_01', 'BokoblinBasket_Item_Ore_L']",1,,,"[2372.02, -392.95, -623.63]",Table,['Minus']
451244,MinusField,H-4,0x365cf34f80912b1e,Enemy_Bokoblin_Middle,Depths17,,0,"['Weapon_Sword_108', 'Weapon_Shield_005']",1,,,"[2193.09, -399.93, -368.05]",Table,['Minus']
451250,MinusField,H-4,0x5b8eeaa4cd4c0f97,Enemy_Bokoblin_Middle,Depths17,,0,"['Weapon_Sword_103', 'AsbObj_RockParts_C_S_01', 'BokoblinBasket_Item_Ore_L']",1,,,"[2180.92, -397.89, -363.87]",Table,['Minus']
454292,MinusField,H-5,0xd3f8f75afcae153f,Enemy_Bokoblin_Middle,Depths11,,0,"['Weapon_Sword_108', 'AsbObj_RockParts_C_S_01']",1,,,"[2759.86, -475.88, 619.72]",Table,['Minus']
454313,MinusField,H-5,0xb2aa144efcffc67c,Enemy_Bokoblin_Middle,Depths11,,0,"['Weapon_Sword_103', 'Weapon_Shield_005']",1,,,"[2907.99, -559.23, 1049.45]",Table,['Minus']
454319,MinusField,H-5,0x50c4f39383e363b1,Enemy_Bokoblin_Middle,Depths11,,0,"['Weapon_Sword_108', 'AsbObj_RockParts_C_S_01', 'BokoblinBasket_Item_Ore_L']",1,,,"[2901.67, -557.39, 1061]",Table,['Minus']
454322,MinusField,H-5,0xb2bb3af95af73648,Enemy_Bokoblin_Middle,Depths11,,1,"['Weapon_Sword_103', 'AsbObj_RockParts_C_S_01']",1,,,"[2877.44, -440.94, 507.55]",Table,['Minus']
454324,MinusField,H-5,0xd6d0da1fad7a97a4,Enemy_Bokoblin_Middle,Depths11,,0,"['Weapon_Sword_103', 'AsbObj_RockParts_C_S_01', 'BokoblinBasket_Item_Ore_L']",1,,,"[2869.37, -445.07, 510.59]",Table,['Minus']
467268,MinusField,I-1,0xd828b09a08d57e88,Enemy_Bokoblin_Middle,Depths22,,0,"['Weapon_Sword_112', 'AsbObj_RockParts_C_S_01']",1,,,"[3272.03, -343.42, -3275.4]",Table,['Minus']
467277,MinusField,I-1,0x119755416b77ea73,Enemy_Bokoblin_Middle,Depths22,,0,"['Weapon_Sword_103', 'AsbObj_RockParts_C_S_01']",1,,,"[3278.81, -345.36, -3285.92]",Table,['Minus']
467298,MinusField,I-1,0x9ad57680bb7bf1b2,Enemy_Bokoblin_Middle,Depths22,,0,['Weapon_Bow_003'],1,,,"[3152.05, -426.36, -3444.36]",Table,['Minus_Arrow']
467299,MinusField,I-1,0x19cd0e29fc743533,Enemy_Bokoblin_Middle,Depths22,,0,"['Weapon_Sword_108', 'AsbObj_RockParts_C_S_01', 'BokoblinBasket_Item_Ore_L']",1,,,"[3156.4, -426.36, -3447.23]",Table,['Minus']
467300,MinusField,I-1,0xf547ef479a765277,Enemy_Bokoblin_Middle,Depths22,,0,['Weapon_Bow_003'],1,,,"[3159.71, -431.7, -3453.23]",Table,['Minus_Arrow']
467301,MinusField,I-1,0x20fb720dbdc013a9,Enemy_Bokoblin_Middle,Depths22,,1,['Weapon_Bow_003'],1,,,"[3147.87, -431.16, -3443.12]",Table,['Minus_Arrow']
467304,MinusField,I-1,0x8b5d78f81ec61cb7,Enemy_Bokoblin_Middle,Depths22,,0,['Weapon_Bow_003'],1,,,"[3161.63, -431.86, -3444.44]",Table,['Minus_Arrow']
467309,MinusField,I-1,0x740a3366b3f394bf,Enemy_Bokoblin_Middle,Depths22,,1,['Weapon_Bow_003'],1,,,"[3553.39, -364.13, -3169.25]",Table,['Minus_Arrow']
467310,MinusField,I-1,0xf1b04c0512fb51b1,Enemy_Bokoblin_Middle,Depths22,,0,"['Weapon_Sword_108', 'AsbObj_RockParts_C_S_01', 'BokoblinBasket_Item_Ore_L']",1,,,"[3550.31, -364.13, -3173.45]",Table,['Minus']
467311,MinusField,I-1,0x557732a2c1fc4a7a,Enemy_Bokoblin_Middle,Depths22,,0,['Weapon_Bow_003'],1,,,"[3544.15, -368.44, -3176.45]",Table,['Minus_Arrow']
467312,MinusField,I-1,0x9bb53f1dad3ab4b6,Enemy_Bokoblin_Middle,Depths22,,0,['Weapon_Bow_003'],1,,,"[3554.62, -368.45, -3165.88]",Table,['Minus_Arrow']
467315,MinusField,I-1,0x70a1310a40ac833a,Enemy_Bokoblin_Middle,Depths22,,0,['Weapon_Bow_003'],1,,,"[3552.83, -368.49, -3178.81]",Table,['Minus_Arrow']
467319,MinusField,I-1,0x674a80debbde9ab7,Enemy_Bokoblin_Middle,Depths20,,0,"['Weapon_Sword_106', 'AsbObj_RockParts_C_S_01', 'BokoblinBasket_Item_Ore_L']",1,,,"[3611.67, -531.01, -3440.61]",Table,['Minus']
467322,MinusField,I-1,0x2409be6867feed0e,Enemy_Bokoblin_Middle,Depths20,,0,['Weapon_Bow_104'],1,,,"[3599.33, -532.52, -3429.88]",Table,['Minus_Arrow']
467331,MinusField,I-1,0xfe3f094afebf7b0a,Enemy_Bokoblin_Middle,Depths7,,1,"['Weapon_Sword_112', 'AsbObj_RockParts_C_S_01', 'BokoblinBasket_Item_Ore_L']",1,,,"[3019.77, -542.81, -3448.32]",Table,['Minus']
470061,MinusField,I-2,0x9f3d303ce8609670,Enemy_Bokoblin_Middle,Depths2,,0,"['Weapon_Sword_108', 'AsbObj_RockParts_C_S_01', 'BokoblinBasket_Item_Ore_L']",1,,,"[3922.56, -396.4, -2617.08]",Table,['Minus']
470064,MinusField,I-2,0x21e174095cc74f52,Enemy_Bokoblin_Middle,Depths2,,0,"['Weapon_Sword_103', 'AsbObj_RockParts_C_S_01']",1,,,"[3930.83, -397.08, -2615.53]",Table,['Minus']
470068,MinusField,I-2,0xdaaa0944bc0d1b08,Enemy_Bokoblin_Middle,Depths2,,0,"['Weapon_Sword_106', 'AsbObj_RockParts_C_S_01', 'BokoblinBasket_Item_Ore_L']",1,,,"[3831.14, -394.64, -2768.67]",Table,['Minus']
470071,MinusField,I-2,0x81b7eb426aab45f7,Enemy_Bokoblin_Middle,Depths2,,1,['Weapon_Bow_003'],1,,,"[3845.15, -396.19, -2760.31]",Table,['Minus_Arrow']
472719,MinusField,I-3,0x7c4f68f310d9b5fb,Enemy_Bokoblin_Middle,Depths2,,0,"['Weapon_Sword_108', 'Weapon_Shield_005']",1,,,"[3302.38, -751.44, -1480.58]",Table,['Minus']
472720,MinusField,I-3,0x0a70caec94ef364a,Enemy_Bokoblin_Middle,Depths2,,1,"['Weapon_Sword_103', 'Weapon_Shield_004', 'AsbObj_RockParts_C_S_01']",1,,,"[3303.72, -751.44, -1489.59]",Table,['Minus']
472721,MinusField,I-3,0x86bea57230a06405,Enemy_Bokoblin_Middle,Depths2,,1,"['Weapon_Sword_108', 'Weapon_Shield_005']",1,,,"[3308.63, -751.49, -1485.98]",Table,['Minus']
472722,MinusField,I-3,0x8252abecbb242e53,Enemy_Bokoblin_Middle,Depths2,,0,"['Weapon_Sword_108', 'Weapon_Shield_005']",1,,,"[3313.23, -751.59, -1478.34]",Table,['Minus']
472723,MinusField,I-3,0x1f1b839664d8b3db,Enemy_Bokoblin_Middle,Depths2,,0,"['Weapon_Sword_103', 'Weapon_Shield_005', 'AsbObj_RockParts_C_S_01']",1,,,"[3309.62, -751.59, -1474.03]",Table,['Minus']
472724,MinusField,I-3,0x7d78997cf221cccb,Enemy_Bokoblin_Middle,Depths2,,1,"['Weapon_Sword_103', 'Weapon_Shield_005']",1,,,"[3306.3, -751.54, -1469.74]",Table,['Minus']
472725,MinusField,I-3,0xc7546f36d9538b6b,Enemy_Bokoblin_Middle,Depths2,,0,"['Weapon_Sword_103', 'Weapon_Shield_005']",1,,,"[3315.88, -751.53, -1466.52]",Table,['Minus']
472726,MinusField,I-3,0x1118b1d5abedd5a8,Enemy_Bokoblin_Middle,Depths2,,1,"['Weapon_Sword_103', 'Weapon_Shield_004', 'Item_Ore_L', 'BokoblinBasket_Item_Ore_L']",1,,,"[3310.62, -751.38, -1462.07]",Table,['Minus']
472728,MinusField,I-3,0xc2e8e7bfb18c1de4,Enemy_Bokoblin_Middle,Depths2,,0,"['Weapon_Sword_108', 'Weapon_Shield_004']",1,,,"[3116.41, -656.59, -1289.37]",Table,['Minus']
472729,MinusField,I-3,0x350415b2c592e743,Enemy_Bokoblin_Middle,Depths2,,0,"['Weapon_Sword_108', 'Weapon_Shield_005', 'Item_Ore_L']",1,,,"[3106.19, -656.59, -1303.06]",Table,['Minus']
472730,MinusField,I-3,0x62d9cfe8dcac4274,Enemy_Bokoblin_Middle,Depths2,,0,"['Weapon_Sword_108', 'Weapon_Shield_004', 'AsbObj_RockParts_C_S_01']",1,,,"[3102.06, -656.59, -1289.25]",Table,['Minus']
472731,MinusField,I-3,0x83b0282635dcbe51,Enemy_Bokoblin_Middle,Depths2,,1,"['Weapon_Sword_103', 'Weapon_Shield_005']",1,,,"[3097.95, -656.59, -1296.37]",Table,['Minus']
472732,MinusField,I-3,0x0f12250409565215,Enemy_Bokoblin_Middle,Depths2,,0,"['Weapon_Sword_108', 'Weapon_Shield_005', 'BokoblinBasket_Item_Ore_L']",1,,,"[3123.99, -656.59, -1298.17]",Table,['Minus']
472909,MinusField,I-3,0xf69ef01862f3649b,Enemy_Bokoblin_Middle,Depths2,,0,"['Weapon_Sword_103', 'AsbObj_RockParts_C_S_01']",1,,,"[3285.19, -556.54, -1192.18]",Table,['Minus']
472921,MinusField,I-3,0x5df11c154cefb45a,Enemy_Bokoblin_Middle,Depths2,,0,"['Weapon_Sword_108', 'AsbObj_RockParts_C_S_01']",1,,,"[3023.74, -618.1, -1114.86]",Table,['Minus']
472922,MinusField,I-3,0x23e2f68de99d6887,Enemy_Bokoblin_Middle,Depths2,,0,"['Weapon_Sword_108', 'AsbObj_RockParts_C_S_01', 'BokoblinBasket_Item_Ore_L']",1,,,"[3041.12, -618.14, -1119.33]",Table,['Minus']
472924,MinusField,I-3,0x1811781df07a47cc,Enemy_Bokoblin_Middle,Depths2,,0,"['Weapon_Sword_108', 'AsbObj_RockParts_C_S_01']",1,,,"[3031.65, -617.69, -1107.81]",Table,['Minus']
472955,MinusField,I-3,0x6a91a72e363b49e3,Enemy_Bokoblin_Middle,Depths33,,1,"['Weapon_Sword_108', 'AsbObj_RockParts_C_S_01']",1,,,"[3871.71, -588.88, -1296.15]",Table,['Minus']
472966,MinusField,I-3,0x657d495e9fb847ad,Enemy_Bokoblin_Middle,Depths33,,0,"['Weapon_Sword_108', 'AsbObj_RockParts_C_S_01', 'BokoblinBasket_Item_Ore_L']",1,,,"[3910.77, -582.89, -1308.2]",Table,['Minus']
472986,MinusField,I-3,0xfde84289790ebcb8,Enemy_Bokoblin_Middle,Depths33,,0,"['Weapon_Sword_103', 'AsbObj_RockParts_C_S_01']",1,,,"[3506.39, -435.05, -1626.01]",Table,['Minus']
472990,MinusField,I-3,0x66ea8d225eb6decf,Enemy_Bokoblin_Middle,Depths33,,0,"['Weapon_Sword_108', 'AsbObj_RockParts_C_S_01', 'BokoblinBasket_Item_Ore_L']",1,,,"[3501.34, -435.68, -1636.73]",Table,['Minus']
472991,MinusField,I-3,0x8153a62b4484a420,Enemy_Bokoblin_Middle,Depths33,,0,"['Weapon_Sword_108', 'AsbObj_RockParts_C_S_01']",1,,,"[3496.59, -436.41, -1625.58]",Table,['Minus']
472993,MinusField,I-3,0x3464b773e95e0049,Enemy_Bokoblin_Middle,Depths33,,0,['Weapon_Bow_003'],1,,,"[3515.05, -433.69, -1629.2]",Table,['Minus_Arrow']
472996,MinusField,I-3,0xf40f8dea70be3998,Enemy_Bokoblin_Middle,Depths2,,0,"['Weapon_Sword_103', 'AsbObj_RockParts_C_S_01']",1,,,"[3242.06, -559.98, -1309.89]",Table,['Minus']
473009,MinusField,I-3,0x7376a8abffa9d513,Enemy_Bokoblin_Middle,Depths2,,1,"['Weapon_Sword_103', 'AsbObj_RockParts_C_S_01']",1,,,"[3446.4, -563.27, -1163.98]",Table,['Minus']
473011,MinusField,I-3,0x1fd72d6c70aa16c8,Enemy_Bokoblin_Middle,Depths2,,0,"['Weapon_Sword_108', 'AsbObj_RockParts_C_S_01', 'BokoblinBasket_Item_Ore_L']",1,,,"[3440.35, -567.48, -1157.86]",Table,['Minus']
473017,MinusField,I-3,0xf0f5ff94d3e6f283,Enemy_Bokoblin_Middle,Depths33,,0,"['Weapon_Sword_112', 'AsbObj_RockParts_C_S_01', 'BokoblinBasket_Item_Ore_L']",1,,,"[3642.1, -438.6, -1933.68]",Table,['Minus']
473020,MinusField,I-3,0xb9f41d8efcc776ea,Enemy_Bokoblin_Middle,Depths33,,0,['Weapon_Bow_003'],1,,,"[3658.33, -439.96, -1935.46]",Table,['Minus_Arrow']
473026,MinusField,I-3,0xa97171bcd8c56b1f,Enemy_Bokoblin_Middle,Depths33,,0,"['Weapon_Sword_103', 'AsbObj_RockParts_C_S_01']",1,,,"[3706.17, -433.73, -1457.14]",Table,['Minus']
473030,MinusField,I-3,0x1472bd0f3a218aaa,Enemy_Bokoblin_Middle,Depths33,,0,"['Weapon_Sword_108', 'AsbObj_RockParts_C_S_01', 'BokoblinBasket_Item_Ore_L']",1,,,"[3711.12, -434.73, -1446.39]",Table,['Minus']
473031,MinusField,I-3,0x4dfcb2b8f5f3f187,Enemy_Bokoblin_Middle,Depths33,,0,"['Weapon_Sword_108', 'AsbObj_RockParts_C_S_01']",1,,,"[3715.96, -434.96, -1457.49]",Table,['Minus']
473033,MinusField,I-3,0xea1c43164607b5e0,Enemy_Bokoblin_Middle,Depths33,,0,['Weapon_Bow_003'],1,,,"[3697.46, -432.54, -1454]",Table,['Minus_Arrow']
476161,MinusField,I-4,0x6f9be502ddd56aac,Enemy_Bokoblin_Middle,Depths85,,0,"['Weapon_Sword_108', 'AsbObj_RockParts_C_S_01']",1,,,"[3471.16, -746.98, -967.67]",Table,['Minus']
476183,MinusField,I-4,0x8c623ca97f95ff85,Enemy_Bokoblin_Middle,Depths34,,0,"['Weapon_Sword_108', 'AsbObj_RockParts_C_S_01']",1,,,"[3313.04, -734.07, -834.05]",Table,['Minus']
476185,MinusField,I-4,0x9339e6d80883c82e,Enemy_Bokoblin_Middle,Depths34,,0,"['Weapon_Sword_103', 'AsbObj_RockParts_C_S_01', 'BokoblinBasket_Item_Ore_L']",1,,,"[3306.38, -738.02, -839.53]",Table,['Minus']
476188,MinusField,I-4,0x72012109d363919f,Enemy_Bokoblin_Middle,Depths34,,0,"['Weapon_Sword_108', 'Weapon_Shield_005']",1,,,"[2925.66, -549.8, -191.27]",Table,['Minus']
476194,MinusField,I-4,0x0ce3399896487904,Enemy_Bokoblin_Middle,Depths34,,0,"['Weapon_Sword_103', 'AsbObj_RockParts_C_S_01', 'BokoblinBasket_Item_Ore_L']",1,,,"[2931.78, -547.97, -202.58]",Table,['Minus']
476197,MinusField,I-4,0x2b8ad04f61787df0,Enemy_Bokoblin_Middle,Depths56,,1,"['Weapon_Sword_103', 'AsbObj_RockParts_C_S_01', 'BokoblinBasket_Item_Ore_L']",1,,,"[3836.3, -589.62, -963.22]",Table,['Minus']
476200,MinusField,I-4,0xa81bec57ebc9e0f2,Enemy_Bokoblin_Middle,Depths56,,0,"['Weapon_Sword_103', 'AsbObj_RockParts_C_S_01']",1,,,"[3840.02, -589.54, -970.78]",Table,['Minus']
476201,MinusField,I-4,0x3242c8055e65a353,Enemy_Bokoblin_Middle,Depths85,,0,"['Weapon_Sword_108', 'Weapon_Shield_005']",1,,,"[3804.55, -755.16, -796.43]",Table,['Minus']
476207,MinusField,I-4,0x51201062935c566c,Enemy_Bokoblin_Middle,Depths85,,0,"['Weapon_Sword_103', 'AsbObj_RockParts_C_S_01', 'BokoblinBasket_Item_Ore_L']",1,,,"[3793.8, -754.25, -789.32]",Table,['Minus']
476211,MinusField,I-4,0xb1a995378db0418b,Enemy_Bokoblin_Middle,Depths34,,0,"['Weapon_Sword_108', 'AsbObj_RockParts_C_S_01']",1,,,"[3690.01, -695.84, -582.99]",Table,['Minus']
476224,MinusField,I-4,0x8cafea2c4d4441d4,Enemy_Bokoblin_Middle,Depths85,,0,"['Weapon_Sword_103', 'AsbObj_RockParts_C_S_01']",1,,,"[3565.76, -758.72, -764.55]",Table,['Minus']
476228,MinusField,I-4,0x062729bf4bafa397,Enemy_Bokoblin_Middle,Depths85,,0,"['Weapon_Sword_108', 'AsbObj_RockParts_C_S_01', 'BokoblinBasket_Item_Ore_L']",1,,,"[3554.24, -759.06, -767.3]",Table,['Minus']
476229,MinusField,I-4,0xaf4437b041dee873,Enemy_Bokoblin_Middle,Depths85,,0,"['Weapon_Sword_103', 'AsbObj_RockParts_C_S_01']",1,,,"[3559.99, -759.22, -756.66]",Table,['Minus']
476231,MinusField,I-4,0xd464e457f1985f25,Enemy_Bokoblin_Middle,Depths85,,0,['Weapon_Bow_003'],1,,,"[3568.67, -757.53, -773.34]",Table,['Minus_Arrow']
476235,MinusField,I-4,0x46d6872086e0f417,Enemy_Bokoblin_Middle,Depths34,,1,"['Weapon_Sword_108', 'AsbObj_RockParts_C_S_01', 'BokoblinBasket_Item_Ore_L']",1,,,"[3985.53, -590.44, -186.98]",Table,['Minus']
479105,MinusField,I-5,0xc436906eaaa547a9,Enemy_Bokoblin_Middle,Depths34,,0,"['Weapon_Sword_103', 'AsbObj_RockParts_C_S_01', 'BokoblinBasket_Item_Ore_L']",1,,,"[3725.44, -632.38, 83.28]",Table,['Minus']
479112,MinusField,I-5,0x567bf68a0e3f10d0,Enemy_Bokoblin_Middle,Depths34,,0,"['Weapon_Sword_108', 'AsbObj_RockParts_C_S_01']",1,,,"[3725.69, -632.44, 68.06]",Table,['Minus']
479116,MinusField,I-5,0x1bf064c252e64890,Enemy_Bokoblin_Middle,Depths34,,0,"['Weapon_Sword_108', 'AsbObj_RockParts_C_S_01', 'BokoblinBasket_Item_Ore_L']",1,,,"[3711.66, -632.42, 67.26]",Table,['Minus']
479143,MinusField,I-5,0x9b65375a173858c1,Enemy_Bokoblin_Middle,Depths34,,0,"['Weapon_Sword_108', 'AsbObj_RockParts_C_S_01']",1,,,"[3659.47, -587.88, 99.7]",Table,['Minus']
479144,MinusField,I-5,0x41090fbd341e729b,Enemy_Bokoblin_Middle,Depths34,,0,"['Weapon_Sword_103', 'AsbObj_RockParts_C_S_01', 'BokoblinBasket_Item_Ore_L']",1,,,"[3648.77, -587.54, 118.46]",Table,['Minus']
479147,MinusField,I-5,0xacf2ae17f2215084,Enemy_Bokoblin_Middle,Depths34,,0,['Weapon_Bow_003'],1,,,"[3638.24, -587.93, 99.53]",Table,['Minus_Arrow']
479152,MinusField,I-5,0x2111edb816864bb5,Enemy_Bokoblin_Middle,Depths68,,1,"['Weapon_Sword_103', 'AsbObj_RockParts_C_S_01', 'BokoblinBasket_Item_Ore_L']",1,,,"[3949.56, -376.01, 325.96]",Table,['Minus']
489784,MinusField,J-2,0x0e0541589d62f301,Enemy_Bokoblin_Middle,Depths20,,0,"['Weapon_Sword_112', 'AsbObj_RockParts_C_S_01', 'BokoblinBasket_Item_Ore_L']",1,,,"[4057.71, -491.67, -2938.15]",Table,['Minus']
489787,MinusField,J-2,0xefbda2face7d5d9c,Enemy_Bokoblin_Middle,Depths20,,1,['Weapon_Bow_003'],1,,,"[4073.29, -493.17, -2942.97]",Table,['Minus_Arrow']
489792,MinusField,J-2,0xbf670bf53d39856f,Enemy_Bokoblin_Middle,Depths2,,0,"['Weapon_Sword_112', 'AsbObj_RockParts_C_S_01', 'BokoblinBasket_Item_Ore_L']",1,,,"[4222.68, -358.99, -2227.19]",Table,['Minus']
489803,MinusField,J-2,0xa300367cdcc91439,Enemy_Bokoblin_Middle,Depths2,,0,"['Weapon_Sword_103', 'AsbObj_RockParts_C_S_01']",1,,,"[4054.53, -419.66, -2472.58]",Table,['Minus']
489804,MinusField,J-2,0x6e5ccd1fcc2df693,Enemy_Bokoblin_Middle,Depths2,,0,"['Weapon_Sword_108', 'AsbObj_RockParts_C_S_01', 'BokoblinBasket_Item_Ore_L']",1,,,"[4072.27, -418.93, -2460.17]",Table,['Minus']
489807,MinusField,J-2,0xaa5ba8a552039c90,Enemy_Bokoblin_Middle,Depths2,,0,['Weapon_Bow_003'],1,,,"[4052.46, -419.45, -2451.39]",Table,['Minus_Arrow']
493254,MinusField,J-4,0xe4f7a35c934fd556,Enemy_Bokoblin_Middle,Depths56,,1,"['Weapon_Sword_103', 'AsbObj_RockParts_C_S_01']",1,,,"[4044.81, -574.58, -723.58]",Table,['Minus']
493265,MinusField,J-4,0xe58709ad25937bcd,Enemy_Bokoblin_Middle,Depths56,,0,"['Weapon_Sword_103', 'AsbObj_RockParts_C_S_01', 'BokoblinBasket_Item_Ore_L']",1,,,"[4075.87, -568.58, -750.18]",Table,['Minus']
493277,MinusField,J-4,0xa126838036ba28e4,Enemy_Bokoblin_Middle,Depths56,,0,"['Weapon_Sword_103', 'Weapon_Shield_005']",1,,,"[4366.34, -621.8, -797.54]",Table,['Minus']
493283,MinusField,J-4,0xa008cb21bb90c03e,Enemy_Bokoblin_Middle,Depths56,,0,"['Weapon_Sword_108', 'AsbObj_RockParts_C_S_01', 'BokoblinBasket_Item_Ore_L']",1,,,"[4378.95, -619.78, -795.17]",Table,['Minus']
493288,MinusField,J-4,0x679d76dec1a131a3,Enemy_Bokoblin_Middle,Depths56,,0,"['Weapon_Sword_112', 'AsbObj_RockParts_C_S_01', 'BokoblinBasket_Item_Ore_L']",1,,,"[4116.9, -603.35, -608.61]",Table,['Minus']
493296,MinusField,J-4,0x64c75613bd912cc3,Enemy_Bokoblin_Middle,Depths85,,0,"['Weapon_Sword_112', 'AsbObj_RockParts_C_S_01', 'BokoblinBasket_Item_Ore_L']",1,,,"[4157.51, -660.15, -139.31]",Table,['Minus']
493299,MinusField,J-4,0x25827473ee703e2b,Enemy_Bokoblin_Middle,Depths85,,0,['Weapon_Bow_003'],1,,,"[4165.53, -661.87, -153.69]",Table,['Minus_Arrow']
494747,MinusField,J-5,0xc66bcc4f4ea6228d,Enemy_Bokoblin_Middle,Depths68,,1,"['Weapon_Sword_108', 'AsbObj_RockParts_C_S_01', 'BokoblinBasket_Item_Ore_L']",1,,,"[4364.3, -388.57, 106.48]",Table,['Minus']
494757,MinusField,J-5,0xd84094e726f0cbe2,Enemy_Bokoblin_Middle,Depths68,,0,"['Weapon_Sword_103', 'AsbObj_RockParts_C_S_01']",1,,,"[4490.25, -412.5, 318.79]",Table,['Minus']
494761,MinusField,J-5,0xbd82d685edf66ae8,Enemy_Bokoblin_Middle,Depths68,,0,"['Weapon_Sword_108', 'AsbObj_RockParts_C_S_01', 'BokoblinBasket_Item_Ore_L']",1,,,"[4492.23, -412.49, 330.45]",Table,['Minus']
494762,MinusField,J-5,0xe4ed1cf152c76c7b,Enemy_Bokoblin_Middle,Depths68,,0,"['Weapon_Sword_108', 'AsbObj_RockParts_C_S_01']",1,,,"[4499.72, -410.58, 321.03]",Table,['Minus']
494764,MinusField,J-5,0x0b8ca291401b38d2,Enemy_Bokoblin_Middle,Depths68,,0,['Weapon_Bow_003'],1,,,"[4481.04, -411.31, 319.56]",Table,['Minus_Arrow']
494767,MinusField,J-5,0x734bebf806f81387,Enemy_Bokoblin_Middle,Depths68,,0,"['Weapon_Sword_108', 'AsbObj_RockParts_C_S_01', 'BokoblinBasket_Item_Ore_L']",1,,,"[4480.63, -396.1, 773.48]",Table,['Minus']
497064,MinusField,J-8,0x1d268ed25b25bc3f,Enemy_Bokoblin_Middle,Depths28,,0,"['Weapon_Sword_112', 'Weapon_Shield_005', 'Weapon_Sword_112']",1,,,"[4582.08, -366.54, 3673.84]",Table,['Minus']
497068,MinusField,J-8,0xc883f176b8073533,Enemy_Bokoblin_Middle,Depths28,,0,"['Weapon_Spear_112', 'Weapon_Spear_112']",1,,,"[4537.81, -366.92, 3569.79]",Table,['Minus']
497078,MinusField,J-8,0xa467cc2d91a1a7df,Enemy_Bokoblin_Middle,Depths28,,0,"['Weapon_Lsword_112', 'Weapon_Lsword_112']",1,,,"[4585.76, -366.54, 3671.83]",Table,['Minus']
497079,MinusField,J-8,0x3baf17cfdf037d58,Enemy_Bokoblin_Middle,Depths28,,0,"['Weapon_Spear_112', 'Weapon_Spear_112']",1,,,"[4590.45, -366.54, 3669.61]",Table,['Minus']
