objid,map_type,map_name,hash_id,name,fieldarea,region,scale,equip,map_static,korok_id,korok_type,pos,drop.type,drop.value
1209,MainField,A-1,0xa73091ce0ef18b9f,Enemy_Bokoblin_Senior,Surface39,Rospro Pass,0,,1,,,"[-4367.45, 491.47, -3517.84]",Table,['Default']
3532,MainField,A-2,0x2fcf8fa75cd2f347,Enemy_Bokoblin_Senior,Surface107,Rospro Pass,1,,1,,,"[-4536.76, 336.68, -2759.39]",Table,['Default']
6476,MainField,A-5,0xef8b3344dca8729d,Enemy_Bokoblin_Senior,Surface0,Gerudo Highlands,0,"['Weapon_Bow_027', 'IceFruit', 'BokoblinBasket_IceFruit']",1,,,"[-4429.7, 679.65, 712.04]",Table,['Ice']
6477,MainField,A-5,0xef8b3344c97b78e5,Enemy_Bokoblin_Senior,Surface0,Gerudo Highlands,1,"['Weapon_Sword_109', 'Weapon_Shield_006']",1,,,"[-4430.63, 679.65, 716.5]",Table,['Default']
6626,MainField,A-5,0x1250df2a34d0c3c5,Enemy_Bokoblin_Senior,Surface0,Gerudo Highlands,0,['Weapon_Spear_108'],1,,,"[-4580.5, 643.64, 972.18]",Table,['Default']
9092,MainField,A-6,0xef8b33444e7ca4b3,Enemy_Bokoblin_Senior,Surface0,Gerudo Highlands,0,['Weapon_Sword_108'],1,,,"[-4025.09, 592.99, 1186.89]",Table,['Default']
9094,MainField,A-6,0xef8b3344c68124c1,Enemy_Bokoblin_Senior,Surface0,Gerudo Highlands,0,['Weapon_Bow_027'],1,,,"[-4013.68, 591.11, 1176.69]",Table,['Arrow']
9098,MainField,A-6,0xef8b33445cd5b19a,Enemy_Bokoblin_Senior,Surface0,Gerudo Highlands,0,['Weapon_Bow_027'],1,,,"[-4296.66, 604.77, 1073.43]",Table,['Arrow']
9099,MainField,A-6,0xef8b334454540b8a,Enemy_Bokoblin_Senior,Surface0,Gerudo Highlands,0,"['Weapon_Sword_108', 'AsbObj_RockParts_C_S_01']",1,,,"[-4293.59, 597.78, 1079.14]",Table,['Default']
9295,MainField,A-6,0x31019a242d543a60,Enemy_Bokoblin_Senior,Surface0,Gerudo Highlands,1,"['Weapon_Bow_027', 'IceFruit', 'BokoblinBasket_IceFruit']",1,,,"[-4759.28, 612.85, 1364.47]",Table,['Ice']
9296,MainField,A-6,0xb2e2242930a36f32,Enemy_Bokoblin_Senior,Surface0,Gerudo Highlands,1,,1,,,"[-4750.65, 612.94, 1366.56]",Table,['Default']
9331,MainField,A-6,0x85168fb7e46c4a96,Enemy_Bokoblin_Senior,Surface72,Gerudo Highlands,0,"['Weapon_Sword_108', 'Weapon_Shield_006']",1,,,"[-4236.51, 297, 1684.89]",Table,['Default']
9378,MainField,A-6,0xd633fef313cb0bb4,Enemy_Bokoblin_Senior,Surface4,Gerudo Highlands,0,,1,,,"[-4325.03, 417.39, 1450.11]",Table,['Default']
9390,MainField,A-6,0xd877aaf9cc0fd074,Enemy_Bokoblin_Senior,Surface4,Gerudo Highlands,0,,1,,,"[-4319.55, 415.77, 1465.48]",Table,['Default']
9392,MainField,A-6,0xf2781af12fd2e39b,Enemy_Bokoblin_Senior,Surface4,Gerudo Highlands,0,['Weapon_Sword_108'],1,,,"[-4315.71, 416.07, 1463.3]",Table,['Default']
11018,MainField,A-7,0x178f77c408daaf8e,Enemy_Bokoblin_Senior,Surface21,Gerudo Canyon,0,"['Weapon_Bow_027', 'FireFruit', 'BokoblinBasket_FireFruit']",0,,,"[-4273.06, 145.2, 2820.41]",Table,['Fire']
11020,MainField,A-7,0xda741dc5d25e0419,Enemy_Bokoblin_Senior,Surface21,Gerudo Canyon,0,['Weapon_Lsword_113'],0,,,"[-4297.72, 143.73, 2827.65]",Table,['Default']
11815,MainField,A-7,0x79b4a92360f7a846,Enemy_Bokoblin_Senior,Surface21,Gerudo Canyon,0,['Weapon_Sword_108'],1,,,"[-4435, 161.61, 2253.99]",Table,['Default']
11816,MainField,A-7,0xf0ae239a0f7a7a4a,Enemy_Bokoblin_Senior,Surface21,Gerudo Canyon,1,['Weapon_Bow_027'],1,,,"[-4430.65, 160.54, 2246.51]",Table,['Arrow']
11817,MainField,A-7,0x0bdba86c682acb9b,Enemy_Bokoblin_Senior,Surface21,Gerudo Canyon,0,['Weapon_Sword_108'],1,,,"[-4439.33, 160.49, 2246.5]",Table,['Default']
11818,MainField,A-7,0xb81cd109306d5187,Enemy_Bokoblin_Senior,Surface21,Gerudo Canyon,0,,1,,,"[-4247.35, 179.22, 2432.41]",Table,['Default']
11822,MainField,A-7,0xe0467042cbd5e901,Enemy_Bokoblin_Senior,Surface21,Gerudo Canyon,0,,1,,,"[-4248.77, 179.68, 2428]",Table,['Default']
11901,MainField,A-7,0x0747f6540e79bbd1,Enemy_Bokoblin_Senior,Surface21,Gerudo Canyon,0,"['Weapon_Sword_108', 'Weapon_Shield_006']",1,,,"[-4290.16, 144.63, 2852.82]",Table,['Default']
11902,MainField,A-7,0x63695adc3cf9c3fa,Enemy_Bokoblin_Senior,Surface21,Gerudo Canyon,1,"['Weapon_Sword_108', 'Weapon_Shield_006']",1,,,"[-4281.03, 144.64, 2846.65]",Table,['Default']
11903,MainField,A-7,0xec7f4897021117f3,Enemy_Bokoblin_Senior,Surface21,Gerudo Canyon,0,['Weapon_Sword_108'],1,,,"[-4287.2, 144.28, 2847.01]",Table,['Default']
13908,MainField,A-8,0x0376b59767112f46,Enemy_Bokoblin_Senior,Surface40,Gerudo Canyon,0,['Weapon_Spear_108'],1,,,"[-4641.99, 132.86, 3870.99]",Table,['Default']
13909,MainField,A-8,0xdfac591c10e0dadd,Enemy_Bokoblin_Senior,Surface40,Gerudo Canyon,0,['Weapon_Sword_108'],1,,,"[-4650, 133.31, 3875]",Table,['Default']
13987,MainField,A-8,0x60c0d10472a391e1,Enemy_Bokoblin_Senior,Surface21,Gerudo Canyon,0,['Weapon_Sword_108'],1,,,"[-4458.03, 140.47, 3258.54]",Table,['Default']
13991,MainField,A-8,0xa37b98124927c270,Enemy_Bokoblin_Senior,Surface21,Gerudo Canyon,0,['Weapon_Sword_108'],1,,,"[-4500.39, 148.02, 3111.1]",Table,['Default']
13992,MainField,A-8,0x31d721ae87b9abe2,Enemy_Bokoblin_Senior,Surface21,Gerudo Canyon,0,['Weapon_Spear_108'],1,,,"[-4509.04, 147.69, 3111.13]",Table,['Default']
13995,MainField,A-8,0x4601fce5aea61454,Enemy_Bokoblin_Senior,Surface21,Gerudo Canyon,1,['Weapon_Lsword_108'],1,,,"[-4154.86, 146.43, 3052.65]",Table,['Default']
14000,MainField,A-8,0x2f8d7a2c4699cbc7,Enemy_Bokoblin_Senior,Surface21,Gerudo Canyon,0,['Weapon_Sword_108'],1,,,"[-4177.5, 133.52, 3617.5]",Table,['Default']
14004,MainField,A-8,0xb36ff9530123b2da,Enemy_Bokoblin_Senior,Surface21,Gerudo Canyon,0,['Weapon_Sword_108'],1,,,"[-4543.39, 137.27, 3284.98]",Table,['Default']
14007,MainField,A-8,0x952dbc7a47a49204,Enemy_Bokoblin_Senior,Surface21,Gerudo Canyon,0,"['Weapon_Sword_108', 'Weapon_Shield_006']",1,,,"[-4205.42, 147.22, 3258.28]",Table,['Default']
14008,MainField,A-8,0x96498cc5eecdb8e4,Enemy_Bokoblin_Senior,Surface21,Gerudo Canyon,0,"['Weapon_Bow_027', 'ElectricalFruit', 'BokoblinBasket_ElectricalFruit']",1,,,"[-4200.44, 148.32, 3261.5]",Table,['Thunder']
21195,MainField,B-2,0x0a1c1cd43e72c578,Enemy_Bokoblin_Senior,Surface3,Rospro Pass,0,['Weapon_Lsword_020'],1,,,"[-3027.59, 646.65, -2748.09]",Table,['Default']
30192,MainField,B-5,0xef8b3344b16f5a15,Enemy_Bokoblin_Senior,Surface4,Gerudo Highlands,0,,0,,,"[-3597.13, 373.57, 542.06]",Table,['Default']
31244,MainField,B-5,0x1a1677f02c7c41cf,Enemy_Bokoblin_Senior,Surface4,Gerudo Highlands,0,"['Weapon_Sword_108', 'Weapon_Shield_006']",0,,,"[-3527.28, 250.28, 376.3]",Table,['Default']
31260,MainField,B-5,0xf407458d371551f7,Enemy_Bokoblin_Senior,Surface4,Gerudo Highlands,1,"['Weapon_Bow_027', 'FireFruit', 'BokoblinBasket_FireFruit']",0,,,"[-3671.85, 477.8, 608.38]",Table,['Fire']
31261,MainField,B-5,0xfb2a121558e4765b,Enemy_Bokoblin_Senior,Surface4,Gerudo Highlands,0,"['Weapon_Bow_027', 'FireFruit', 'BokoblinBasket_FireFruit']",0,,,"[-3653.69, 478.91, 635.75]",Table,['Fire']
32659,MainField,B-5,0xef8b3344ee7260f9,Enemy_Bokoblin_Senior,Surface4,Gerudo Highlands,0,,1,,,"[-3591, 390.68, 578]",Table,['Default']
32777,MainField,B-5,0x1185de000a4e9897,Enemy_Bokoblin_Senior,Surface4,Gerudo Highlands,0,"['Weapon_Sword_108', 'Weapon_Shield_006']",1,,,"[-3278.17, 393.21, 576.93]",Table,['Default']
32800,MainField,B-5,0xd710b490cdbf8c02,Enemy_Bokoblin_Senior,Surface0,Gerudo Highlands,0,['BokoblinBasket_Ice'],1,,,"[-3575.12, 708.13, 777.81]",Table,['Default']
32801,MainField,B-5,0x815f5cff62cd154e,Enemy_Bokoblin_Senior,Surface0,Gerudo Highlands,0,"['Weapon_Sword_108', 'Weapon_Shield_005', 'BrokenSnowBallForAttachmentSmall']",1,,,"[-3574.79, 709.61, 785.45]",Table,['Default']
32802,MainField,B-5,0x2acc41a7898b7ea7,Enemy_Bokoblin_Senior,Surface0,Gerudo Highlands,0,"['Weapon_Sword_108', 'Weapon_Shield_006', 'AsbObj_Icicle_A_01']",1,,,"[-3574.95, 708.85, 781.61]",Table,['Default']
32803,MainField,B-5,0xbfc14510e3e6ee62,Enemy_Bokoblin_Senior,Surface0,Gerudo Highlands,0,"['Weapon_Sword_108', 'Weapon_Shield_005', 'AsbObj_RockParts_C_S_01']",1,,,"[-3575.26, 707.56, 773.97]",Table,['Default']
32804,MainField,B-5,0xdb6f69fff7cf1edd,Enemy_Bokoblin_Senior,Surface0,Gerudo Highlands,0,"['Weapon_Sword_108', 'Weapon_Shield_006', 'BokoblinBasket_Item_Fruit_B']",1,,,"[-3575.44, 707.01, 770.18]",Table,['Default']
32806,MainField,B-5,0xb386c62b36db099e,Enemy_Bokoblin_Senior,Surface4,Gerudo Highlands,0,['Weapon_Sword_108'],1,,,"[-3166.87, 296.36, 556.1]",Table,['Default']
32809,MainField,B-5,0xd24f413db4286811,Enemy_Bokoblin_Senior,Surface4,Gerudo Highlands,0,['Weapon_Sword_108'],1,,,"[-3174.4, 287.01, 509.36]",Table,['Default']
32814,MainField,B-5,0x6cc2562ea5b8ac6e,Enemy_Bokoblin_Senior,Surface0,Gerudo Highlands,0,['BokoblinBasket_Ice'],1,,,"[-3972.4, 542.62, 381.23]",Table,['Default']
32815,MainField,B-5,0x44914f0e0ead73f8,Enemy_Bokoblin_Senior,Surface0,Gerudo Highlands,0,"['Weapon_Sword_108', 'Weapon_Shield_005']",1,,,"[-3972.25, 544.29, 389.05]",Table,['Default']
32816,MainField,B-5,0xfc9f40c720b71dc2,Enemy_Bokoblin_Senior,Surface0,Gerudo Highlands,0,"['Weapon_Sword_108', 'Weapon_Shield_005']",1,,,"[-3972.32, 543.43, 385.14]",Table,['Default']
32817,MainField,B-5,0x501f4576ce430fc0,Enemy_Bokoblin_Senior,Surface0,Gerudo Highlands,0,"['Weapon_Sword_108', 'Weapon_Shield_005', 'AsbObj_Icicle_A_01']",1,,,"[-3972.47, 541.75, 377.32]",Table,['Default']
32818,MainField,B-5,0x731966ccf293ffae,Enemy_Bokoblin_Senior,Surface0,Gerudo Highlands,0,"['Weapon_Sword_108', 'Weapon_Shield_005', 'BokoblinBasket_Item_Fruit_B']",1,,,"[-3972.56, 540.79, 373.43]",Table,['Default']
32833,MainField,B-5,0xbaf97a325e39531d,Enemy_Bokoblin_Senior,Surface4,Gerudo Highlands,0,"['Weapon_Bow_027', 'FireFruit', 'BokoblinBasket_FireFruit']",1,,,"[-3681.53, 481.45, 581.26]",Table,['Fire']
32836,MainField,B-5,0x8a995174db0d1ca6,Enemy_Bokoblin_Senior,Surface4,Gerudo Highlands,0,"['Weapon_Bow_027', 'FireFruit', 'BokoblinBasket_FireFruit']",1,,,"[-3637.26, 483.09, 660.48]",Table,['Fire']
33362,MainField,B-6,0x3d14de63cc318c38,Enemy_Bokoblin_Senior,Surface106,Gerudo Highlands,0,"['Weapon_Bow_027', 'ElectricalFruit', 'BokoblinBasket_ElectricalFruit']",0,,,"[-3605.8, 215.11, 1835.4]",Table,['Thunder']
35278,MainField,B-6,0xe27fba57e5c41e0d,Enemy_Bokoblin_Senior,Surface4,Gerudo Highlands,0,['Weapon_Bow_027'],0,,,"[-3409.5, 459.02, 1764.65]",Table,['Arrow']
35279,MainField,B-6,0x8e689c92cb2f248d,Enemy_Bokoblin_Senior,Surface4,Gerudo Highlands,0,"['Weapon_Sword_108', 'Weapon_Shield_006', 'Obj_LiftRockGerudo_A_01']",0,,,"[-3400.05, 459.03, 1762.57]",Table,['Default']
35281,MainField,B-6,0xf4013063f1ea1c19,Enemy_Bokoblin_Senior,Surface4,Gerudo Highlands,0,['Weapon_Spear_108'],0,,,"[-3401.68, 450.85, 1745.05]",Table,['Default']
37057,MainField,B-6,0x8e1034cac62dd5f1,Enemy_Bokoblin_Senior,Surface106,Gerudo Highlands,0,"['Weapon_Bow_027', 'ElectricalFruit', 'BokoblinBasket_ElectricalFruit']",1,,,"[-3653.9, 269.87, 1766.4]",Table,['Thunder']
37058,MainField,B-6,0x4c6f42b50464f067,Enemy_Bokoblin_Senior,Surface106,Gerudo Highlands,0,"['Weapon_Sword_108', 'Weapon_Shield_006', 'Item_Enemy_16']",1,,,"[-3772, 322.98, 1825]",Table,['Default']
37258,MainField,B-6,0xe62c11d0899a94f7,Enemy_Bokoblin_Senior,Surface0,Gerudo Highlands,1,,1,,,"[-3067.67, 667.77, 1610.88]",Table,['Default']
37259,MainField,B-6,0x0db6a3bf43068a18,Enemy_Bokoblin_Senior,Surface0,Gerudo Highlands,0,,1,,,"[-3069.54, 667.74, 1602.31]",Table,['Default']
37359,MainField,B-6,0x05280b7b4f57d34e,Enemy_Bokoblin_Senior,Surface4,Gerudo Highlands,0,,1,,,"[-3808.96, 413.04, 1531.33]",Table,['Default']
37360,MainField,B-6,0x2be1d0b2754c757d,Enemy_Bokoblin_Senior,Surface4,Gerudo Highlands,0,,1,,,"[-3798.54, 413.26, 1534.86]",Table,['Default']
37361,MainField,B-6,0xa406e6a177f872b3,Enemy_Bokoblin_Senior,Surface4,Gerudo Highlands,0,,1,,,"[-3805.19, 413.24, 1536.23]",Table,['Default']
37673,MainField,B-6,0x52b3844d440bd2c4,Enemy_Bokoblin_Senior,Surface106,Gerudo Highlands,0,['Weapon_Spear_108'],1,,,"[-3054.53, 319.43, 1947.26]",Table,['Default']
37674,MainField,B-6,0x77f0396756bd8c63,Enemy_Bokoblin_Senior,Surface106,Gerudo Highlands,0,['Weapon_Sword_108'],1,,,"[-3060.87, 320.31, 1954.47]",Table,['Default']
37687,MainField,B-6,0xbf1b7e2f1bfe1763,Enemy_Bokoblin_Senior,Surface106,Gerudo Highlands,1,,1,,,"[-3895.41, 360.17, 1891.21]",Table,['Default']
37688,MainField,B-6,0x542011cd990f04fa,Enemy_Bokoblin_Senior,Surface106,Gerudo Highlands,0,,1,,,"[-3886.97, 361.08, 1886.31]",Table,['Default']
38782,MainField,B-7,0x175664eb35e16019,Enemy_Bokoblin_Senior,Surface72,Gerudo Canyon,0,['Weapon_Lsword_129'],0,,,"[-3587.56, 141.05, 2546.35]",Table,['Default']
38791,MainField,B-7,0x0e3ce36042da9aad,Enemy_Bokoblin_Senior,Surface72,Gerudo Canyon,0,['Weapon_Lsword_108'],0,,,"[-3436.12, 146.01, 2976.02]",Table,['Default']
38833,MainField,B-7,0xb03c8f0842e94231,Enemy_Bokoblin_Senior,Surface72,Gerudo Canyon,0,"['Weapon_Spear_129', 'Item_Mushroom_H']",0,,,"[-3460.8, 181.54, 2956.76]",Table,['Default']
38894,MainField,B-7,0x1334b9ccaf0091a8,Enemy_Bokoblin_Senior,Surface72,Gerudo Canyon,0,,0,,,"[-3591.05, 162.15, 2510.7]",Table,['Default']
38898,MainField,B-7,0x9d10c324e6d419a1,Enemy_Bokoblin_Senior,Surface72,Gerudo Canyon,0,,0,,,"[-3601.33, 170.38, 2494.23]",Table,['Default']
40394,MainField,B-7,0x536fe9e317fa9465,Enemy_Bokoblin_Senior,Surface72,Gerudo Highlands,0,['Weapon_Bow_027'],0,,,"[-3793, 255.86, 2154]",Table,['Arrow']
40395,MainField,B-7,0xf110e4a4104bc7c6,Enemy_Bokoblin_Senior,Surface72,Gerudo Highlands,0,['Weapon_Spear_108'],0,,,"[-3840, 245.33, 2114]",Table,['Default']
40396,MainField,B-7,0xf0d814f084ccd5a1,Enemy_Bokoblin_Senior,Surface72,Gerudo Highlands,0,,0,,,"[-3826, 243.57, 2176]",Table,['Default']
41895,MainField,B-7,0x22d183f280917e1f,Enemy_Bokoblin_Senior,Surface72,Gerudo Highlands,1,['Weapon_Lsword_108'],1,,,"[-3188.99, 124.62, 2224.49]",Table,['Default']
41902,MainField,B-7,0x9712bb0902b54bf7,Enemy_Bokoblin_Senior,Surface72,Gerudo Canyon,0,['Weapon_Bow_027'],1,,,"[-3399.51, 139.69, 2263.39]",Table,['Arrow']
41903,MainField,B-7,0xc7b88d4b9ab7d61f,Enemy_Bokoblin_Senior,Surface72,Gerudo Canyon,0,['Weapon_Sword_108'],1,,,"[-3395.21, 139.95, 2255.89]",Table,['Default']
41906,MainField,B-7,0x558a909f79f7d449,Enemy_Bokoblin_Senior,Surface72,Gerudo Canyon,0,['Weapon_Bow_027'],1,,,"[-3469.39, 138.56, 2383.1]",Table,['Arrow']
41907,MainField,B-7,0x4a004574e1236195,Enemy_Bokoblin_Senior,Surface72,Gerudo Canyon,0,['Weapon_Sword_129'],1,,,"[-3465.97, 138.02, 2377]",Table,['Default']
41908,MainField,B-7,0xedd4c212103b80f3,Enemy_Bokoblin_Senior,Surface72,Gerudo Canyon,0,['Weapon_Sword_108'],1,,,"[-3473.39, 138.99, 2377]",Table,['Default']
41916,MainField,B-7,0x29e1c21ae7fe2fea,Enemy_Bokoblin_Senior,Surface72,Gerudo Canyon,0,['Weapon_Bow_027'],1,,,"[-3944.92, 160.69, 2319.99]",Table,['Arrow']
41917,MainField,B-7,0x59556dced678a1da,Enemy_Bokoblin_Senior,Surface72,Gerudo Canyon,0,['Weapon_Sword_108'],1,,,"[-3934.97, 157.21, 2318]",Table,['Default']
41946,MainField,B-7,0x2991f5b15f637d53,Enemy_Bokoblin_Senior,Surface72,Gerudo Canyon,1,['Weapon_Lsword_108'],1,,,"[-3024.08, 125.07, 2701.23]",Table,['Default']
42020,MainField,B-7,0x181444ed73bb0304,Enemy_Bokoblin_Senior,Surface72,Gerudo Highlands,0,['Weapon_Lsword_108'],1,,,"[-3376.24, 135.41, 2103.06]",Table,['Default']
42641,MainField,B-7,0x3a64636f287b4b2f,Enemy_Bokoblin_Senior,Surface72,Gerudo Canyon,0,['Weapon_Spear_108'],1,,,"[-3920.15, 159.92, 2334.94]",Table,['Default']
42716,MainField,B-7,0x7a7a182956ba19a9,Enemy_Bokoblin_Senior,Surface72,Gerudo Highlands,0,['Weapon_Sword_108'],1,,,"[-3812.1, 245.76, 2139.98]",Table,['Default']
42717,MainField,B-7,0x58b37100463be1a0,Enemy_Bokoblin_Senior,Surface72,Gerudo Highlands,0,['Weapon_Lsword_108'],1,,,"[-3818.71, 246.06, 2134.34]",Table,['Default']
42718,MainField,B-7,0xfafaf94d7c297e8f,Enemy_Bokoblin_Senior,Surface72,Gerudo Highlands,0,,1,,,"[-3843, 242.1, 2142]",Table,['Default']
42739,MainField,B-7,0xe4ef34e96cfcd154,Enemy_Bokoblin_Senior,Surface72,Gerudo Canyon,0,['Weapon_Sword_108'],1,,,"[-3732.83, 140.56, 2421.28]",Table,['Default']
42742,MainField,B-7,0xa8d9208fc1305a09,Enemy_Bokoblin_Senior,Surface72,Gerudo Canyon,1,['Weapon_Sword_108'],1,,,"[-3623.93, 144.69, 2857.45]",Table,['Default']
42743,MainField,B-7,0xa7b9e8e82342c0ab,Enemy_Bokoblin_Senior,Surface72,Gerudo Canyon,0,['Weapon_Spear_108'],1,,,"[-3618.54, 144.81, 2859.08]",Table,['Default']
42747,MainField,B-7,0x4c2f6ed92a7faa1e,Enemy_Bokoblin_Senior,Surface72,Gerudo Canyon,0,['Weapon_Sword_108'],1,,,"[-3296.12, 145.29, 2844.11]",Table,['Default']
42748,MainField,B-7,0xdc32c95f6c9c4328,Enemy_Bokoblin_Senior,Surface72,Gerudo Canyon,0,['Weapon_Spear_108'],1,,,"[-3303.48, 144.76, 2849.63]",Table,['Default']
42759,MainField,B-7,0xfc202a5071d5d134,Enemy_Bokoblin_Senior,Surface72,Gerudo Canyon,1,"['Weapon_Bow_027', 'ElectricalFruit', 'BokoblinBasket_ElectricalFruit']",1,,,"[-3602.5, 143.51, 2742.25]",Table,['Thunder']
42796,MainField,B-7,0x2ae68e68d14c8d95,Enemy_Bokoblin_Senior,Surface106,Gerudo Highlands,0,,1,,,"[-3651.97, 285.16, 2145.73]",Table,['Default']
42797,MainField,B-7,0x6fad12bf8efcc046,Enemy_Bokoblin_Senior,Surface106,Gerudo Highlands,0,,1,,,"[-3659.38, 285.22, 2153.68]",Table,['Default']
46370,MainField,B-8,0xd86174b028302df5,Enemy_Bokoblin_Senior,Surface21,Gerudo Canyon,0,['Weapon_Sword_108'],1,,,"[-3782.5, 128.62, 3337.51]",Table,['Default']
46378,MainField,B-8,0x9d53e9efc1e65bf0,Enemy_Bokoblin_Senior,Surface21,Gerudo Canyon,0,['Weapon_Sword_108'],1,,,"[-3867.82, 132.01, 3497.21]",Table,['Default']
46381,MainField,B-8,0xf3806c109fd42e01,Enemy_Bokoblin_Senior,Surface21,Gerudo Canyon,1,['Weapon_Sword_108'],1,,,"[-3778.45, 116.79, 3691.66]",Table,['Default']
46382,MainField,B-8,0xf0e22304566d68a3,Enemy_Bokoblin_Senior,Surface21,Gerudo Canyon,0,['Weapon_Sword_108'],1,,,"[-3771.95, 116.99, 3692.12]",Table,['Default']
46385,MainField,B-8,0x98f4aa390c513dcc,Enemy_Bokoblin_Senior,Surface72,Gerudo Canyon,1,['Weapon_Spear_109'],1,,,"[-3343.05, 139.94, 3046.74]",Table,['Default']
46386,MainField,B-8,0x3da1bcdfd2227d7c,Enemy_Bokoblin_Senior,Surface72,Gerudo Canyon,0,['Weapon_Bow_027'],1,,,"[-3340.42, 138.9, 3040.93]",Table,['Arrow']
46387,MainField,B-8,0x4b55535d908544e3,Enemy_Bokoblin_Senior,Surface72,Gerudo Canyon,0,"['Weapon_Sword_108', 'Weapon_Shield_006']",1,,,"[-3342.63, 138.93, 3036.56]",Table,['Default']
46391,MainField,B-8,0x378ca6a84d475b6a,Enemy_Bokoblin_Senior,Surface21,Gerudo Canyon,0,['Weapon_Sword_108'],1,,,"[-3277.83, 122.32, 3533.99]",Table,['Default']
46394,MainField,B-8,0x5ab3a93010c811b1,Enemy_Bokoblin_Senior,Surface21,Gerudo Canyon,0,"['Weapon_Bow_027', 'BokoblinBasket_Item_Fruit_F']",1,,,"[-3286.36, 122, 3530.02]",Table,['Arrow']
69250,MainField,C-6,0x92076821ac2a6352,Enemy_Bokoblin_Senior,Surface0,Gerudo Highlands,0,,1,,,"[-2818.69, 625.32, 1559.51]",Table,['Default']
69253,MainField,C-6,0x21b1397cc69a70c1,Enemy_Bokoblin_Senior,Surface0,Gerudo Highlands,0,,1,,,"[-2812.57, 625.59, 1553.39]",Table,['Default']
69257,MainField,C-6,0x2c1919cc2a5ba9f3,Enemy_Bokoblin_Senior,Surface4,Gerudo Highlands,0,"['Weapon_Sword_108', 'Weapon_Shield_006']",1,,,"[-2851.92, 492.91, 1767.74]",Table,['Default']
69352,MainField,C-6,0x39cfc5acff0400eb,Enemy_Bokoblin_Senior,Surface0,Gerudo Highlands,0,"['Weapon_Bow_027', 'IceFruit', 'BokoblinBasket_IceFruit']",1,,,"[-2851.31, 529.06, 1679.33]",Table,['Ice']
69355,MainField,C-6,0x8628adb1a7a81dfb,Enemy_Bokoblin_Senior,Surface0,Gerudo Highlands,0,['Weapon_Bow_027'],1,,,"[-2899.11, 526.21, 1665.29]",Table,['Arrow']
73726,MainField,C-7,0x09c4a3b2bc8f371b,Enemy_Bokoblin_Senior,Surface72,Gerudo Canyon,0,,1,,,"[-2945.33, 135.47, 2483.01]",Table,['Default']
73727,MainField,C-7,0x2869a2494a353423,Enemy_Bokoblin_Senior,Surface72,Gerudo Canyon,0,"['Weapon_Sword_108', 'Weapon_Shield_006', 'Obj_ArmorSpike_A']",1,,,"[-2951.52, 134.32, 2484]",Table,['Default']
75908,MainField,C-8,0x526b94c7c4f46a5d,Enemy_Bokoblin_Senior,Surface21,Gerudo Canyon,0,['Weapon_Spear_108'],1,,,"[-2668.35, 121.08, 3272.59]",Table,['Default']
75947,MainField,C-8,0xfd358104467982ca,Enemy_Bokoblin_Senior,Surface21,Gerudo Canyon,1,['Weapon_Lsword_108'],1,,,"[-2235.96, 128.29, 3331.31]",Table,['Default']
76286,MainField,C-8,0x0fe0ebe1eda905b6,Enemy_Bokoblin_Senior,Surface72,Gerudo Canyon,0,['Weapon_Spear_108'],1,,,"[-2650.35, 168.36, 3003.52]",Table,['Default']
76290,MainField,C-8,0x4816ba92bb9488eb,Enemy_Bokoblin_Senior,Surface72,Gerudo Canyon,0,['Weapon_Sword_108'],1,,,"[-2656.79, 167.66, 3001.07]",Table,['Default']
76291,MainField,C-8,0x3208625b041edf3f,Enemy_Bokoblin_Senior,Surface21,Gerudo Canyon,1,,1,,,"[-2802, 119.1, 3781.5]",Table,['Default']
76295,MainField,C-8,0xa6634111c00018a1,Enemy_Bokoblin_Senior,Surface21,Gerudo Canyon,0,,1,,,"[-2800, 119.09, 3788]",Table,['Default']
76298,MainField,C-8,0x3b60c2665e577eff,Enemy_Bokoblin_Senior,Surface21,Gerudo Canyon,0,['Weapon_Sword_108'],1,,,"[-2657.01, 117.08, 3677]",Table,['Default']
76311,MainField,C-8,0x38ce323c078799ad,Enemy_Bokoblin_Senior,Surface72,Gerudo Canyon,1,['Weapon_Spear_109'],1,,,"[-2992.45, 115.47, 3062.03]",Table,['Default']
76313,MainField,C-8,0x754e1e98874cc74a,Enemy_Bokoblin_Senior,Surface72,Gerudo Canyon,0,['Weapon_Spear_108'],1,,,"[-2994.24, 115.25, 3055.33]",Table,['Default']
79978,MainField,D-2,0x2cd280afcc014c8e,Enemy_Bokoblin_Senior,Surface23,Pikida Stonegrove,1,['Weapon_Bow_027'],0,,,"[-1471.68, 2.63, -2154.31]",Table,['Arrow']
81513,MainField,D-2,0xe39d447a0e3b83ca,Enemy_Bokoblin_Senior,Surface5,Pikida Stonegrove,0,"['Weapon_Sword_108', 'Weapon_Shield_005', 'BokoblinBasket_Item_Mushroom_B']",1,,,"[-1813.91, 356.01, -2237.09]",Table,['Default']
81534,MainField,D-2,0x3896bb508315489b,Enemy_Bokoblin_Senior,Surface5,Pikida Stonegrove,1,"['Weapon_Sword_113', 'Weapon_Shield_003']",1,,,"[-1784.33, 355.98, -2241.15]",Table,['Default']
81637,MainField,D-2,0x7c4a6359fa3e5969,Enemy_Bokoblin_Senior,Surface23,Pikida Stonegrove,1,,1,,,"[-1309.27, 240.74, -2626.92]",Table,['Default']
81639,MainField,D-2,0x7c4a63598398f254,Enemy_Bokoblin_Senior,Surface23,Pikida Stonegrove,0,,1,,,"[-1316.8, 241.3, -2620.15]",Table,['Default']
81640,MainField,D-2,0x7c4a63599091c5ca,Enemy_Bokoblin_Senior,Surface23,Pikida Stonegrove,1,,1,,,"[-1310.54, 240.9, -2620.61]",Table,['Default']
81883,MainField,D-2,0x71d95fed365e11a3,Enemy_Bokoblin_Senior,Surface23,Pikida Stonegrove,0,['Weapon_Bow_027'],1,,,"[-1595.93, 6.83, -2117.28]",Table,['Arrow']
93950,MainField,D-6,0x4219adf59ea773d5,Enemy_Bokoblin_Senior,Surface32,Hyrule Field,0,['Weapon_Spear_108'],0,,,"[-1102, 129.87, 1535.5]",Table,['Default']
93952,MainField,D-6,0xaaa347bb85775f29,Enemy_Bokoblin_Senior,Surface32,Hyrule Field,0,"['Weapon_Sword_108', 'Weapon_Shield_006']",0,,,"[-1173.5, 131.76, 1487.5]",Table,['Default']
100799,MainField,D-7,0x2b1e8a67821da5b4,Enemy_Bokoblin_Senior,Surface47,Hyrule Field,0,['Weapon_Sword_108'],1,,,"[-1267.22, 359.7, 2272.69]",Table,['Default']
100800,MainField,D-7,0x0ce56d8a93545064,Enemy_Bokoblin_Senior,Surface47,Hyrule Field,0,['Weapon_Lsword_108'],1,,,"[-1274.78, 360.09, 2268.44]",Table,['Default']
109249,MainField,E-4,0x9fc974a37a9ac689,Enemy_Bokoblin_Senior,Surface79,Lookout Landing,0,['Weapon_Sword_108'],0,,,"[-391.7, 166, -836.07]",Table,['Default']
109250,MainField,E-4,0x20db6eee83527195,Enemy_Bokoblin_Senior,Surface79,Lookout Landing,0,['Weapon_Sword_108'],0,,,"[-359.3, 172.77, -814.97]",Table,['Default']
113220,MainField,E-4,0x37e66c521a631419,Enemy_Bokoblin_Senior,Surface79,Lookout Landing,0,"['Weapon_Sword_108', 'Weapon_Shield_006', 'DgnObj_SpikeBall_A', 'Obj_ArmorSpike_A', 'BokoblinBasket_Apple']",1,,,"[-456.19, 118.51, -901.36]",Table,['Default']
113221,MainField,E-4,0x2eecf6973a7e3b45,Enemy_Bokoblin_Senior,Surface79,Lookout Landing,0,"['Weapon_Sword_108', 'Weapon_Shield_006', 'DgnObj_SpikeBall_A', 'Obj_ArmorSpike_A']",1,,,"[-455.7, 118.61, -907.38]",Table,['Default']
113222,MainField,E-4,0x28a3bbd57eeb0a93,Enemy_Bokoblin_Senior,Surface79,Lookout Landing,0,"['Weapon_Sword_108', 'Weapon_Shield_006', 'DgnObj_SpikeBall_A', 'Obj_ArmorSpike_A', 'BokoblinBasket_ElectricalFruit']",1,,,"[-451.09, 118.46, -911.15]",Table,['Default']
113223,MainField,E-4,0x9141ffab217fe21d,Enemy_Bokoblin_Senior,Surface79,Lookout Landing,0,"['Weapon_Sword_108', 'Weapon_Shield_006', 'DgnObj_SpikeBall_A', 'Obj_ArmorSpike_A']",1,,,"[-452.46, 118.77, -897.74]",Table,['Default']
113256,MainField,E-4,0x8e38503f1269a3f0,Enemy_Bokoblin_Senior,Surface79,Lookout Landing,0,"['Weapon_Sword_108', 'AsbObj_RockParts_C_S_01']",1,,,"[-232.7, 177.47, -787.24]",Table,['Default']
120322,MainField,E-6,0x34dd8ed5bedbbab3,Enemy_Bokoblin_Senior,Surface46,Hyrule Field,0,"['Weapon_Sword_108', 'AsbObj_RockParts_C_S_01', 'BokoblinBasket_Meat_01']",0,,,"[-807.93, 183.52, 1700.33]",Table,['Default']
120323,MainField,E-6,0x0dbe4fdb14697f4c,Enemy_Bokoblin_Senior,Surface46,Hyrule Field,0,"['Weapon_Sword_108', 'Item_Mushroom_E', 'BokoblinBasket_Meat_01']",0,,,"[-804.43, 183.95, 1718.97]",Table,['Default']
120324,MainField,E-6,0xa77bf87fed8353b6,Enemy_Bokoblin_Senior,Surface32,Hyrule Field,0,"['Weapon_Bow_027', 'BokoblinBasket_Apple']",0,,,"[-413.85, 121.92, 1546.26]",Table,['Arrow']
124866,MainField,E-6,0xcb0c969443565cc6,Enemy_Bokoblin_Senior,Surface46,Hyrule Field,0,"['Weapon_Sword_108', 'AsbObj_RockParts_C_S_01']",1,,,"[-791.97, 192.91, 1834.48]",Table,['Default']
124867,MainField,E-6,0xfa7101df4c9d0599,Enemy_Bokoblin_Senior,Surface32,Hyrule Field,0,"['Weapon_Bow_027', 'BokoblinBasket_Apple']",1,,,"[-441.54, 128.67, 1476.5]",Table,['Arrow']
125424,MainField,E-6,0xb088a7b5c1d2b2b1,Enemy_Bokoblin_Senior,Surface46,Hyrule Field,0,"['Weapon_Sword_108', 'Weapon_Shield_006', 'AsbObj_RockParts_C_S_01']",1,,,"[-644.85, 170.7, 1889.66]",Table,['Default']
125425,MainField,E-6,0x453d76064602ba7e,Enemy_Bokoblin_Senior,Surface46,Hyrule Field,0,"['Weapon_Sword_108', 'Weapon_Shield_005']",1,,,"[-640.35, 170.2, 1883.04]",Table,['Default']
125426,MainField,E-6,0xd2f0513cc18782db,Enemy_Bokoblin_Senior,Surface46,Hyrule Field,0,"['Weapon_Sword_108', 'Weapon_Shield_006']",1,,,"[-642.6, 170.36, 1886.35]",Table,['Default']
125427,MainField,E-6,0xd6ef9747537e8a55,Enemy_Bokoblin_Senior,Surface46,Hyrule Field,0,"['Weapon_Sword_108', 'Weapon_Shield_006']",1,,,"[-647.1, 171.05, 1892.96]",Table,['Default']
125428,MainField,E-6,0x5adf961c9ae33780,Enemy_Bokoblin_Senior,Surface46,Hyrule Field,0,"['Weapon_Sword_108', 'Weapon_Shield_005']",1,,,"[-649.35, 170.99, 1896.27]",Table,['Default']
125429,MainField,E-6,0x44d28fdf7bda6570,Enemy_Bokoblin_Senior,Surface46,Hyrule Field,1,"['Weapon_Sword_108', 'Weapon_Shield_005', 'BokoblinBasket_Apple']",1,,,"[-656.1, 170.24, 1906.19]",Table,['Default']
126336,MainField,E-7,0xcb0c96947b750c3f,Enemy_Bokoblin_Senior,Surface46,Hyrule Field,0,"['Weapon_Sword_113', 'AsbObj_RockParts_C_S_01']",0,,,"[-920.27, 190.2, 2340.8]",Table,['Default']
128507,MainField,E-7,0xb5bf5c5f5301d57c,Enemy_Bokoblin_Senior,Surface46,Hyrule Field,0,"['Weapon_Sword_108', 'Weapon_Shield_006', 'BokoblinBasket_Apple']",1,,,"[-899.5, 179.4, 2209]",Table,['Default']
128508,MainField,E-7,0x01115a1a2c0d275f,Enemy_Bokoblin_Senior,Surface46,Hyrule Field,0,"['Weapon_Sword_108', 'Weapon_Shield_006']",1,,,"[-904.5, 179.57, 2216]",Table,['Default']
128509,MainField,E-7,0x4724a5d52e40152f,Enemy_Bokoblin_Senior,Surface46,Hyrule Field,0,"['Weapon_Sword_108', 'Weapon_Shield_006']",1,,,"[-891, 179.38, 2216]",Table,['Default']
128510,MainField,E-7,0x0c446c6ff5123c71,Enemy_Bokoblin_Senior,Surface46,Hyrule Field,0,"['Weapon_Sword_108', 'Weapon_Shield_006']",1,,,"[-895.5, 179.4, 2211.5]",Table,['Default']
128511,MainField,E-7,0x723acd8622980294,Enemy_Bokoblin_Senior,Surface46,Hyrule Field,0,"['Weapon_Sword_108', 'Weapon_Shield_006']",1,,,"[-903.5, 179.41, 2210]",Table,['Default']
131243,MainField,E-8,0xd5a82b5dcc36cb18,Enemy_Bokoblin_Senior,Surface55,Popla Foothills,0,"['Weapon_Sword_124', 'Weapon_Shield_003']",1,,,"[-61.39, 113.39, 3476.2]",Table,['Default']
131244,MainField,E-8,0x542d160e5ae95661,Enemy_Bokoblin_Senior,Surface55,Popla Foothills,0,['Weapon_Sword_108'],1,,,"[-66.83, 113.39, 3469.36]",Table,['Default']
131245,MainField,E-8,0xef17c04d2b3a7997,Enemy_Bokoblin_Senior,Surface55,Popla Foothills,0,['Weapon_Bow_027'],1,,,"[-68.51, 120.78, 3440.85]",Table,['Arrow']
131246,MainField,E-8,0x907b5348cfdb1840,Enemy_Bokoblin_Senior,Surface55,Popla Foothills,0,['Weapon_Sword_108'],1,,,"[-61.8, 113.39, 3470.97]",Table,['Default']
131247,MainField,E-8,0xf79e1801fe75b79e,Enemy_Bokoblin_Senior,Surface55,Popla Foothills,0,['Weapon_Spear_108'],1,,,"[-37.71, 113.39, 3481.03]",Table,['Default']
134792,MainField,F-1,0x75b83b35c5cedac1,Enemy_Bokoblin_Senior,Surface97,Thyphlo Ruins,1,,1,,,"[893.69, 211.99, -3629.37]",Table,['Default']
152541,MainField,F-6,0xcb0c9694dd7cfe7f,Enemy_Bokoblin_Senior,Surface32,Hyrule Field,0,['Weapon_Lsword_108'],0,,,"[42.27, 124.14, 1422.53]",Table,['Default']
162386,MainField,F-7,0x8b6bb7a74e034d19,Enemy_Bokoblin_Senior,Surface29,Popla Foothills,0,['Weapon_Bow_027'],1,,,"[730.02, 200.05, 2422.29]",Table,['Arrow']
174055,MainField,G-2,0xc2b67c0c285b0d2c,Enemy_Bokoblin_Senior,Surface66,Eldin Canyon,0,"['Weapon_Sword_112', 'Weapon_Shield_003', 'AsbObj_BoneStick_A_01']",0,,,"[1435.75, 425.65, -2285.93]",Table,['Default']
174832,MainField,G-2,0x49645eb82e451038,Enemy_Bokoblin_Senior,Surface67,Eldin Canyon,0,"['Weapon_Sword_113', 'AsbObj_BoneStick_A_01']",1,,,"[1589.38, 509.3, -2676.63]",Table,['Default']
185680,MainField,G-4,0xffeebd91f0295f71,Enemy_Bokoblin_Senior,Surface69,Sahasra Slope,0,"['Weapon_Sword_108', 'Weapon_Shield_006']",1,,,"[1729, 118.15, -96.5]",Table,['Default']
189034,MainField,G-5,0xf9e4032ef8d77bf4,Enemy_Bokoblin_Senior,Surface69,Sahasra Slope,0,"['Weapon_Sword_108', 'Weapon_Shield_006']",1,,,"[1740.03, 116.71, 78.12]",Table,['Default']
198344,MainField,G-7,0x0f68563ba854a336,Enemy_Bokoblin_Senior,Surface104,Popla Foothills,0,['Weapon_Sword_108'],1,,,"[1792, 374.11, 2616.98]",Table,['Default']
198353,MainField,G-7,0x1941b1cc5acbdedb,Enemy_Bokoblin_Senior,Surface104,Popla Foothills,1,['Weapon_Spear_108'],1,,,"[1193.18, 244.2, 2671.47]",Table,['Default']
198357,MainField,G-7,0xd0f456bccc0cb98d,Enemy_Bokoblin_Senior,Surface104,Popla Foothills,0,['Weapon_Sword_108'],1,,,"[1186.77, 244.6, 2669.9]",Table,['Default']
198381,MainField,G-7,0xc95e1a1b0cbdbd1e,Enemy_Bokoblin_Senior,Surface104,Popla Foothills,0,"['Weapon_Sword_108', 'Weapon_Shield_005']",1,,,"[1742.01, 285.11, 2430.53]",Table,['Default']
198382,MainField,G-7,0x389e774451d4a167,Enemy_Bokoblin_Senior,Surface104,Popla Foothills,0,"['Weapon_Sword_108', 'Weapon_Shield_006']",1,,,"[1742.01, 285.71, 2438.54]",Table,['Default']
198383,MainField,G-7,0x6f4e5a36cb7f487d,Enemy_Bokoblin_Senior,Surface104,Popla Foothills,0,"['Weapon_Sword_108', 'Weapon_Shield_006']",1,,,"[1742, 285.51, 2434.53]",Table,['Default']
198384,MainField,G-7,0x9e25fa53aeab5f9d,Enemy_Bokoblin_Senior,Surface104,Popla Foothills,0,"['Weapon_Sword_108', 'Weapon_Shield_006']",1,,,"[1742.02, 284.55, 2426.53]",Table,['Default']
198385,MainField,G-7,0x02ff5cca8d14bdd5,Enemy_Bokoblin_Senior,Surface104,Popla Foothills,0,"['Weapon_Sword_108', 'Weapon_Shield_006', 'AsbObj_RockParts_C_S_01', 'BokoblinBasket_Meat_02']",1,,,"[1742.02, 284.06, 2422.53]",Table,['Default']
198534,MainField,G-7,0x9adf3224ef52cde6,Enemy_Bokoblin_Senior,Surface104,Popla Foothills,0,,1,,,"[1461.51, 278.2, 2422.16]",Table,['Default']
198536,MainField,G-7,0x9adf322454b0a6ed,Enemy_Bokoblin_Senior,Surface104,Popla Foothills,0,,1,,,"[1451.38, 278.04, 2422.52]",Table,['Default']
198547,MainField,G-7,0xbe41c672f8bcb015,Enemy_Bokoblin_Senior,Surface104,Popla Foothills,0,['Weapon_Spear_108'],1,,,"[1476.25, 222.05, 2847.27]",Table,['Default']
198557,MainField,G-7,0xb5494821fd11a9ea,Enemy_Bokoblin_Senior,Surface104,Popla Foothills,0,['Weapon_Sword_108'],1,,,"[1265.65, 259.23, 2821.36]",Table,['Default']
198562,MainField,G-7,0xdb1367b69c559f37,Enemy_Bokoblin_Senior,Surface104,Sahasra Slope,0,,1,,,"[1228.75, 295.55, 2354.63]",Table,['Default']
198565,MainField,G-7,0x2cc2f64b01c04807,Enemy_Bokoblin_Senior,Surface104,Sahasra Slope,0,['Weapon_Sword_108'],1,,,"[1232.77, 295.4, 2351.24]",Table,['Default']
198566,MainField,G-7,0x6b9d7aa52b73caed,Enemy_Bokoblin_Senior,Surface104,Sahasra Slope,1,['Weapon_Bow_027'],1,,,"[1237.55, 294.78, 2350.97]",Table,['Arrow']
198724,MainField,G-7,0x53e5ebaea74081a0,Enemy_Bokoblin_Senior,Surface104,Popla Foothills,0,,1,,,"[1530.92, 299.95, 2584.2]",Table,['Default']
198725,MainField,G-7,0xb88fae493da11ea9,Enemy_Bokoblin_Senior,Surface104,Popla Foothills,1,,1,,,"[1523.33, 301.53, 2584.35]",Table,['Default']
201815,MainField,G-8,0xd9df5838461f8eb0,Enemy_Bokoblin_Senior,Surface59,Popla Foothills,0,['Weapon_Sword_108'],0,,,"[1076.65, 138.71, 3173.49]",Table,['Default']
204122,MainField,G-8,0x322558db9980f79a,Enemy_Bokoblin_Senior,Surface59,Popla Foothills,0,"['Weapon_Sword_108', 'Weapon_Shield_006']",1,,,"[1167.61, 132.42, 3112.3]",Table,['Default']
204176,MainField,G-8,0x6e565e0f5d00df53,Enemy_Bokoblin_Senior,Surface59,Popla Foothills,0,"['Weapon_Sword_108', 'Weapon_Shield_006', 'AsbObj_RockParts_C_S_01']",1,,,"[1334.02, 299.8, 3016.9]",Table,['Default']
204179,MainField,G-8,0x2c0e75ce06d1461f,Enemy_Bokoblin_Senior,Surface59,Popla Foothills,0,,1,,,"[1338.31, 301.06, 3013.85]",Table,['Default']
204212,MainField,G-8,0x82eb172c472b81b3,Enemy_Bokoblin_Senior,Surface59,Popla Foothills,0,"['Weapon_Sword_108', 'BokoblinBasket_Item_Fruit_H']",1,,,"[1307.4, 212.65, 3425.05]",Table,['Default']
204213,MainField,G-8,0xdccf813be1d772a5,Enemy_Bokoblin_Senior,Surface59,Popla Foothills,0,"['Weapon_Sword_108', 'BokoblinBasket_Item_Fruit_H']",1,,,"[1257.47, 213.58, 3453.45]",Table,['Default']
204262,MainField,G-8,0xa05b821b81d0e5b8,Enemy_Bokoblin_Senior,Surface59,Popla Foothills,0,"['Weapon_Sword_108', 'Weapon_Shield_006']",1,,,"[1552.24, 249.4, 3681.07]",Table,['Default']
210779,MainField,H-2,0x3448e449d11653de,Enemy_Bokoblin_Senior,Surface66,Eldin Canyon,0,"['Weapon_Sword_112', 'Weapon_Shield_003', 'AsbObj_BoneStick_A_01', 'Obj_ArmorSpike_A']",1,,,"[2354.6, 630.84, -2157.33]",Table,['Default']
215572,MainField,H-4,0xa1eb4a9f0cfce60a,Enemy_Bokoblin_Senior,Surface69,Sahasra Slope,0,['Weapon_Spear_127'],0,,,"[2041.72, 115.74, -15.04]",Table,['Default']
227828,MainField,H-6,0xea93bd2b59eb8e9b,Enemy_Bokoblin_Senior,Surface1,Sahasra Slope,0,['Weapon_Spear_108'],1,,,"[2301.81, 117.19, 1849.32]",Table,['Default']
227832,MainField,H-6,0x64528946c04c926c,Enemy_Bokoblin_Senior,Surface1,Sahasra Slope,1,['Weapon_Lsword_112'],1,,,"[2308.23, 116.8, 1842.04]",Table,['Default']
227835,MainField,H-6,0x0638a6385afe7e83,Enemy_Bokoblin_Senior,Surface1,Sahasra Slope,0,['Weapon_Sword_108'],1,,,"[2301.88, 117.24, 1831.71]",Table,['Default']
232472,MainField,H-7,0x5613626c036d9e6d,Enemy_Bokoblin_Senior,Surface104,Rabella Wetlands,0,,1,,,"[2030.78, 413.15, 2742.13]",Table,['Default']
232474,MainField,H-7,0x84399523e60d5729,Enemy_Bokoblin_Senior,Surface104,Rabella Wetlands,0,,1,,,"[2025.64, 413.68, 2742.07]",Table,['Default']
232488,MainField,H-7,0x5168a2409900e483,Enemy_Bokoblin_Senior,Surface61,Rabella Wetlands,1,,1,,,"[2780.23, 322.57, 2564.9]",Table,['Default']
232490,MainField,H-7,0x5168a24062ef03b6,Enemy_Bokoblin_Senior,Surface61,Rabella Wetlands,0,,1,,,"[2770.73, 322.19, 2567.91]",Table,['Default']
232813,MainField,H-7,0x12c8a00289629f4b,Enemy_Bokoblin_Senior,Surface61,Rabella Wetlands,0,['Weapon_Spear_108'],1,,,"[2595.92, 338.79, 2757.85]",Table,['Default']
232814,MainField,H-7,0xd1e63d90fa2cc12a,Enemy_Bokoblin_Senior,Surface61,Rabella Wetlands,0,['Weapon_Sword_108'],1,,,"[2600.91, 337.69, 2753.83]",Table,['Default']
232858,MainField,H-7,0x3fc48c710cf74c95,Enemy_Bokoblin_Senior,Surface61,Rabella Wetlands,0,"['Weapon_Sword_108', 'Weapon_Shield_006', 'Item_Mushroom_J', 'BokoblinBasket_Electric']",1,,,"[2261.11, 283.58, 2908.1]",Table,['Default']
232859,MainField,H-7,0xf64ce9524419ac0a,Enemy_Bokoblin_Senior,Surface61,Rabella Wetlands,0,"['Weapon_Sword_108', 'Weapon_Shield_005', 'Item_Mushroom_J']",1,,,"[2260.39, 284.2, 2916.03]",Table,['Default']
232860,MainField,H-7,0xb7abb22b72cd33ac,Enemy_Bokoblin_Senior,Surface61,Rabella Wetlands,0,"['Weapon_Sword_108', 'Weapon_Shield_005']",1,,,"[2260.75, 283.89, 2912.07]",Table,['Default']
232861,MainField,H-7,0xd2e90bdecc95f414,Enemy_Bokoblin_Senior,Surface61,Rabella Wetlands,0,"['Weapon_Sword_108', 'Weapon_Shield_005']",1,,,"[2261.46, 283.22, 2904.13]",Table,['Default']
232862,MainField,H-7,0x977298f6a1565c71,Enemy_Bokoblin_Senior,Surface61,Rabella Wetlands,0,"['Weapon_Sword_108', 'Weapon_Shield_006', 'BeeHome', 'BokoblinBasket_Meat_02']",1,,,"[2261.81, 282.76, 2900.16]",Table,['Default']
232865,MainField,H-7,0x6b0b714ee601df1c,Enemy_Bokoblin_Senior,Surface61,Rabella Wetlands,0,['BokoblinBasket_Apple'],1,,,"[2370.49, 334.73, 2660]",Table,['Default']
234828,MainField,H-8,0x30ded80c752e3487,Enemy_Bokoblin_Senior,Surface61,Rabella Wetlands,0,"['Weapon_Spear_108', 'AsbObj_RockParts_C_S_01']",0,,,"[2276.23, 155.68, 3261.9]",Table,['Default']
234866,MainField,H-8,0x9dc7a8ad458ac75a,Enemy_Bokoblin_Senior,Surface59,Rabella Wetlands,0,['Weapon_Sword_108'],0,,,"[2010.77, 306.52, 3284.16]",Table,['Default']
234872,MainField,H-8,0xee4ff870b1342140,Enemy_Bokoblin_Senior,Surface59,Rabella Wetlands,0,"['Weapon_Bow_027', 'BokoblinBasket_Item_Fruit_G']",0,,,"[2020.37, 300.1, 3296.15]",Table,['Arrow']
234927,MainField,H-8,0x2ef01cc2a3de9561,Enemy_Bokoblin_Senior,Surface61,Rabella Wetlands,0,"['Weapon_Sword_108', 'BokoblinBasket_Apple']",0,,,"[2657.78, 194.2, 3282.26]",Table,['Default']
236309,MainField,H-8,0xb4be4ad1c92a835a,Enemy_Bokoblin_Senior,Surface62,Rabella Wetlands,0,['Weapon_Sword_108'],1,,,"[2893.95, 112.4, 3392.9]",Table,['Default']
236321,MainField,H-8,0x569afb99cdb1d11b,Enemy_Bokoblin_Senior,Surface62,Rabella Wetlands,1,"['Weapon_Sword_113', 'Weapon_Shield_003']",1,,,"[2088.95, 200.99, 3550.06]",Table,['Default']
236322,MainField,H-8,0xe6c4f2d8a22c8a8f,Enemy_Bokoblin_Senior,Surface62,Rabella Wetlands,1,"['Weapon_Sword_112', 'Weapon_Shield_003']",1,,,"[2094.1, 200.59, 3543.94]",Table,['Default']
236323,MainField,H-8,0x75ccca6d80599b9e,Enemy_Bokoblin_Senior,Surface62,Rabella Wetlands,1,"['Weapon_Sword_113', 'Weapon_Shield_002']",1,,,"[2091.53, 200.83, 3547]",Table,['Default']
236324,MainField,H-8,0xe42b32b984343227,Enemy_Bokoblin_Senior,Surface62,Rabella Wetlands,1,"['Weapon_Sword_113', 'Weapon_Shield_003']",1,,,"[2086.38, 201.06, 3553.13]",Table,['Default']
236325,MainField,H-8,0x4e187c606d0ec153,Enemy_Bokoblin_Senior,Surface62,Rabella Wetlands,1,"['Weapon_Sword_112', 'Weapon_Shield_003', 'BokoblinBasket_Item_Fruit_G']",1,,,"[2083.8, 201.11, 3556.18]",Table,['Default']
236331,MainField,H-8,0xeff561d1b92946ed,Enemy_Bokoblin_Senior,Surface62,Rabella Wetlands,0,['Weapon_Sword_108'],1,,,"[2852.52, 110.84, 3473.66]",Table,['Default']
236333,MainField,H-8,0xc020ee2f6dbd5b9d,Enemy_Bokoblin_Senior,Surface62,Rabella Wetlands,1,"['Weapon_Lsword_108', 'AsbObj_RockParts_C_S_01']",1,,,"[2898.74, 112.44, 3387.79]",Table,['Default']
236335,MainField,H-8,0x2b5aa02de1042911,Enemy_Bokoblin_Senior,Surface62,Rabella Wetlands,0,"['Weapon_Sword_108', 'Item_RoastFish_09_F']",1,,,"[2857.08, 111.14, 3468.91]",Table,['Default']
236336,MainField,H-8,0x74e56213c1a0cf3b,Enemy_Bokoblin_Senior,Surface62,Rabella Wetlands,0,['Weapon_Sword_108'],1,,,"[2891.72, 112.44, 3399.43]",Table,['Default']
236346,MainField,H-8,0xdf7ecc9a9e7e2eb7,Enemy_Bokoblin_Senior,Surface62,Rabella Wetlands,0,['Weapon_Bow_027'],1,,,"[2981.12, 106.84, 3448.28]",Table,['Arrow']
236348,MainField,H-8,0x47795b28f6e2f339,Enemy_Bokoblin_Senior,Surface62,Rabella Wetlands,0,"['Weapon_Sword_108', 'Weapon_Shield_006', 'Item_RoastFish_09_F']",1,,,"[2982.26, 116.48, 3382.59]",Table,['Default']
236350,MainField,H-8,0xffafdf99c7c81998,Enemy_Bokoblin_Senior,Surface62,Rabella Wetlands,0,['Weapon_Sword_108'],1,,,"[2940.36, 99.3, 3373.64]",Table,['Default']
236360,MainField,H-8,0xc9e4dee62ea79e2f,Enemy_Bokoblin_Senior,Surface62,Rabella Wetlands,1,['Weapon_Sword_108'],1,,,"[2978.19, 116.47, 3386.94]",Table,['Default']
236361,MainField,H-8,0xdcee714d475b5be2,Enemy_Bokoblin_Senior,Surface62,Rabella Wetlands,0,['Weapon_Lsword_108'],1,,,"[2975.6, 106.76, 3451.73]",Table,['Default']
236520,MainField,H-8,0xba9aad7a13a73800,Enemy_Bokoblin_Senior,Surface58,Rabella Wetlands,0,['Weapon_Bow_027'],1,,,"[2912.9, 120.98, 3502.78]",Table,['Arrow']
236521,MainField,H-8,0x8a79a9dd0b54ebb9,Enemy_Bokoblin_Senior,Surface58,Rabella Wetlands,0,"['Weapon_Sword_108', 'Weapon_Shield_032']",1,,,"[2931.23, 113.4, 3512.89]",Table,['Default']
236522,MainField,H-8,0xcc97ee73787bff8d,Enemy_Bokoblin_Senior,Surface58,Rabella Wetlands,0,"['Weapon_Sword_108', 'Weapon_Shield_006']",1,,,"[2925.43, 113.39, 3521.19]",Table,['Default']
236523,MainField,H-8,0xaee4dd7b8b777edb,Enemy_Bokoblin_Senior,Surface58,Rabella Wetlands,0,['Weapon_Sword_108'],1,,,"[2938.2, 113.54, 3517.29]",Table,['Default']
236524,MainField,H-8,0x09794662ed8104a3,Enemy_Bokoblin_Senior,Surface58,Rabella Wetlands,0,['Weapon_Sword_108'],1,,,"[2931.31, 113.54, 3526.71]",Table,['Default']
236770,MainField,H-8,0xde137de72bd8d478,Enemy_Bokoblin_Senior,Surface61,Rabella Wetlands,0,"['Weapon_Sword_108', 'BokoblinBasket_Meat_02']",1,,,"[2276.33, 161.11, 3245.79]",Table,['Default']
236780,MainField,H-8,0xc0e5e38f4bd4d3cf,Enemy_Bokoblin_Senior,Surface59,Popla Foothills,0,['Weapon_Sword_108'],1,,,"[2017.91, 318.24, 3119.43]",Table,['Default']
236781,MainField,H-8,0xcf6579aade7bb097,Enemy_Bokoblin_Senior,Surface59,Popla Foothills,0,,1,,,"[2014.31, 317.8, 3116.36]",Table,['Default']
236783,MainField,H-8,0x412aa0bee87fa277,Enemy_Bokoblin_Senior,Surface61,Rabella Wetlands,0,['Weapon_Sword_108'],1,,,"[2961.94, 273.62, 3144.73]",Table,['Default']
236785,MainField,H-8,0x5271b2473c31dfe0,Enemy_Bokoblin_Senior,Surface61,Rabella Wetlands,0,"['Weapon_Sword_108', 'Weapon_Shield_032']",1,,,"[2965.11, 273.65, 3141.1]",Table,['Default']
236912,MainField,H-8,0xb5e1a696ccb9d0ef,Enemy_Bokoblin_Senior,Surface58,Rabella Wetlands,0,,1,,,"[2540.44, 106.03, 3924.33]",Table,['Default']
236923,MainField,H-8,0x68f9f4f2fd71975b,Enemy_Bokoblin_Senior,Surface58,Rabella Wetlands,0,,1,,,"[2547, 106.34, 3919.11]",Table,['Default']
236997,MainField,H-8,0xeb44888e632152d7,Enemy_Bokoblin_Senior,Surface58,Rabella Wetlands,0,['Weapon_Bow_027'],1,,,"[2558.74, 108.88, 3938.77]",Table,['Arrow']
240033,MainField,I-1,0x56340a11847f0982,Enemy_Bokoblin_Senior,Surface20,Ulri Mountain,0,"['Weapon_Sword_113', 'Weapon_Shield_002', 'AsbObj_SharpRock_A_S_01']",1,,,"[3894.19, 253.46, -3339.02]",Table,['Default']
240034,MainField,I-1,0xa26a6e4771f0a305,Enemy_Bokoblin_Senior,Surface20,Ulri Mountain,0,"['Weapon_Sword_112', 'Weapon_Shield_003', 'Item_Mushroom_E']",1,,,"[3891.45, 253.33, -3331.5]",Table,['Default']
240035,MainField,I-1,0x577ebb9d71127275,Enemy_Bokoblin_Senior,Surface20,Ulri Mountain,0,"['Weapon_Sword_113', 'Weapon_Shield_003', 'Item_Mushroom_E']",1,,,"[3892.82, 253.23, -3335.26]",Table,['Default']
240036,MainField,I-1,0xf83123d057600a9e,Enemy_Bokoblin_Senior,Surface20,Ulri Mountain,0,"['Weapon_Sword_112', 'Weapon_Shield_002']",1,,,"[3895.56, 253.22, -3342.78]",Table,['Default']
240037,MainField,I-1,0x5f42cf481ca999d4,Enemy_Bokoblin_Senior,Surface20,Ulri Mountain,1,"['Weapon_Sword_113', 'Weapon_Shield_002', 'BokoblinBasket_Meat']",1,,,"[3896.93, 252.81, -3346.54]",Table,['Default']
240091,MainField,I-1,0x49bfb60c07829112,Enemy_Bokoblin_Senior,Surface22,Ulri Mountain,0,['Weapon_Bow_027'],1,,,"[3505.15, 182.4, -3292.88]",Table,['Arrow']
242103,MainField,I-2,0xc8a72916a0c66908,Enemy_Bokoblin_Senior,Surface2,Ulri Mountain,1,"['Weapon_Sword_108', 'Weapon_Shield_006', 'BokoblinBasket_Meat_02']",0,,,"[3308.23, 232, -2081.78]",Table,['Default']
243816,MainField,I-2,0x742440cd541cded6,Enemy_Bokoblin_Senior,Surface2,Ulri Mountain,0,,1,,,"[3485.16, 214.27, -2620.71]",Table,['Default']
247268,MainField,I-3,0x64bc58c9c74a719c,Enemy_Bokoblin_Senior,Surface2,Ulri Mountain,1,"['Weapon_Bow_027', 'ElectricalFruit', 'BokoblinBasket_ElectricalFruit']",1,,,"[3274.1, 435.79, -1614.8]",Table,['Thunder']
247440,MainField,I-3,0x747552cfcb226e5f,Enemy_Bokoblin_Senior,Surface2,Eldin Canyon,0,['Weapon_Sword_108'],1,,,"[3003.39, 386.96, -1260.32]",Table,['Default']
247962,MainField,I-3,0xb0ab03d541102271,Enemy_Bokoblin_Senior,Surface56,Upland Zorana,0,"['Weapon_Sword_108', 'Weapon_Shield_006']",1,,,"[3992.58, 361.26, -1053.55]",Table,['Default']
248035,MainField,I-3,0xba5db1f66e9c75bb,Enemy_Bokoblin_Senior,Surface33,Ulri Mountain,1,['Weapon_Sword_108'],1,,,"[3813.8, 195.42, -1818.6]",Table,['Default']
248037,MainField,I-3,0xcfba2c6d3d9db402,Enemy_Bokoblin_Senior,Surface33,Ulri Mountain,0,"['Weapon_Sword_108', 'Weapon_Shield_006']",1,,,"[3815.58, 195.64, -1824.02]",Table,['Default']
248074,MainField,I-3,0x6ca125d2848f09bb,Enemy_Bokoblin_Senior,Surface2,Upland Zorana,0,"['Weapon_Sword_108', 'Weapon_Shield_006']",1,,,"[3465.91, 329.24, -1224.53]",Table,['Default']
252287,MainField,I-4,0xa43a736a873480fe,Enemy_Bokoblin_Senior,Surface34,Upland Zorana,0,"['Weapon_Sword_113', 'Weapon_Shield_002', 'Item_Mushroom_A']",1,,,"[3975.72, 353.15, -170.98]",Table,['Default']
252288,MainField,I-4,0x08f38b99ef4a3802,Enemy_Bokoblin_Senior,Surface34,Upland Zorana,1,"['Weapon_Sword_113', 'Weapon_Shield_002']",1,,,"[3973.32, 354.9, -178.55]",Table,['Default']
252289,MainField,I-4,0xdbf444cad7d4ee05,Enemy_Bokoblin_Senior,Surface34,Upland Zorana,1,"['Weapon_Sword_113', 'Weapon_Shield_003', 'AsbObj_RockParts_C_S_01']",1,,,"[3974.56, 354.05, -174.75]",Table,['Default']
252290,MainField,I-4,0x760a88b8ca4682da,Enemy_Bokoblin_Senior,Surface34,Upland Zorana,0,"['Weapon_Sword_113', 'Weapon_Shield_002']",1,,,"[3976.92, 353.04, -167.21]",Table,['Default']
252291,MainField,I-4,0xa8f8f5072bcc70ad,Enemy_Bokoblin_Senior,Surface34,Upland Zorana,0,"['Weapon_Sword_112', 'Weapon_Shield_003', 'AsbObj_RockParts_C_S_01', 'BokoblinBasket_Meat_02']",1,,,"[3978.14, 354.12, -163.42]",Table,['Default']
256378,MainField,I-5,0xb6fe0a335c43ea27,Enemy_Bokoblin_Senior,Surface34,Upland Zorana,1,"['Weapon_Sword_108', 'Weapon_Shield_006']",1,,,"[3232.5, 332.06, 65]",Table,['Default']
259824,MainField,I-6,0x5ecd07c140e51edd,Enemy_Bokoblin_Senior,Surface38,Mount Lanayru,0,"['Weapon_Sword_113', 'Weapon_Shield_003']",1,,,"[3912.76, 326.82, 1892.17]",Table,['Default']
259825,MainField,I-6,0x9d152633d77346ad,Enemy_Bokoblin_Senior,Surface38,Mount Lanayru,1,"['Weapon_Sword_112', 'Weapon_Shield_003']",1,,,"[3920.59, 327.06, 1890.01]",Table,['Default']
259826,MainField,I-6,0x4933fe650fedd19c,Enemy_Bokoblin_Senior,Surface38,Mount Lanayru,1,"['Weapon_Sword_112', 'Weapon_Shield_002', 'AsbObj_SharpRock_A_S_01']",1,,,"[3916.64, 326.88, 1891.21]",Table,['Default']
259827,MainField,I-6,0xe0fa662539c13fc5,Enemy_Bokoblin_Senior,Surface38,Mount Lanayru,0,"['Weapon_Sword_113', 'Weapon_Shield_003']",1,,,"[3908.88, 326.75, 1893.16]",Table,['Default']
259828,MainField,I-6,0x462f407ea83a870c,Enemy_Bokoblin_Senior,Surface38,Mount Lanayru,1,"['Weapon_Sword_112', 'Weapon_Shield_002', 'BokoblinBasket_Item_Fruit_B']",1,,,"[3905, 326.61, 1894.15]",Table,['Default']
259944,MainField,I-6,0xc532004ab5200080,Enemy_Bokoblin_Senior,Surface38,Mount Lanayru,0,"['Weapon_Sword_108', 'Weapon_Shield_005', 'BokoblinBasket_Fire']",1,,,"[3885.02, 413.28, 1022.81]",Table,['Default']
259945,MainField,I-6,0xf467b062785a82c6,Enemy_Bokoblin_Senior,Surface38,Mount Lanayru,0,"['Weapon_Sword_108', 'Weapon_Shield_005']",1,,,"[3877.05, 412.17, 1022.74]",Table,['Default']
259946,MainField,I-6,0xf9ded7c716605ec5,Enemy_Bokoblin_Senior,Surface38,Mount Lanayru,0,"['Weapon_Sword_108', 'Weapon_Shield_006', 'AsbObj_RockParts_C_S_01']",1,,,"[3881.05, 412.6, 1022.77]",Table,['Default']
259947,MainField,I-6,0xa95921ad7b573bb6,Enemy_Bokoblin_Senior,Surface38,Mount Lanayru,0,"['Weapon_Sword_108', 'Weapon_Shield_005']",1,,,"[3888.99, 414, 1022.85]",Table,['Default']
259948,MainField,I-6,0x687e39550ad65238,Enemy_Bokoblin_Senior,Surface38,Mount Lanayru,0,"['Weapon_Sword_108', 'Weapon_Shield_005', 'AsbObj_RockParts_C_S_01', 'BokoblinBasket_Item_Fruit_B']",1,,,"[3892.98, 414.97, 1022.86]",Table,['Default']
260025,MainField,I-6,0xe57cbfccd960cfd9,Enemy_Bokoblin_Senior,Surface38,Mount Lanayru,0,"['Weapon_Sword_108', 'Weapon_Shield_006']",1,,,"[3347.3, 283.98, 1284.49]",Table,['Default']
265284,MainField,I-7,0x59e0dfe9b2c52fce,Enemy_Bokoblin_Senior,Surface43,Mount Lanayru,0,"['Weapon_Sword_108', 'Weapon_Shield_006']",1,,,"[3733.56, 106.21, 2387.85]",Table,['Default']
265285,MainField,I-7,0xc0c959cbe168a24e,Enemy_Bokoblin_Senior,Surface43,Mount Lanayru,0,['Weapon_Lsword_108'],1,,,"[3743.84, 106.48, 2390.35]",Table,['Default']
265304,MainField,I-7,0x8f2436e507fd47d9,Enemy_Bokoblin_Senior,Surface61,Rabella Wetlands,1,,1,,,"[3069.33, 260.46, 2765.32]",Table,['Default']
265305,MainField,I-7,0x99e7f430c9be496e,Enemy_Bokoblin_Senior,Surface61,Rabella Wetlands,0,,1,,,"[3072.62, 259.71, 2775.63]",Table,['Default']
265382,MainField,I-7,0x288897b297a88e01,Enemy_Bokoblin_Senior,Surface78,Mount Lanayru,0,"['Weapon_Sword_108', 'Weapon_Shield_006', 'BokoblinBasket_Electric']",1,,,"[3335.67, 110.05, 2994.22]",Table,['Default']
265383,MainField,I-7,0xdb702932ef8fe99e,Enemy_Bokoblin_Senior,Surface78,Mount Lanayru,0,"['Weapon_Sword_108', 'Weapon_Shield_005']",1,,,"[3332.29, 109.06, 2986.97]",Table,['Default']
265384,MainField,I-7,0x9b7984ea1bdb8f7e,Enemy_Bokoblin_Senior,Surface78,Mount Lanayru,0,"['Weapon_Sword_108', 'Weapon_Shield_005', 'AsbObj_RockParts_C_S_01']",1,,,"[3333.98, 109.59, 2990.58]",Table,['Default']
265385,MainField,I-7,0x97d36fe7b76b9f80,Enemy_Bokoblin_Senior,Surface78,Mount Lanayru,0,"['Weapon_Sword_108', 'Weapon_Shield_005']",1,,,"[3337.36, 109.98, 2997.84]",Table,['Default']
265386,MainField,I-7,0x781a76ae782682bd,Enemy_Bokoblin_Senior,Surface78,Mount Lanayru,0,"['Weapon_Sword_108', 'Weapon_Shield_006', 'AsbObj_RockParts_C_S_01', 'BokoblinBasket_Meat_02']",1,,,"[3339.05, 110.27, 3001.47]",Table,['Default']
267348,MainField,I-8,0x7fdf77f862af8919,Enemy_Bokoblin_Senior,Surface61,Rabella Wetlands,0,['Weapon_Bow_027'],0,,,"[3222.58, 283.91, 3262.94]",Table,['Arrow']
268108,MainField,I-8,0x9b03e72e9113fcb9,Enemy_Bokoblin_Senior,Surface61,Rabella Wetlands,0,,1,,,"[3365.02, 278.69, 3247.63]",Table,['Default']
268110,MainField,I-8,0xe964f04b1c5f49d5,Enemy_Bokoblin_Senior,Surface61,Rabella Wetlands,0,,1,,,"[3368.88, 278.67, 3242.52]",Table,['Default']
268238,MainField,I-8,0x719b197564a3b31e,Enemy_Bokoblin_Senior,Surface62,Rabella Wetlands,0,"['Weapon_Sword_108', 'Weapon_Shield_006']",1,,,"[3486.86, 109.05, 3461.39]",Table,['Default']
268264,MainField,I-8,0x9925f5858400d9d3,Enemy_Bokoblin_Senior,Surface62,Rabella Wetlands,0,"['Weapon_Sword_108', 'Weapon_Shield_006']",1,,,"[3792.61, 106.58, 3679.33]",Table,['Default']
268265,MainField,I-8,0x53e0a4d200548412,Enemy_Bokoblin_Senior,Surface62,Rabella Wetlands,0,"['Weapon_Sword_108', 'Weapon_Shield_005']",1,,,"[3792.61, 106.62, 3687.32]",Table,['Default']
268266,MainField,I-8,0xafca435c8538f660,Enemy_Bokoblin_Senior,Surface62,Rabella Wetlands,0,"['Weapon_Sword_108', 'Weapon_Shield_005']",1,,,"[3792.61, 106.63, 3683.33]",Table,['Default']
268267,MainField,I-8,0xabc206f2183c6c33,Enemy_Bokoblin_Senior,Surface62,Rabella Wetlands,0,"['Weapon_Sword_108', 'Weapon_Shield_006']",1,,,"[3792.62, 106.51, 3675.33]",Table,['Default']
268268,MainField,I-8,0x26a965c457901c3c,Enemy_Bokoblin_Senior,Surface62,Rabella Wetlands,0,"['Weapon_Sword_108', 'Weapon_Shield_005']",1,,,"[3792.62, 106.39, 3671.33]",Table,['Default']
268269,MainField,I-8,0x8af8d49aa63a52e3,Enemy_Bokoblin_Senior,Surface62,Rabella Wetlands,0,"['Weapon_Sword_108', 'Weapon_Shield_006', 'AsbObj_SharpRock_A_S_01']",1,,,"[3792.62, 106.27, 3667.33]",Table,['Default']
268270,MainField,I-8,0x0ccdc9083a2d0a52,Enemy_Bokoblin_Senior,Surface62,Rabella Wetlands,0,"['Weapon_Sword_108', 'Weapon_Shield_005']",1,,,"[3792.62, 106.32, 3663.33]",Table,['Default']
268271,MainField,I-8,0x4ce80a032f9c46dc,Enemy_Bokoblin_Senior,Surface62,Rabella Wetlands,1,"['Weapon_Sword_108', 'Weapon_Shield_005', 'BokoblinBasket_Item_Fruit_G']",1,,,"[3792.62, 106.34, 3659.34]",Table,['Default']
270287,MainField,J-1,0x7b878aabb5c81c5e,Enemy_Bokoblin_Senior,Surface20,Ulri Mountain,0,['Weapon_Bow_027'],1,,,"[4171.19, 337.32, -3136.09]",Table,['Arrow']
272642,MainField,J-2,0xe6095ba6dafadaef,Enemy_Bokoblin_Senior,Surface20,Ulri Mountain,0,['BokoblinBasket_Meat'],1,,,"[4086.58, 225.28, -2804.65]",Table,['Default']
272689,MainField,J-2,0xce69b7bac0f3ed31,Enemy_Bokoblin_Senior,Surface54,Ulri Mountain,1,"['Weapon_Spear_108', 'AsbObj_RockParts_C_S_01']",1,,,"[4883.06, 114.28, -2765.41]",Table,['Default']
273609,MainField,J-3,0xf4002ee17dff46dd,Enemy_Bokoblin_Senior,Surface33,Ulri Mountain,0,['BokoblinBasket_FireFruit'],0,,,"[4019.03, 195.83, -1834.46]",Table,['Default']
274331,MainField,J-3,0xb6720d4bf87c93b6,Enemy_Bokoblin_Senior,Surface33,Ulri Mountain,0,['BokoblinBasket_FireFruit'],1,,,"[4022.53, 195.08, -1820.25]",Table,['Default']
275684,MainField,J-4,0x0441d6fdc7bd50f8,Enemy_Bokoblin_Senior,Surface56,Upland Zorana,0,"['Weapon_Sword_108', 'BokoblinBasket_Apple']",0,,,"[4054, 376.34, -833.5]",Table,['Default']
276678,MainField,J-4,0x5f11a05312da2248,Enemy_Bokoblin_Senior,Surface85,Upland Zorana,1,"['Weapon_Sword_108', 'Weapon_Shield_006', 'BokoblinBasket_Meat_02']",1,,,"[4165.82, 432.06, -102.09]",Table,['Default']
276699,MainField,J-4,0x2e261a862b03795a,Enemy_Bokoblin_Senior,Surface85,Upland Zorana,0,"['Weapon_Sword_112', 'Weapon_Shield_003']",1,,,"[4195.64, 431.95, -103.66]",Table,['Default']
281546,MainField,J-8,0xea31ac78e9285b8d,Enemy_Bokoblin_Senior,Surface28,Rabella Wetlands,0,,1,,,"[4468.88, 139.7, 3750.68]",Table,['Default']
281559,MainField,J-8,0x75c256191b7ad7d3,Enemy_Bokoblin_Senior,Surface28,Rabella Wetlands,1,"['Weapon_Sword_108', 'Weapon_Shield_006', 'Item_Enemy_59']",1,,,"[4574.49, 171.11, 3523.86]",Table,['Default']
281572,MainField,J-8,0xdfb19bb0d44fcd6b,Enemy_Bokoblin_Senior,Surface28,Rabella Wetlands,0,,1,,,"[4642.89, 162.81, 3734.82]",Table,['Default']
281574,MainField,J-8,0x9184c0784c5f528c,Enemy_Bokoblin_Senior,Surface28,Rabella Wetlands,0,,1,,,"[4647.29, 162.72, 3728.03]",Table,['Default']
524498,MainField,Cave__Cave_Eldin_0022_GroupSet_000 ,0x09daf247ae76cb33,Enemy_Bokoblin_Senior,Cave66,,0,['Weapon_Sword_112'],1,,,"[2441.12, 551.3, -2978.59]",Table,['Default']
524505,MainField,Cave__Cave_Eldin_0022_GroupSet_000 ,0x44c44f5f8bef8d7d,Enemy_Bokoblin_Senior,Cave66,,0,['Weapon_Spear_113'],1,,,"[2413.95, 551.46, -2945.61]",Table,['Default']
535132,MainField,Cave__Cave_HateruEast_0002_GroupSet_000 ,0x1f73469625d33e6c,Enemy_Bokoblin_Senior,Cave59,,0,['Weapon_Spear_108'],0,,,"[1787.39, 188.3, 2987.64]",Table,['Default']
535547,MainField,Cave__Cave_HateruEast_0002_GroupSet_000 ,0x1bc29188f4612098,Enemy_Bokoblin_Senior,Cave61,,0,['Weapon_Lsword_108'],1,,,"[1955.26, 185.32, 2644.84]",Table,['Default']
537698,MainField,Cave__Cave_Hebra_0013 ,0xc5c7e085c2ca4004,Enemy_Bokoblin_Senior,Cave3,,1,"['Weapon_Sword_113', 'Weapon_Shield_003']",1,,,"[-4414.34, 314.67, -3738.41]",Table,['Default']
537699,MainField,Cave__Cave_Hebra_0013 ,0xc5c7e08573cd518a,Enemy_Bokoblin_Senior,Cave3,,0,['Weapon_Bow_035'],1,,,"[-4411.83, 314.09, -3728.4]",Table,['Arrow']
542339,MainField,Cave__Cave_LanayruMountain_0010_GroupSet_000 ,0xfe69bd8abf20c82d,Enemy_Bokoblin_Senior,Cave38,,0,"['Weapon_Sword_108', 'Weapon_Shield_006']",1,,,"[3352.59, 162.73, 1258.36]",Table,['Default']
542340,MainField,Cave__Cave_LanayruMountain_0010_GroupSet_000 ,0x2182dc573c6d4674,Enemy_Bokoblin_Senior,Cave38,,0,"['Weapon_Sword_108', 'Weapon_Shield_005']",1,,,"[3360.51, 162.74, 1258.05]",Table,['Default']
542341,MainField,Cave__Cave_LanayruMountain_0010_GroupSet_000 ,0x9e78f5a79ce9f66b,Enemy_Bokoblin_Senior,Cave38,,0,"['Weapon_Sword_108', 'Weapon_Shield_006', 'AsbObj_Icicle_A_01']",1,,,"[3356.54, 162.73, 1258.21]",Table,['Default']
543009,MainField,Cave__Cave_LanayruMountain_0016_GroupSet_000 ,0xd4eb9419fbe861f0,Enemy_Bokoblin_Senior,Cave38,,0,"['Weapon_Sword_108', 'Weapon_Shield_005', 'BokoblinBasket_Item_Fruit_B']",1,,,"[4202.26, 290.61, 1769.8]",Table,['Default']
543010,MainField,Cave__Cave_LanayruMountain_0016_GroupSet_000 ,0xf6fab9fe45382f46,Enemy_Bokoblin_Senior,Cave38,,0,"['Weapon_Sword_108', 'Weapon_Shield_005', 'Item_Mushroom_B']",1,,,"[4196.65, 289.65, 1775.49]",Table,['Default']
543011,MainField,Cave__Cave_LanayruMountain_0016_GroupSet_000 ,0x022dd8dccf493f98,Enemy_Bokoblin_Senior,Cave38,,0,"['Weapon_Sword_108', 'Weapon_Shield_005']",1,,,"[4199.46, 290.18, 1772.64]",Table,['Default']
550786,MainField,Castle__Set_HyruleCastle_IslandGround_A ,0x2c9351c57c1e647b,Enemy_Bokoblin_Senior,Surface79,Lookout Landing,0,"['Weapon_Sword_108', 'Weapon_Shield_006']",1,,,"[-155.55, 388.81, -868.64]",Table,['Default']
550787,MainField,Castle__Set_HyruleCastle_IslandGround_A ,0xa08720cf01fa1760,Enemy_Bokoblin_Senior,Surface79,Lookout Landing,0,['Weapon_Bow_027'],1,,,"[-165.43, 388.81, -864.98]",Table,['Arrow']
285504,MinusField,A-3,0xc476cf3ba89053ea,Enemy_Bokoblin_Senior,Depths42,,1,"['Weapon_Sword_108', 'AsbObj_RockParts_C_S_01', 'BokoblinBasket_Item_Ore_L']",1,,,"[-3993.38, -509.74, -1734.36]",Table,['Minus']
285512,MinusField,A-3,0x9bcbf16f0aec2f7d,Enemy_Bokoblin_Senior,Depths42,,0,"['Weapon_Sword_108', 'Weapon_Shield_006']",1,,,"[-4284.66, -460.85, -1733.45]",Table,['Minus']
285518,MinusField,A-3,0x8e79f982b1fa0485,Enemy_Bokoblin_Senior,Depths42,,0,"['Weapon_Sword_108', 'AsbObj_RockParts_C_S_01', 'BokoblinBasket_Item_Ore_L']",1,,,"[-4283.34, -459.13, -1746.26]",Table,['Minus']
286006,MinusField,A-4,0xd467e5b57dea500a,Enemy_Bokoblin_Senior,Depths100,,1,"['Weapon_Sword_108', 'AsbObj_RockParts_C_S_01', 'BokoblinBasket_Item_Ore_L']",1,,,"[-4031.9, -472.27, -568.88]",Table,['Minus']
288531,MinusField,A-5,0x28a7a65e197338eb,Enemy_Bokoblin_Senior,Depths4,,0,"['Weapon_Sword_113', 'AsbObj_RockParts_C_S_01', 'BokoblinBasket_Item_Ore_L']",1,,,"[-4922.87, -815, 371.47]",Table,['Minus']
288537,MinusField,A-5,0x8d33fce406ca90df,Enemy_Bokoblin_Senior,Depths27,,0,"['Weapon_Sword_108', 'AsbObj_RockParts_C_S_01', 'BokoblinBasket_Item_Ore_L']",1,,,"[-4202.43, -411.16, -26.09]",Table,['Minus']
288540,MinusField,A-5,0x0cd3a0f152bb54e8,Enemy_Bokoblin_Senior,Depths27,,0,"['Weapon_Sword_108', 'AsbObj_RockParts_C_S_01']",1,,,"[-4209.77, -411.09, -21.92]",Table,['Minus']
288544,MinusField,A-5,0x5900f0786b99c2b4,Enemy_Bokoblin_Senior,Depths4,,0,"['Weapon_Sword_113', 'AsbObj_RockParts_C_S_01', 'BokoblinBasket_Item_Ore_L']",1,,,"[-4359.34, -576.55, 132.83]",Table,['Minus']
291732,MinusField,A-6,0x32aa218ac2857399,Enemy_Bokoblin_Senior,Depths4,,0,"['Weapon_Sword_108', 'AsbObj_RockParts_C_S_01', 'BokoblinBasket_Item_Ore_L']",1,,,"[-4198.3, -554.82, 1788.15]",Table,['Minus']
291739,MinusField,A-6,0x4470cfb77f2ee800,Enemy_Bokoblin_Senior,Depths4,,0,"['Weapon_Sword_108', 'AsbObj_RockParts_C_S_01']",1,,,"[-4190.72, -554.8, 1801.37]",Table,['Minus']
291743,MinusField,A-6,0x761b54090259b0af,Enemy_Bokoblin_Senior,Depths4,,0,"['Weapon_Sword_108', 'AsbObj_RockParts_C_S_01', 'BokoblinBasket_Item_Ore_L']",1,,,"[-4178.25, -554.81, 1794.88]",Table,['Minus']
291780,MinusField,A-6,0x650e8b79df5eff61,Enemy_Bokoblin_Senior,Depths4,,1,"['Weapon_Sword_108', 'AsbObj_RockParts_C_S_01', 'BokoblinBasket_Item_Ore_L']",1,,,"[-4793.04, -490.92, 1793.04]",Table,['Minus']
291783,MinusField,A-6,0xe7b5f17d6e8c6560,Enemy_Bokoblin_Senior,Depths4,,0,"['Weapon_Sword_108', 'AsbObj_RockParts_C_S_01']",1,,,"[-4785.12, -490.78, 1790.13]",Table,['Minus']
291797,MinusField,A-6,0xa29996dbfa21dccf,Enemy_Bokoblin_Senior,Depths4,,0,"['Weapon_Sword_108', 'AsbObj_RockParts_C_S_01', 'BokoblinBasket_Item_Ore_L']",1,,,"[-4286.76, -641.89, 1511.59]",Table,['Minus']
296932,MinusField,A-8,0xff6e91b7fcc876e9,Enemy_Bokoblin_Senior,Depths40,,1,"['Weapon_Sword_108', 'AsbObj_RockParts_C_S_01', 'BokoblinBasket_Item_Ore_L']",1,,,"[-4681.85, -377.5, 3801.88]",Table,['Minus']
296953,MinusField,A-8,0x2e5291886a98ab1f,Enemy_Bokoblin_Senior,Depths40,,0,"['Weapon_Sword_108', 'AsbObj_RockParts_C_S_01']",1,,,"[-4440.14, -370.41, 3889.27]",Table,['Minus']
296955,MinusField,A-8,0xfb129050d4a6204f,Enemy_Bokoblin_Senior,Depths40,,1,"['Weapon_Sword_113', 'AsbObj_RockParts_C_S_01', 'BokoblinBasket_Item_Ore_L']",1,,,"[-4450.64, -370.63, 3875.35]",Table,['Minus']
305753,MinusField,B-3,0xea21b7b250eb8e4c,Enemy_Bokoblin_Senior,Depths18,,0,"['Weapon_Sword_108', 'AsbObj_RockParts_C_S_01']",1,,,"[-3569.63, -483.31, -1520.19]",Table,['Minus']
305754,MinusField,B-3,0x6ad6b46e36a99654,Enemy_Bokoblin_Senior,Depths18,,0,"['Weapon_Sword_108', 'AsbObj_RockParts_C_S_01', 'BokoblinBasket_Item_Ore_L']",1,,,"[-3565.13, -483.47, -1526.27]",Table,['Minus']
305756,MinusField,B-3,0xa6d2a83b9cb9c3fd,Enemy_Bokoblin_Senior,Depths18,,1,"['Weapon_Sword_108', 'AsbObj_RockParts_C_S_01']",1,,,"[-3570.89, -483.34, -1513.75]",Table,['Minus']
305762,MinusField,B-3,0x7c7e7da881a160b2,Enemy_Bokoblin_Senior,Depths42,,0,"['Weapon_Sword_108', 'AsbObj_RockParts_C_S_01']",1,,,"[-3193.6, -517.17, -1593.47]",Table,['Minus']
305763,MinusField,B-3,0xf0f4fc88ae679cfa,Enemy_Bokoblin_Senior,Depths18,,0,"['Weapon_Sword_108', 'AsbObj_RockParts_C_S_01', 'BokoblinBasket_Item_Ore_L']",1,,,"[-3191.98, -517.12, -1586.08]",Table,['Minus']
305765,MinusField,B-3,0x300dc835a4fbf147,Enemy_Bokoblin_Senior,Depths42,,1,"['Weapon_Sword_108', 'AsbObj_RockParts_C_S_01']",1,,,"[-3197.62, -517.17, -1598.65]",Table,['Minus']
305783,MinusField,B-3,0x76aaa8a774974148,Enemy_Bokoblin_Senior,Depths100,,0,"['Weapon_Sword_108', 'AsbObj_RockParts_C_S_01', 'BokoblinBasket_Item_Ore_L']",1,,,"[-3771.94, -446.8, -1163.01]",Table,['Minus']
305786,MinusField,B-3,0xf6154458e1170207,Enemy_Bokoblin_Senior,Depths100,,0,"['Weapon_Sword_108', 'AsbObj_RockParts_C_S_01']",1,,,"[-3765.33, -446.7, -1168.25]",Table,['Minus']
305789,MinusField,B-3,0xd72cd0355dd27e8a,Enemy_Bokoblin_Senior,Depths42,,0,"['Weapon_Sword_108', 'AsbObj_RockParts_C_S_01']",1,,,"[-3953.41, -520.91, -1436.04]",Table,['Minus']
305791,MinusField,B-3,0x91a736c7ef6d4473,Enemy_Bokoblin_Senior,Depths42,,1,"['Weapon_Sword_112', 'AsbObj_RockParts_C_S_01', 'BokoblinBasket_Item_Ore_L']",1,,,"[-3956.78, -520.92, -1418.63]",Table,['Minus']
305802,MinusField,B-3,0x0fdb879dd82093b2,Enemy_Bokoblin_Senior,Depths18,,0,"['Weapon_Sword_108', 'AsbObj_RockParts_C_S_01']",1,,,"[-3680.79, -485.03, -1517.04]",Table,['Minus']
305804,MinusField,B-3,0xdd0b8df32547e95c,Enemy_Bokoblin_Senior,Depths18,,0,"['Weapon_Sword_113', 'AsbObj_RockParts_C_S_01', 'BokoblinBasket_Item_Ore_L']",1,,,"[-3692.94, -485.25, -1504.47]",Table,['Minus']
305815,MinusField,B-3,0x8e97353a48ca50b8,Enemy_Bokoblin_Senior,Depths42,,0,"['Weapon_Sword_108', 'AsbObj_RockParts_C_S_01']",1,,,"[-3672.22, -558.39, -1322.56]",Table,['Minus']
305817,MinusField,B-3,0x53decb629c336e6f,Enemy_Bokoblin_Senior,Depths42,,0,"['Weapon_Sword_113', 'AsbObj_RockParts_C_S_01', 'BokoblinBasket_Item_Ore_L']",1,,,"[-3655.88, -558.19, -1329.63]",Table,['Minus']
305831,MinusField,B-3,0xeb6f0cf01681efa7,Enemy_Bokoblin_Senior,Depths42,,0,['Weapon_Bow_027'],1,,,"[-3160.3, -500.64, -1925.95]",Table,['Minus_Arrow']
305832,MinusField,B-3,0x614737d96e45cbbd,Enemy_Bokoblin_Senior,Depths42,,0,"['Weapon_Sword_108', 'AsbObj_RockParts_C_S_01', 'BokoblinBasket_Item_Ore_L']",1,,,"[-3163, -500.64, -1930.41]",Table,['Minus']
305833,MinusField,B-3,0x25b8170ce9605c82,Enemy_Bokoblin_Senior,Depths42,,0,['Weapon_Bow_027'],1,,,"[-3168.88, -504.9, -1933.95]",Table,['Minus_Arrow']
305834,MinusField,B-3,0x6709d3cd054b058e,Enemy_Bokoblin_Senior,Depths42,,0,['Weapon_Bow_027'],1,,,"[-3159.39, -504.43, -1922.54]",Table,['Minus_Arrow']
305837,MinusField,B-3,0xc0d3deb868b91921,Enemy_Bokoblin_Senior,Depths42,,0,['Weapon_Bow_027'],1,,,"[-3160.02, -504.93, -1935.53]",Table,['Minus_Arrow']
305840,MinusField,B-3,0x30d2db645ec45a1d,Enemy_Bokoblin_Senior,Depths23,,0,"['Weapon_Sword_108', 'AsbObj_RockParts_C_S_01']",1,,,"[-2948.65, -264.27, -1076.86]",Table,['Minus']
305842,MinusField,B-3,0x90124d8cac97900a,Enemy_Bokoblin_Senior,Depths23,,1,"['Weapon_Sword_112', 'AsbObj_RockParts_C_S_01', 'BokoblinBasket_Item_Ore_L']",1,,,"[-2931.22, -264.29, -1075.78]",Table,['Minus']
308928,MinusField,B-4,0x8709128efedbf39f,Enemy_Bokoblin_Senior,Depths42,,0,"['Weapon_Sword_108', 'AsbObj_RockParts_C_S_01']",1,,,"[-3604.09, -311.3, -177.39]",Table,['Minus']
308929,MinusField,B-4,0xc119bc0cbfd603f3,Enemy_Bokoblin_Senior,Depths42,,0,"['Weapon_Sword_108', 'AsbObj_RockParts_C_S_01', 'BokoblinBasket_Item_Ore_L']",1,,,"[-3595.17, -311.46, -161.81]",Table,['Minus']
308931,MinusField,B-4,0xd946ba741a8d698c,Enemy_Bokoblin_Senior,Depths42,,0,"['Weapon_Sword_108', 'AsbObj_RockParts_C_S_01']",1,,,"[-3608.45, -311.43, -167.57]",Table,['Minus']
308937,MinusField,B-4,0xfc129910a72b1d4a,Enemy_Bokoblin_Senior,Depths42,,1,"['Weapon_Sword_108', 'AsbObj_RockParts_C_S_01']",1,,,"[-3373.46, -491.09, -923.75]",Table,['Minus']
308948,MinusField,B-4,0xfde20c69ad8608cf,Enemy_Bokoblin_Senior,Depths42,,1,"['Weapon_Sword_108', 'AsbObj_RockParts_C_S_01', 'BokoblinBasket_Item_Ore_L']",1,,,"[-3373.77, -485.21, -882.86]",Table,['Minus']
308976,MinusField,B-4,0x76a36d027a75eb35,Enemy_Bokoblin_Senior,Depths100,,0,"['Weapon_Sword_108', 'Weapon_Shield_006']",1,,,"[-3984.76, -444.72, -949.48]",Table,['Minus']
308982,MinusField,B-4,0x1d417c67e59e00fb,Enemy_Bokoblin_Senior,Depths100,,0,"['Weapon_Sword_108', 'AsbObj_RockParts_C_S_01', 'BokoblinBasket_Item_Ore_L']",1,,,"[-3983.43, -442.91, -962.27]",Table,['Minus']
308988,MinusField,B-4,0x1cc978a6e91e8198,Enemy_Bokoblin_Senior,Depths42,,0,"['Weapon_Sword_108', 'AsbObj_RockParts_C_S_01']",1,,,"[-3643.54, -600.86, -438.32]",Table,['Minus']
308989,MinusField,B-4,0x268d6713587c3e71,Enemy_Bokoblin_Senior,Depths42,,0,"['Weapon_Sword_108', 'AsbObj_RockParts_C_S_01', 'BokoblinBasket_Item_Ore_L']",1,,,"[-3622.15, -600.47, -435.61]",Table,['Minus']
308992,MinusField,B-4,0x350401e54649587e,Enemy_Bokoblin_Senior,Depths42,,0,['Weapon_Bow_027'],1,,,"[-3635.63, -600.92, -418.69]",Table,['Minus_Arrow']
308996,MinusField,B-4,0xa91560a72bc09a0b,Enemy_Bokoblin_Senior,Depths23,,0,"['Weapon_Sword_108', 'AsbObj_RockParts_C_S_01']",1,,,"[-3050.66, -244.23, -950.39]",Table,['Minus']
309000,MinusField,B-4,0x09dd3e166d9cf451,Enemy_Bokoblin_Senior,Depths23,,0,"['Weapon_Sword_108', 'AsbObj_RockParts_C_S_01', 'BokoblinBasket_Item_Ore_L']",1,,,"[-3043.11, -245.19, -941.27]",Table,['Minus']
309001,MinusField,B-4,0x526803ada6ce9092,Enemy_Bokoblin_Senior,Depths23,,0,"['Weapon_Sword_108', 'AsbObj_RockParts_C_S_01']",1,,,"[-3041.31, -245.49, -953.24]",Table,['Minus']
309003,MinusField,B-4,0xe850526edb84327b,Enemy_Bokoblin_Senior,Depths23,,0,['Weapon_Bow_027'],1,,,"[-3058.27, -243.04, -945.13]",Table,['Minus_Arrow']
309007,MinusField,B-4,0x089749b89d7b4bbd,Enemy_Bokoblin_Senior,Depths23,,1,"['Weapon_Sword_112', 'AsbObj_RockParts_C_S_01', 'BokoblinBasket_Item_Ore_L']",1,,,"[-3145.02, -261.1, -706.67]",Table,['Minus']
309015,MinusField,B-4,0x5cba5306ee54ab12,Enemy_Bokoblin_Senior,Depths63,,0,"['Weapon_Sword_108', 'AsbObj_RockParts_C_S_01', 'BokoblinBasket_Item_Ore_L']",1,,,"[-2973.54, -513.27, -566.44]",Table,['Minus']
309024,MinusField,B-4,0x4277b24398fd575e,Enemy_Bokoblin_Senior,Depths80,,0,"['Weapon_Sword_108', 'AsbObj_RockParts_C_S_01', 'BokoblinBasket_Item_Ore_L']",1,,,"[-3383.02, -435.69, -4.32]",Table,['Minus']
309027,MinusField,B-4,0xc12ecf386c4c9929,Enemy_Bokoblin_Senior,Depths80,,0,"['Weapon_Sword_108', 'AsbObj_RockParts_C_S_01']",1,,,"[-3380.3, -435.39, 3.66]",Table,['Minus']
309031,MinusField,B-4,0x8abd7be10823a692,Enemy_Bokoblin_Senior,Depths23,,0,"['Weapon_Sword_112', 'AsbObj_RockParts_C_S_01', 'BokoblinBasket_Item_Ore_L']",1,,,"[-3153.17, -241.82, -424.65]",Table,['Minus']
309039,MinusField,B-4,0xb1507bda773d67f7,Enemy_Bokoblin_Senior,Depths27,,1,"['Weapon_Sword_108', 'AsbObj_RockParts_C_S_01', 'BokoblinBasket_Item_Ore_L']",1,,,"[-3057.14, -557.79, -51.31]",Table,['Minus']
312614,MinusField,B-5,0x5607941e8b5c1c78,Enemy_Bokoblin_Senior,Depths4,,0,"['Weapon_Sword_108', 'AsbObj_RockParts_C_S_01']",1,,,"[-3128.56, -526.71, 549.88]",Table,['Minus']
312639,MinusField,B-5,0x23b19e4bed81035f,Enemy_Bokoblin_Senior,Depths27,,0,['Weapon_Bow_027'],1,,,"[-3714.22, -394.87, -27.42]",Table,['Minus_Arrow']
312640,MinusField,B-5,0xa438a660074d28e4,Enemy_Bokoblin_Senior,Depths27,,0,"['Weapon_Sword_108', 'AsbObj_RockParts_C_S_01', 'BokoblinBasket_Item_Ore_L']",1,,,"[-3714.07, -394.87, -32.63]",Table,['Minus']
312641,MinusField,B-5,0x6063b49d7a63eddd,Enemy_Bokoblin_Senior,Depths27,,0,['Weapon_Bow_027'],1,,,"[-3717.1, -399.15, -38.77]",Table,['Minus_Arrow']
312642,MinusField,B-5,0xbf24414690482547,Enemy_Bokoblin_Senior,Depths27,,0,['Weapon_Bow_027'],1,,,"[-3715.32, -399.09, -24.01]",Table,['Minus_Arrow']
312645,MinusField,B-5,0x05494cd7ebb97819,Enemy_Bokoblin_Senior,Depths27,,1,['Weapon_Bow_027'],1,,,"[-3708.8, -399.22, -35.31]",Table,['Minus_Arrow']
312656,MinusField,B-5,0xa1791cd5841f62ee,Enemy_Bokoblin_Senior,Depths4,,0,['Weapon_Bow_027'],1,,,"[-3372.75, -674.7, 603]",Table,['Minus_Arrow']
312657,MinusField,B-5,0x2241c106d8448169,Enemy_Bokoblin_Senior,Depths4,,0,"['Weapon_Sword_108', 'AsbObj_RockParts_C_S_01', 'BokoblinBasket_Item_Ore_L']",1,,,"[-3367.57, -674.68, 602.46]",Table,['Minus']
312658,MinusField,B-5,0xe647f16b7fa21c30,Enemy_Bokoblin_Senior,Depths4,,0,['Weapon_Bow_027'],1,,,"[-3361.86, -678.77, 598.51]",Table,['Minus_Arrow']
312659,MinusField,B-5,0x388b6de097d942c5,Enemy_Bokoblin_Senior,Depths4,,0,['Weapon_Bow_027'],1,,,"[-3376.27, -678.87, 602.27]",Table,['Minus_Arrow']
312662,MinusField,B-5,0x8fd16f1df6ca53f3,Enemy_Bokoblin_Senior,Depths4,,0,['Weapon_Bow_027'],1,,,"[-3364.2, -679.12, 607.19]",Table,['Minus_Arrow']
312665,MinusField,B-5,0xdb20305fac96a1e8,Enemy_Bokoblin_Senior,Depths4,,0,"['Weapon_Sword_108', 'AsbObj_RockParts_C_S_01']",1,,,"[-3057.69, -681.64, 895.7]",Table,['Minus']
312669,MinusField,B-5,0xba6272a9565e0223,Enemy_Bokoblin_Senior,Depths4,,0,"['Weapon_Sword_108', 'AsbObj_RockParts_C_S_01', 'BokoblinBasket_Item_Ore_L']",1,,,"[-3049.84, -682.64, 904.57]",Table,['Minus']
312670,MinusField,B-5,0xe3cd7110e0083e0f,Enemy_Bokoblin_Senior,Depths4,,0,"['Weapon_Sword_108', 'AsbObj_RockParts_C_S_01']",1,,,"[-3048.44, -682.64, 892.62]",Table,['Minus']
312672,MinusField,B-5,0x08ece2b53676eff9,Enemy_Bokoblin_Senior,Depths4,,0,['Weapon_Bow_027'],1,,,"[-3065.11, -680.45, 901.23]",Table,['Minus_Arrow']
316415,MinusField,B-6,0xa596bf2e17b835b1,Enemy_Bokoblin_Senior,Depths4,,0,['Weapon_Bow_027'],1,,,"[-3892.35, -705.85, 1483.05]",Table,['Minus_Arrow']
316416,MinusField,B-6,0x221ec08b594a79bb,Enemy_Bokoblin_Senior,Depths4,,0,"['Weapon_Sword_108', 'AsbObj_RockParts_C_S_01', 'BokoblinBasket_Item_Ore_L']",1,,,"[-3896.02, -705.85, 1486.75]",Table,['Minus']
316417,MinusField,B-6,0xe684962638273cff,Enemy_Bokoblin_Senior,Depths4,,0,['Weapon_Bow_027'],1,,,"[-3898.01, -710.13, 1493.31]",Table,['Minus_Arrow']
316418,MinusField,B-6,0x244ea4ab26711ba5,Enemy_Bokoblin_Senior,Depths4,,0,['Weapon_Bow_027'],1,,,"[-3889.22, -710.09, 1481.32]",Table,['Minus_Arrow']
316421,MinusField,B-6,0x8feaad9ab9512a3f,Enemy_Bokoblin_Senior,Depths4,,0,['Weapon_Bow_027'],1,,,"[-3901.93, -710.15, 1485.1]",Table,['Minus_Arrow']
316427,MinusField,B-6,0xc4388aeb2fb74e40,Enemy_Bokoblin_Senior,Depths4,,0,"['Weapon_Sword_108', 'AsbObj_RockParts_C_S_01', 'BokoblinBasket_Item_Ore_L']",1,,,"[-3568.14, -698.84, 1667.5]",Table,['Minus']
316430,MinusField,B-6,0x386222456b645443,Enemy_Bokoblin_Senior,Depths4,,0,['Weapon_Bow_027'],1,,,"[-3584.44, -699.34, 1653.25]",Table,['Minus_Arrow']
316436,MinusField,B-6,0xa450197e53a051fc,Enemy_Bokoblin_Senior,Depths4,,0,['Weapon_Bow_027'],1,,,"[-3610.67, -504.81, 2003.68]",Table,['Minus_Arrow']
316437,MinusField,B-6,0x21a725992d255476,Enemy_Bokoblin_Senior,Depths4,,0,"['Weapon_Sword_108', 'AsbObj_RockParts_C_S_01', 'BokoblinBasket_Item_Ore_L']",1,,,"[-3606.49, -504.81, 2000.57]",Table,['Minus']
316438,MinusField,B-6,0xede12a0a2200b335,Enemy_Bokoblin_Senior,Depths4,,0,['Weapon_Bow_027'],1,,,"[-3603.54, -509.01, 1994.39]",Table,['Minus_Arrow']
316439,MinusField,B-6,0x2e6440714d7673fb,Enemy_Bokoblin_Senior,Depths4,,0,['Weapon_Bow_027'],1,,,"[-3614.03, -508.96, 2004.93]",Table,['Minus_Arrow']
316442,MinusField,B-6,0x80fb4baaa169bbf5,Enemy_Bokoblin_Senior,Depths4,,0,['Weapon_Bow_027'],1,,,"[-3601.11, -509.11, 2003.05]",Table,['Minus_Arrow']
316446,MinusField,B-6,0xc6fd5968ebacdaf2,Enemy_Bokoblin_Senior,Depths4,,0,"['Weapon_Sword_112', 'AsbObj_RockParts_C_S_01', 'BokoblinBasket_Item_Ore_L']",1,,,"[-3849.36, -645.68, 1772.27]",Table,['Minus']
316464,MinusField,B-6,0x838c3ef38b75716d,Enemy_Bokoblin_Senior,Depths4,,0,"['Weapon_Sword_113', 'AsbObj_RockParts_C_S_01', 'BokoblinBasket_Item_Ore_L']",1,,,"[-3386.81, -674.28, 1756.07]",Table,['Minus']
323325,MinusField,B-8,0x617218cf479213b8,Enemy_Bokoblin_Senior,Depths21,,0,"['Weapon_Sword_113', 'AsbObj_RockParts_C_S_01', 'BokoblinBasket_Item_Ore_L']",1,,,"[-3642.91, -365.96, 3427.62]",Table,['Minus']
323397,MinusField,B-8,0x96758f1887fed0f6,Enemy_Bokoblin_Senior,Depths21,,1,"['Weapon_Sword_113', 'AsbObj_RockParts_C_S_01', 'BokoblinBasket_Item_Ore_L']",1,,,"[-3489.14, -365.7, 3436.61]",Table,['Minus']
325035,MinusField,C-1,0xc9c2e1b0c8007839,Enemy_Bokoblin_Senior,Depths5,,1,"['Weapon_Sword_108', 'AsbObj_RockParts_C_S_01', 'BokoblinBasket_Item_Ore_L']",1,,,"[-2727.09, -584.63, -3391.62]",Table,['Minus']
328148,MinusField,C-2,0x950edff6414e5fdd,Enemy_Bokoblin_Senior,Depths31,,0,"['Weapon_Sword_108', 'AsbObj_RockParts_C_S_01', 'BokoblinBasket_Item_Ore_L']",1,,,"[-2558.96, -676.33, -2004.57]",Table,['Minus']
328151,MinusField,C-2,0x148125fd0ff115e3,Enemy_Bokoblin_Senior,Depths31,,0,"['Weapon_Sword_108', 'AsbObj_RockParts_C_S_01']",1,,,"[-2552.5, -676.2, -1999.14]",Table,['Minus']
328154,MinusField,C-2,0x452421e4e8f5c100,Enemy_Bokoblin_Senior,Depths42,,0,"['Weapon_Sword_108', 'AsbObj_RockParts_C_S_01']",1,,,"[-2945.06, -611, -1980.23]",Table,['Minus']
328158,MinusField,C-2,0xd020e5f73ae9a3ba,Enemy_Bokoblin_Senior,Depths42,,0,"['Weapon_Sword_108', 'AsbObj_RockParts_C_S_01', 'BokoblinBasket_Item_Ore_L']",1,,,"[-2949.36, -611.88, -1991.26]",Table,['Minus']
328159,MinusField,C-2,0x6983def8cf3eaea8,Enemy_Bokoblin_Senior,Depths42,,0,"['Weapon_Sword_108', 'AsbObj_RockParts_C_S_01']",1,,,"[-2954.99, -612.52, -1980.34]",Table,['Minus']
328161,MinusField,C-2,0x82e97f9f4af8fed7,Enemy_Bokoblin_Senior,Depths42,,0,['Weapon_Bow_027'],1,,,"[-2936.19, -609.8, -1982.84]",Table,['Minus_Arrow']
328165,MinusField,C-2,0xa4a7a230656c60c0,Enemy_Bokoblin_Senior,Depths5,,0,"['Weapon_Sword_113', 'AsbObj_RockParts_C_S_01', 'BokoblinBasket_Item_Ore_L']",1,,,"[-2001.28, -579.49, -2628.17]",Table,['Minus']
331228,MinusField,C-3,0xe10da9b02c9db50a,Enemy_Bokoblin_Senior,Depths81,,0,"['Weapon_Sword_108', 'AsbObj_RockParts_C_S_01']",1,,,"[-2499.36, -499.96, -1337.99]",Table,['Minus']
331229,MinusField,C-3,0x6f283391557eb101,Enemy_Bokoblin_Senior,Depths81,,0,"['Weapon_Sword_108', 'AsbObj_RockParts_C_S_01', 'BokoblinBasket_Item_Ore_L']",1,,,"[-2491.85, -500.19, -1337.13]",Table,['Minus']
331231,MinusField,C-3,0xaa98c43e0b8b44df,Enemy_Bokoblin_Senior,Depths81,,1,"['Weapon_Sword_108', 'AsbObj_RockParts_C_S_01']",1,,,"[-2505.57, -500.11, -1335.87]",Table,['Minus']
331256,MinusField,C-3,0x350e42d7f87c6f98,Enemy_Bokoblin_Senior,Depths42,,0,"['Weapon_Sword_108', 'AsbObj_RockParts_C_S_01']",1,,,"[-3014.5, -594.07, -1518.42]",Table,['Minus']
331257,MinusField,C-3,0xe3a5b28a28564e71,Enemy_Bokoblin_Senior,Depths42,,0,"['Weapon_Sword_108', 'AsbObj_RockParts_C_S_01', 'BokoblinBasket_Item_Ore_L']",1,,,"[-2994.82, -593.44, -1527.45]",Table,['Minus']
331260,MinusField,C-3,0xceeeaa646a724872,Enemy_Bokoblin_Senior,Depths42,,0,['Weapon_Bow_027'],1,,,"[-2997.28, -593.79, -1505.94]",Table,['Minus_Arrow']
331266,MinusField,C-3,0xe5c8d94025c9d1fb,Enemy_Bokoblin_Senior,Depths42,,0,['Weapon_Bow_027'],1,,,"[-2956.82, -536.52, -1678.38]",Table,['Minus_Arrow']
331267,MinusField,C-3,0x62f01c69d8851565,Enemy_Bokoblin_Senior,Depths42,,1,"['Weapon_Sword_108', 'AsbObj_RockParts_C_S_01', 'BokoblinBasket_Item_Ore_L']",1,,,"[-2956.61, -536.52, -1683.59]",Table,['Minus']
331268,MinusField,C-3,0x263b7a8439e69036,Enemy_Bokoblin_Senior,Depths42,,0,['Weapon_Bow_027'],1,,,"[-2959.54, -540.78, -1689.78]",Table,['Minus_Arrow']
331269,MinusField,C-3,0x65f4f0555110f7c2,Enemy_Bokoblin_Senior,Depths42,,0,['Weapon_Bow_027'],1,,,"[-2957.97, -540.64, -1674.99]",Table,['Minus_Arrow']
331272,MinusField,C-3,0xcfa0cb38bb92c7f6,Enemy_Bokoblin_Senior,Depths42,,0,['Weapon_Bow_027'],1,,,"[-2951.35, -540.43, -1686.17]",Table,['Minus_Arrow']
331275,MinusField,C-3,0xea58f43c5015c1bf,Enemy_Bokoblin_Senior,Depths42,,0,"['Weapon_Sword_108', 'AsbObj_RockParts_C_S_01']",1,,,"[-2560.15, -542.65, -1601.27]",Table,['Minus']
331277,MinusField,C-3,0xbe19cfdc26668b6f,Enemy_Bokoblin_Senior,Depths42,,1,"['Weapon_Sword_113', 'AsbObj_RockParts_C_S_01', 'BokoblinBasket_Item_Ore_L']",1,,,"[-2568.2, -542.62, -1585.2]",Table,['Minus']
331289,MinusField,C-3,0xa0f913ab7b49f7b3,Enemy_Bokoblin_Senior,Depths81,,0,"['Weapon_Sword_112', 'AsbObj_RockParts_C_S_01', 'BokoblinBasket_Item_Ore_L']",1,,,"[-2595.39, -542.68, -1048.45]",Table,['Minus']
331297,MinusField,C-3,0x8ec36143203acb83,Enemy_Bokoblin_Senior,Depths26,,0,"['Weapon_Sword_112', 'AsbObj_RockParts_C_S_01', 'BokoblinBasket_Item_Ore_L']",1,,,"[-2001.46, -444.56, -1602.54]",Table,['Minus']
331304,MinusField,C-3,0x4405dfd642daaedc,Enemy_Bokoblin_Senior,Depths63,,0,"['Weapon_Sword_108', 'AsbObj_RockParts_C_S_01']",1,,,"[-2323.98, -446.21, -1107.86]",Table,['Minus']
331308,MinusField,C-3,0x2acd9f9441cacd8e,Enemy_Bokoblin_Senior,Depths63,,0,"['Weapon_Sword_108', 'AsbObj_RockParts_C_S_01', 'BokoblinBasket_Item_Ore_L']",1,,,"[-2335.07, -447.31, -1113.47]",Table,['Minus']
331309,MinusField,C-3,0x7160d5e3369c81b4,Enemy_Bokoblin_Senior,Depths63,,0,"['Weapon_Sword_108', 'AsbObj_RockParts_C_S_01']",1,,,"[-2328.21, -447.33, -1099.31]",Table,['Minus']
331311,MinusField,C-3,0x8578a9a0fb1726ec,Enemy_Bokoblin_Senior,Depths63,,0,['Weapon_Bow_027'],1,,,"[-2320.63, -445.01, -1116.48]",Table,['Minus_Arrow']
331315,MinusField,C-3,0x873d41301bc65d23,Enemy_Bokoblin_Senior,Depths81,,1,"['Weapon_Sword_108', 'AsbObj_RockParts_C_S_01', 'BokoblinBasket_Item_Ore_L']",1,,,"[-2213.6, -559.1, -1394.66]",Table,['Minus']
331324,MinusField,C-3,0xb1df0b4af0578374,Enemy_Bokoblin_Senior,Depths81,,0,"['Weapon_Sword_108', 'AsbObj_RockParts_C_S_01']",1,,,"[-2178.67, -570.7, -1280.47]",Table,['Minus']
331326,MinusField,C-3,0x553ec83461cdbc81,Enemy_Bokoblin_Senior,Depths81,,0,"['Weapon_Sword_108', 'AsbObj_RockParts_C_S_01', 'BokoblinBasket_Item_Ore_L']",1,,,"[-2185.44, -574.58, -1285.75]",Table,['Minus']
331332,MinusField,C-3,0x90a3fb6d45c81d9a,Enemy_Bokoblin_Senior,Depths31,,1,"['Weapon_Sword_108', 'AsbObj_RockParts_C_S_01', 'BokoblinBasket_Item_Ore_L']",1,,,"[-2517.1, -615.62, -1770.16]",Table,['Minus']
334568,MinusField,C-4,0xf54785a6e35f1067,Enemy_Bokoblin_Senior,Depths63,,0,"['Weapon_Sword_112', 'AsbObj_RockParts_C_S_01']",1,,,"[-2385.19, -445.44, -699.88]",Table,['Minus']
334577,MinusField,C-4,0x269008bdc3494dc4,Enemy_Bokoblin_Senior,Depths63,,0,"['Weapon_Sword_108', 'AsbObj_RockParts_C_S_01']",1,,,"[-2385.24, -447.39, -687.37]",Table,['Minus']
334589,MinusField,C-4,0xabcb0659cfa1d7aa,Enemy_Bokoblin_Senior,Depths63,,0,"['Weapon_Sword_108', 'AsbObj_RockParts_C_S_01']",1,,,"[-2570.81, -495.44, -307.77]",Table,['Minus']
334590,MinusField,C-4,0xf9faad41edde2648,Enemy_Bokoblin_Senior,Depths63,,0,"['Weapon_Sword_108', 'AsbObj_RockParts_C_S_01', 'BokoblinBasket_Item_Ore_L']",1,,,"[-2558.79, -495.44, -321.1]",Table,['Minus']
334592,MinusField,C-4,0xe00756d6120311fb,Enemy_Bokoblin_Senior,Depths63,,0,"['Weapon_Sword_108', 'AsbObj_RockParts_C_S_01']",1,,,"[-2560.15, -495.29, -306.73]",Table,['Minus']
334618,MinusField,C-4,0xd769a42bc272aa20,Enemy_Bokoblin_Senior,Depths63,,0,['Weapon_Bow_027'],1,,,"[-2839.72, -508.88, -510.23]",Table,['Minus_Arrow']
334619,MinusField,C-4,0x558173ccfe7386a6,Enemy_Bokoblin_Senior,Depths63,,0,"['Weapon_Sword_108', 'AsbObj_RockParts_C_S_01', 'BokoblinBasket_Item_Ore_L']",1,,,"[-2839.4, -508.88, -505.03]",Table,['Minus']
334620,MinusField,C-4,0x303aa3de5c763f41,Enemy_Bokoblin_Senior,Depths63,,0,['Weapon_Bow_027'],1,,,"[-2835.83, -513.11, -499.18]",Table,['Minus_Arrow']
334621,MinusField,C-4,0x7b478fa6b33856cb,Enemy_Bokoblin_Senior,Depths63,,0,['Weapon_Bow_027'],1,,,"[-2838.96, -513.28, -513.79]",Table,['Minus_Arrow']
334624,MinusField,C-4,0xce918257dcb6b520,Enemy_Bokoblin_Senior,Depths63,,0,['Weapon_Bow_027'],1,,,"[-2844.41, -513.13, -501.88]",Table,['Minus_Arrow']
334627,MinusField,C-4,0xe8119fb67010cd93,Enemy_Bokoblin_Senior,Depths63,,0,"['Weapon_Sword_108', 'AsbObj_RockParts_C_S_01', 'BokoblinBasket_Item_Ore_L']",1,,,"[-2409.84, -447.25, -931.19]",Table,['Minus']
334628,MinusField,C-4,0x29b3cc406a718709,Enemy_Bokoblin_Senior,Depths63,,0,"['Weapon_Sword_112', 'AsbObj_RockParts_C_S_01']",1,,,"[-2416.87, -447, -916.41]",Table,['Minus']
340916,MinusField,C-6,0xc2fb7b27a4e48e25,Enemy_Bokoblin_Senior,Depths4,,0,"['Weapon_Sword_108', 'AsbObj_RockParts_C_S_01', 'BokoblinBasket_Item_Ore_L']",1,,,"[-3063.66, -552.1, 1970.74]",Table,['Minus']
340923,MinusField,C-6,0x7ba60f44c11fa95c,Enemy_Bokoblin_Senior,Depths4,,0,"['Weapon_Sword_108', 'AsbObj_RockParts_C_S_01']",1,,,"[-3051.89, -552.46, 1961.05]",Table,['Minus']
340927,MinusField,C-6,0x2693b9882966f004,Enemy_Bokoblin_Senior,Depths4,,0,"['Weapon_Sword_108', 'AsbObj_RockParts_C_S_01', 'BokoblinBasket_Item_Ore_L']",1,,,"[-3060.39, -552.88, 1949.86]",Table,['Minus']
340959,MinusField,C-6,0x72486257761dd859,Enemy_Bokoblin_Senior,Depths4,,0,"['Weapon_Sword_108', 'AsbObj_RockParts_C_S_01']",1,,,"[-2806.36, -715.65, 1816.09]",Table,['Minus']
340961,MinusField,C-6,0x0e31e072fa17e09c,Enemy_Bokoblin_Senior,Depths4,,0,"['Weapon_Sword_108', 'AsbObj_RockParts_C_S_01', 'BokoblinBasket_Item_Ore_L']",1,,,"[-2800.72, -719.65, 1809.58]",Table,['Minus']
340993,MinusField,C-6,0x591faf75a654b810,Enemy_Bokoblin_Senior,Depths4,,0,['Weapon_Bow_027'],1,,,"[-2071.85, -586.06, 1515]",Table,['Minus_Arrow']
340994,MinusField,C-6,0xdbd678561819f5da,Enemy_Bokoblin_Senior,Depths4,,0,"['Weapon_Sword_108', 'AsbObj_RockParts_C_S_01', 'BokoblinBasket_Item_Ore_L']",1,,,"[-2068.66, -586.06, 1510.88]",Table,['Minus']
340995,MinusField,C-6,0x86ed55d0b954c910,Enemy_Bokoblin_Senior,Depths4,,0,['Weapon_Bow_027'],1,,,"[-2067.49, -590.18, 1504.13]",Table,['Minus_Arrow']
340996,MinusField,C-6,0xf1bad578919a880c,Enemy_Bokoblin_Senior,Depths4,,0,['Weapon_Bow_027'],1,,,"[-2074.74, -590.16, 1517.11]",Table,['Minus_Arrow']
340999,MinusField,C-6,0xaccbdaad3b148250,Enemy_Bokoblin_Senior,Depths4,,0,['Weapon_Bow_027'],1,,,"[-2062.81, -590.2, 1511.82]",Table,['Minus_Arrow']
343994,MinusField,C-7,0x02ca830d7942205a,Enemy_Bokoblin_Senior,Depths4,,0,"['Weapon_Sword_108', 'AsbObj_RockParts_C_S_01', 'BokoblinBasket_Item_Ore_L']",1,,,"[-2898.88, -543.23, 2224.35]",Table,['Minus']
343997,MinusField,C-7,0x83c52d28cbec252b,Enemy_Bokoblin_Senior,Depths4,,0,"['Weapon_Sword_108', 'AsbObj_RockParts_C_S_01']",1,,,"[-2893.72, -543.08, 2217.68]",Table,['Minus']
343999,MinusField,C-7,0x856f5534d7cb2ec3,Enemy_Bokoblin_Senior,Depths4,,0,"['Weapon_Sword_108', 'AsbObj_RockParts_C_S_01']",1,,,"[-2680.43, -500.41, 2104.41]",Table,['Minus']
344001,MinusField,C-7,0xa6ae301d4c291e9d,Enemy_Bokoblin_Senior,Depths4,,0,"['Weapon_Sword_108', 'AsbObj_RockParts_C_S_01', 'BokoblinBasket_Item_Ore_L']",1,,,"[-2672.44, -504.43, 2101.17]",Table,['Minus']
346777,MinusField,C-8,0xf580a5c339efff97,Enemy_Bokoblin_Senior,Depths21,,1,"['Weapon_Sword_112', 'AsbObj_RockParts_C_S_01', 'BokoblinBasket_Item_Ore_L']",1,,,"[-2298.94, -360.22, 3792.65]",Table,['Minus']
349556,MinusField,D-1,0xcebd4fe8abf10b28,Enemy_Bokoblin_Senior,Depths98,,0,['Weapon_Bow_027'],1,,,"[-1875.08, -572.84, -3428.86]",Table,['Minus_Arrow']
349557,MinusField,D-1,0x4f35873151f22f17,Enemy_Bokoblin_Senior,Depths98,,0,"['Weapon_Sword_108', 'AsbObj_RockParts_C_S_01', 'BokoblinBasket_Item_Ore_L']",1,,,"[-1875.17, -572.84, -3434.07]",Table,['Minus']
349558,MinusField,D-1,0x1be8b86ca2f1960b,Enemy_Bokoblin_Senior,Depths98,,0,['Weapon_Bow_027'],1,,,"[-1878.5, -576.89, -3440.06]",Table,['Minus_Arrow']
349559,MinusField,D-1,0x511b22cdc88bec35,Enemy_Bokoblin_Senior,Depths98,,0,['Weapon_Bow_027'],1,,,"[-1876.01, -577.05, -3425.32]",Table,['Minus_Arrow']
349562,MinusField,D-1,0x3ac239c0251721ab,Enemy_Bokoblin_Senior,Depths98,,0,['Weapon_Bow_027'],1,,,"[-1870.03, -576.89, -3436.99]",Table,['Minus_Arrow']
349567,MinusField,D-1,0x5f83a64f285c515a,Enemy_Bokoblin_Senior,Depths5,,0,['Weapon_Bow_027'],1,,,"[-1903.08, -585.22, -3010.74]",Table,['Minus_Arrow']
349568,MinusField,D-1,0xa0146f0ad7865ca5,Enemy_Bokoblin_Senior,Depths5,,0,"['Weapon_Sword_108', 'AsbObj_RockParts_C_S_01', 'BokoblinBasket_Item_Ore_L']",1,,,"[-1899.16, -585.22, -3007.31]",Table,['Minus']
349569,MinusField,D-1,0xac91af953aa4d654,Enemy_Bokoblin_Senior,Depths5,,0,['Weapon_Bow_027'],1,,,"[-1892.51, -588.94, -3005.74]",Table,['Minus_Arrow']
349570,MinusField,D-1,0xea70c36453157042,Enemy_Bokoblin_Senior,Depths5,,0,['Weapon_Bow_027'],1,,,"[-1905.14, -589.56, -3013.76]",Table,['Minus_Arrow']
349573,MinusField,D-1,0x41efb81baa8caf16,Enemy_Bokoblin_Senior,Depths5,,1,['Weapon_Bow_027'],1,,,"[-1900.45, -589.26, -3001.53]",Table,['Minus_Arrow']
349577,MinusField,D-1,0x186e5c24ae47751b,Enemy_Bokoblin_Senior,Depths98,,1,"['Weapon_Sword_108', 'AsbObj_RockParts_C_S_01', 'BokoblinBasket_Item_Ore_L']",1,,,"[-1735.18, -578.56, -3363.82]",Table,['Minus']
349588,MinusField,D-1,0x05d5ba9121198a73,Enemy_Bokoblin_Senior,Depths5,,1,"['Weapon_Sword_108', 'AsbObj_RockParts_C_S_01', 'BokoblinBasket_Item_Ore_L']",1,,,"[-1142.4, -552.89, -3545.75]",Table,['Minus']
353185,MinusField,D-2,0xfd9894bc0f995807,Enemy_Bokoblin_Senior,Depths5,,0,"['Weapon_Sword_108', 'AsbObj_RockParts_C_S_01']",1,,,"[-1598.48, -585.8, -2848.45]",Table,['Minus']
353186,MinusField,D-2,0x376e753e8e92e4a8,Enemy_Bokoblin_Senior,Depths5,,0,"['Weapon_Sword_108', 'AsbObj_RockParts_C_S_01', 'BokoblinBasket_Item_Ore_L']",1,,,"[-1594.89, -585.71, -2866.03]",Table,['Minus']
353188,MinusField,D-2,0x3f39cb6a406f9015,Enemy_Bokoblin_Senior,Depths5,,0,"['Weapon_Sword_108', 'AsbObj_RockParts_C_S_01']",1,,,"[-1588.76, -585.59, -2852.95]",Table,['Minus']
353201,MinusField,D-2,0x9eff4f53c390dd01,Enemy_Bokoblin_Senior,Depths60,,0,"['Weapon_Sword_108', 'AsbObj_RockParts_C_S_01']",1,,,"[-1135.33, -452.05, -2304.6]",Table,['Minus']
353202,MinusField,D-2,0xc8eeb456349c11e2,Enemy_Bokoblin_Senior,Depths60,,0,"['Weapon_Sword_108', 'AsbObj_RockParts_C_S_01', 'BokoblinBasket_Item_Ore_L']",1,,,"[-1151.83, -451.75, -2311.66]",Table,['Minus']
353204,MinusField,D-2,0xde9b81f30f705f13,Enemy_Bokoblin_Senior,Depths60,,0,"['Weapon_Sword_108', 'AsbObj_RockParts_C_S_01']",1,,,"[-1137.75, -451.88, -2315.04]",Table,['Minus']
353231,MinusField,D-2,0x8a78c4022f94172a,Enemy_Bokoblin_Senior,Depths5,,0,"['Weapon_Sword_108', 'AsbObj_RockParts_C_S_01', 'BokoblinBasket_Item_Ore_L']",1,,,"[-1749.66, -581.79, -2764.66]",Table,['Minus']
353240,MinusField,D-2,0xf5ab2bf896ca96ff,Enemy_Bokoblin_Senior,Depths5,,0,"['Weapon_Sword_108', 'AsbObj_RockParts_C_S_01']",1,,,"[-1563.48, -580.91, -2414.01]",Table,['Minus']
353242,MinusField,D-2,0x962c69c78d475674,Enemy_Bokoblin_Senior,Depths5,,0,"['Weapon_Sword_108', 'AsbObj_RockParts_C_S_01', 'BokoblinBasket_Item_Ore_L']",1,,,"[-1570.46, -585.02, -2408.92]",Table,['Minus']
353248,MinusField,D-2,0x27e3362aa35740f7,Enemy_Bokoblin_Senior,Depths23,,0,"['Weapon_Sword_113', 'AsbObj_RockParts_C_S_01', 'BokoblinBasket_Item_Ore_L']",1,,,"[-1090.48, -242.22, -2612.7]",Table,['Minus']
353254,MinusField,D-2,0x11c9729b168fae57,Enemy_Bokoblin_Senior,Depths23,,0,"['Weapon_Sword_108', 'AsbObj_RockParts_C_S_01']",1,,,"[-1421.82, -241.86, -2249.97]",Table,['Minus']
353256,MinusField,D-2,0x2d503026e292dfd9,Enemy_Bokoblin_Senior,Depths23,,0,"['Weapon_Sword_108', 'AsbObj_RockParts_C_S_01', 'BokoblinBasket_Item_Ore_L']",1,,,"[-1422.88, -245.95, -2258.53]",Table,['Minus']
353262,MinusField,D-2,0xef211906843fcc7a,Enemy_Bokoblin_Senior,Depths5,,0,"['Weapon_Sword_108', 'AsbObj_RockParts_C_S_01', 'BokoblinBasket_Item_Ore_L']",1,,,"[-1799.54, -581.06, -2935.88]",Table,['Minus']
353273,MinusField,D-2,0x27e98ddd087090c4,Enemy_Bokoblin_Senior,Depths5,,1,"['Weapon_Sword_108', 'AsbObj_RockParts_C_S_01', 'BokoblinBasket_Item_Ore_L']",1,,,"[-1524.78, -577.18, -2617.72]",Table,['Minus']
356875,MinusField,D-3,0x4e9a17394fa46e41,Enemy_Bokoblin_Senior,Depths60,,0,"['Weapon_Sword_108', 'AsbObj_RockParts_C_S_01', 'BokoblinBasket_Item_Ore_L']",1,,,"[-1115.53, -448.62, -1827.76]",Table,['Minus']
356882,MinusField,D-3,0xfcdc55f4550feccb,Enemy_Bokoblin_Senior,Depths60,,0,"['Weapon_Sword_108', 'AsbObj_RockParts_C_S_01']",1,,,"[-1130.13, -448.65, -1823.38]",Table,['Minus']
356886,MinusField,D-3,0xaa11c5b89da65cab,Enemy_Bokoblin_Senior,Depths60,,0,"['Weapon_Sword_108', 'AsbObj_RockParts_C_S_01', 'BokoblinBasket_Item_Ore_L']",1,,,"[-1126.63, -448.66, -1809.76]",Table,['Minus']
356909,MinusField,D-3,0xb7b9286e8978a8ef,Enemy_Bokoblin_Senior,Depths23,,0,"['Weapon_Sword_108', 'AsbObj_RockParts_C_S_01']",1,,,"[-1674.63, -248.69, -2000.98]",Table,['Minus']
356910,MinusField,D-3,0x69dd2720599a0ec9,Enemy_Bokoblin_Senior,Depths23,,0,"['Weapon_Sword_108', 'AsbObj_RockParts_C_S_01', 'BokoblinBasket_Item_Ore_L']",1,,,"[-1676.95, -248.31, -2022.41]",Table,['Minus']
356913,MinusField,D-3,0x4ed2c6d9597101ca,Enemy_Bokoblin_Senior,Depths23,,0,['Weapon_Bow_027'],1,,,"[-1657.33, -248.68, -2013.26]",Table,['Minus_Arrow']
356919,MinusField,D-3,0x5c7d1c6bf3f54d17,Enemy_Bokoblin_Senior,Depths26,,0,"['Weapon_Sword_108', 'AsbObj_RockParts_C_S_01']",1,,,"[-1800.87, -451.28, -1628.25]",Table,['Minus']
356920,MinusField,D-3,0x02613825321e6929,Enemy_Bokoblin_Senior,Depths26,,0,"['Weapon_Sword_108', 'AsbObj_RockParts_C_S_01', 'BokoblinBasket_Item_Ore_L']",1,,,"[-1786.02, -450.63, -1612.48]",Table,['Minus']
356923,MinusField,D-3,0x77debbdc770da42a,Enemy_Bokoblin_Senior,Depths26,,0,['Weapon_Bow_027'],1,,,"[-1807.18, -451.04, -1607.95]",Table,['Minus_Arrow']
356928,MinusField,D-3,0x38df5bf73645709e,Enemy_Bokoblin_Senior,Depths23,,0,"['Weapon_Sword_112', 'AsbObj_RockParts_C_S_01', 'BokoblinBasket_Item_Ore_L']",1,,,"[-1879.96, -246.89, -1871.05]",Table,['Minus']
356935,MinusField,D-3,0x90aa66b340bbac71,Enemy_Bokoblin_Senior,Depths81,,0,"['Weapon_Sword_108', 'AsbObj_RockParts_C_S_01', 'BokoblinBasket_Item_Ore_L']",1,,,"[-1474.36, -485.42, -1281.55]",Table,['Minus']
356936,MinusField,D-3,0xd1096326ba4a26bc,Enemy_Bokoblin_Senior,Depths81,,1,"['Weapon_Sword_112', 'AsbObj_RockParts_C_S_01']",1,,,"[-1475.88, -485.4, -1265.27]",Table,['Minus']
356943,MinusField,D-3,0xf2fcad969f3f769b,Enemy_Bokoblin_Senior,Depths26,,0,"['Weapon_Sword_108', 'AsbObj_RockParts_C_S_01']",1,,,"[-1114.43, -459.43, -1655.72]",Table,['Minus']
356945,MinusField,D-3,0x911d564c92328720,Enemy_Bokoblin_Senior,Depths26,,0,"['Weapon_Sword_108', 'AsbObj_RockParts_C_S_01', 'BokoblinBasket_Item_Ore_L']",1,,,"[-1108.68, -462.59, -1662.13]",Table,['Minus']
356950,MinusField,D-3,0xa0ce3909e642c1c7,Enemy_Bokoblin_Senior,Depths60,,0,"['Weapon_Sword_108', 'AsbObj_RockParts_C_S_01']",1,,,"[-1477.75, -450.5, -1879.31]",Table,['Minus']
356954,MinusField,D-3,0x1d347a9fbc6567f8,Enemy_Bokoblin_Senior,Depths60,,0,"['Weapon_Sword_108', 'AsbObj_RockParts_C_S_01', 'BokoblinBasket_Item_Ore_L']",1,,,"[-1465.92, -451.07, -1877.18]",Table,['Minus']
356955,MinusField,D-3,0x549778c7ea54ab6e,Enemy_Bokoblin_Senior,Depths60,,0,"['Weapon_Sword_108', 'AsbObj_RockParts_C_S_01']",1,,,"[-1477.65, -451.15, -1887.68]",Table,['Minus']
356957,MinusField,D-3,0xef09da8708024316,Enemy_Bokoblin_Senior,Depths60,,0,['Weapon_Bow_027'],1,,,"[-1478.15, -448.95, -1868.87]",Table,['Minus_Arrow']
356960,MinusField,D-3,0x96560cbe74dc7ee5,Enemy_Bokoblin_Senior,Depths26,,0,"['Weapon_Sword_108', 'AsbObj_RockParts_C_S_01']",1,,,"[-1267.5, -462.49, -1680.67]",Table,['Minus']
356964,MinusField,D-3,0x61a84e2f1f9798a7,Enemy_Bokoblin_Senior,Depths26,,0,"['Weapon_Sword_108', 'AsbObj_RockParts_C_S_01', 'BokoblinBasket_Item_Ore_L']",1,,,"[-1256.33, -463.06, -1677.11]",Table,['Minus']
356965,MinusField,D-3,0x861d6626a146e54b,Enemy_Bokoblin_Senior,Depths26,,0,"['Weapon_Sword_108', 'AsbObj_RockParts_C_S_01']",1,,,"[-1265.92, -463.12, -1688.85]",Table,['Minus']
356967,MinusField,D-3,0xd3bf1667d19046f5,Enemy_Bokoblin_Senior,Depths26,,0,['Weapon_Bow_027'],1,,,"[-1269.79, -460.94, -1670.48]",Table,['Minus_Arrow']
356969,MinusField,D-3,0x956da2791312b77b,Enemy_Bokoblin_Senior,Depths26,,0,"['Weapon_Sword_108', 'AsbObj_RockParts_C_S_01', 'BokoblinBasket_Item_Ore_L']",1,,,"[-1349.87, -482.66, -1250.17]",Table,['Minus']
356972,MinusField,D-3,0x1331467ca1f22c49,Enemy_Bokoblin_Senior,Depths26,,0,"['Weapon_Sword_108', 'AsbObj_RockParts_C_S_01']",1,,,"[-1350.63, -482.59, -1258.57]",Table,['Minus']
356976,MinusField,D-3,0xa982e60121031302,Enemy_Bokoblin_Senior,Depths26,,0,"['Weapon_Sword_108', 'AsbObj_RockParts_C_S_01', 'BokoblinBasket_Item_Ore_L']",1,,,"[-1143.24, -453.08, -1123.73]",Table,['Minus']
360268,MinusField,D-4,0xd3c2017ece3a225d,Enemy_Bokoblin_Senior,Depths12,,0,"['Weapon_Sword_108', 'AsbObj_RockParts_C_S_01']",1,,,"[-1217.4, -356.08, -229.22]",Table,['Minus']
360279,MinusField,D-4,0xd2329f2f87362d52,Enemy_Bokoblin_Senior,Depths12,,1,"['Weapon_Sword_108', 'AsbObj_RockParts_C_S_01', 'BokoblinBasket_Item_Ore_L']",1,,,"[-1217.99, -350.09, -188.34]",Table,['Minus']
360296,MinusField,D-4,0x1cce3caba3f70296,Enemy_Bokoblin_Senior,Depths63,,0,"['Weapon_Sword_108', 'AsbObj_RockParts_C_S_01', 'BokoblinBasket_Item_Ore_L']",1,,,"[-1844.52, -497.51, -650.7]",Table,['Minus']
360306,MinusField,D-4,0x0118564b8e489dd1,Enemy_Bokoblin_Senior,Depths63,,0,"['Weapon_Sword_108', 'AsbObj_RockParts_C_S_01']",1,,,"[-1819.84, -493.44, -895.06]",Table,['Minus']
360308,MinusField,D-4,0xc22858715893d765,Enemy_Bokoblin_Senior,Depths63,,1,"['Weapon_Sword_112', 'AsbObj_RockParts_C_S_01', 'BokoblinBasket_Item_Ore_L']",1,,,"[-1802.11, -493.7, -896.63]",Table,['Minus']
360319,MinusField,D-4,0x2bee9c0ddae1dc3a,Enemy_Bokoblin_Senior,Depths82,,0,"['Weapon_Sword_108', 'AsbObj_RockParts_C_S_01', 'BokoblinBasket_Item_Ore_L']",1,,,"[-1549.44, -373.28, -574.94]",Table,['Minus']
360320,MinusField,D-4,0x6cb1afce20a0b67b,Enemy_Bokoblin_Senior,Depths82,,0,"['Weapon_Sword_113', 'AsbObj_RockParts_C_S_01']",1,,,"[-1559.01, -372.38, -561.69]",Table,['Minus']
360327,MinusField,D-4,0x55486ecf8e8f2642,Enemy_Bokoblin_Senior,Depths80,,0,"['Weapon_Sword_108', 'AsbObj_RockParts_C_S_01']",1,,,"[-1999.79, -496.32, -73.7]",Table,['Minus']
360329,MinusField,D-4,0x71c3b0058681a717,Enemy_Bokoblin_Senior,Depths80,,0,"['Weapon_Sword_108', 'AsbObj_RockParts_C_S_01', 'BokoblinBasket_Item_Ore_L']",1,,,"[-1999.06, -500.37, -82.27]",Table,['Minus']
360335,MinusField,D-4,0xb859bdc7e3e73338,Enemy_Bokoblin_Senior,Depths82,,0,"['Weapon_Sword_108', 'AsbObj_RockParts_C_S_01', 'BokoblinBasket_Item_Ore_L']",1,,,"[-1276.02, -427.14, -629.28]",Table,['Minus']
360357,MinusField,D-4,0xc3db07da5cd03af3,Enemy_Bokoblin_Senior,Depths82,,0,"['Weapon_Sword_112', 'AsbObj_RockParts_C_S_01', 'BokoblinBasket_Item_Ore_L']",1,,,"[-1357.87, -429.35, -431.74]",Table,['Minus']
360360,MinusField,D-4,0x881665686b302ee3,Enemy_Bokoblin_Senior,Depths82,,0,['Weapon_Bow_027'],1,,,"[-1372.92, -430.54, -425.28]",Table,['Minus_Arrow']
363807,MinusField,D-5,0x30e7aad25d368cc0,Enemy_Bokoblin_Senior,Depths64,,1,"['Weapon_Sword_113', 'AsbObj_RockParts_C_S_01', 'BokoblinBasket_Item_Ore_L']",1,,,"[-2000.29, -526.66, 171.18]",Table,['Minus']
366898,MinusField,D-6,0x15504693f0b5bb36,Enemy_Bokoblin_Senior,Depths4,,1,"['Weapon_Sword_108', 'AsbObj_RockParts_C_S_01', 'BokoblinBasket_Item_Ore_L']",1,,,"[-1878.86, -496.39, 1848.83]",Table,['Minus']
370654,MinusField,D-7,0x3b8b538b465d17a6,Enemy_Bokoblin_Senior,Depths4,,0,"['Weapon_Sword_113', 'AsbObj_RockParts_C_S_01', 'BokoblinBasket_Item_Ore_L']",1,,,"[-1941.99, -435.9, 2056.8]",Table,['Minus']
370657,MinusField,D-7,0xf547318bb07ff40f,Enemy_Bokoblin_Senior,Depths4,,0,['Weapon_Bow_027'],1,,,"[-1934.11, -437.55, 2042.56]",Table,['Minus_Arrow']
375045,MinusField,E-1,0x537edb5aee48fbcd,Enemy_Bokoblin_Senior,Depths15,,0,"['Weapon_Sword_108', 'AsbObj_RockParts_C_S_01']",1,,,"[-382.55, -443.94, -3132.67]",Table,['Minus']
375046,MinusField,E-1,0x8d51bf5f435c3a2a,Enemy_Bokoblin_Senior,Depths15,,0,"['Weapon_Sword_108', 'AsbObj_RockParts_C_S_01', 'BokoblinBasket_Item_Ore_L']",1,,,"[-364.6, -443.87, -3132.74]",Table,['Minus']
375048,MinusField,E-1,0x9482b1ec8d387e42,Enemy_Bokoblin_Senior,Depths15,,0,"['Weapon_Sword_108', 'AsbObj_RockParts_C_S_01']",1,,,"[-376.15, -443.71, -3124.08]",Table,['Minus']
375068,MinusField,E-1,0xb158446193c1a728,Enemy_Bokoblin_Senior,Depths15,,0,"['Weapon_Sword_113', 'AsbObj_RockParts_C_S_01']",1,,,"[-117.01, -438.39, -3250.8]",Table,['Minus']
375069,MinusField,E-1,0x6624b92e93e007f0,Enemy_Bokoblin_Senior,Depths15,,0,"['Weapon_Sword_113', 'AsbObj_RockParts_C_S_01', 'BokoblinBasket_Item_Ore_L']",1,,,"[-133.82, -438.03, -3264.37]",Table,['Minus']
375072,MinusField,E-1,0x5afdbfd89f0d00f3,Enemy_Bokoblin_Senior,Depths15,,0,['Weapon_Bow_035'],1,,,"[-113.43, -438.32, -3271.75]",Table,['Minus_Arrow']
375077,MinusField,E-1,0xa1e02db65b0d65b4,Enemy_Bokoblin_Senior,Depths97,,1,"['Weapon_Sword_108', 'AsbObj_RockParts_C_S_01', 'BokoblinBasket_Item_Ore_L']",1,,,"[-782.69, -578.15, -3650.46]",Table,['Minus']
375088,MinusField,E-1,0x0c30f9bd87cd2993,Enemy_Bokoblin_Senior,Depths97,,1,"['Weapon_Sword_108', 'AsbObj_RockParts_C_S_01', 'BokoblinBasket_Item_Ore_L']",1,,,"[-682.67, -578.53, -3596.19]",Table,['Minus']
377110,MinusField,E-2,0x5e881d85f83f51a3,Enemy_Bokoblin_Senior,Depths60,,0,"['Weapon_Sword_108', 'AsbObj_RockParts_C_S_01']",1,,,"[-435.37, -516.41, -2041.74]",Table,['Minus']
377112,MinusField,E-2,0x0e571327553c8c7a,Enemy_Bokoblin_Senior,Depths60,,1,"['Weapon_Sword_112', 'AsbObj_RockParts_C_S_01', 'BokoblinBasket_Item_Ore_L']",1,,,"[-445.73, -516.53, -2027.66]",Table,['Minus']
377124,MinusField,E-2,0x0d9b8146fb302f6c,Enemy_Bokoblin_Senior,Depths15,,0,"['Weapon_Sword_112', 'AsbObj_RockParts_C_S_01', 'BokoblinBasket_Item_Ore_L']",1,,,"[-536.79, -461.87, -2994]",Table,['Minus']
377127,MinusField,E-2,0xccdf67fcc793bc71,Enemy_Bokoblin_Senior,Depths15,,0,['Weapon_Bow_027'],1,,,"[-523.19, -463.09, -2984.96]",Table,['Minus_Arrow']
377130,MinusField,E-2,0x6dc571ac65ce207c,Enemy_Bokoblin_Senior,Depths8,,0,"['Weapon_Sword_108', 'Weapon_Shield_006']",1,,,"[-61.04, -518.14, -2034.63]",Table,['Minus']
377136,MinusField,E-2,0x66e77ad7e2a0d9b6,Enemy_Bokoblin_Senior,Depths8,,0,"['Weapon_Sword_108', 'AsbObj_RockParts_C_S_01', 'BokoblinBasket_Item_Ore_L']",1,,,"[-63.63, -516.25, -2047.16]",Table,['Minus']
379687,MinusField,E-3,0xf6d1953195302a72,Enemy_Bokoblin_Senior,Depths26,,1,"['Weapon_Sword_108', 'AsbObj_RockParts_C_S_01']",1,,,"[-959.68, -454.42, -1370.07]",Table,['Minus']
379698,MinusField,E-3,0xf72d67f92fb03e51,Enemy_Bokoblin_Senior,Depths26,,0,"['Weapon_Sword_108', 'AsbObj_RockParts_C_S_01', 'BokoblinBasket_Item_Ore_L']",1,,,"[-998.43, -448.43, -1383.14]",Table,['Minus']
379714,MinusField,E-3,0x039a4ae358778589,Enemy_Bokoblin_Senior,Depths60,,0,"['Weapon_Sword_108', 'AsbObj_RockParts_C_S_01']",1,,,"[-693.6, -462.84, -1905.55]",Table,['Minus']
379716,MinusField,E-3,0xc1ea79cd2ef65da1,Enemy_Bokoblin_Senior,Depths60,,0,"['Weapon_Sword_113', 'AsbObj_RockParts_C_S_01', 'BokoblinBasket_Item_Ore_L']",1,,,"[-688.25, -463.55, -1888.73]",Table,['Minus']
379729,MinusField,E-3,0xc1a5c700e1bdd259,Enemy_Bokoblin_Senior,Depths26,,1,"['Weapon_Sword_108', 'AsbObj_RockParts_C_S_01', 'BokoblinBasket_Item_Ore_L']",1,,,"[-838.55, -471.01, -1306.48]",Table,['Minus']
379740,MinusField,E-3,0xad17080c284cea2b,Enemy_Bokoblin_Senior,Depths60,,0,"['Weapon_Sword_108', 'AsbObj_RockParts_C_S_01', 'BokoblinBasket_Item_Ore_L']",1,,,"[23.78, -492.36, -1558.3]",Table,['Minus']
383205,MinusField,E-4,0xef75a4f0a3cbf617,Enemy_Bokoblin_Senior,Depths79,,0,['Weapon_Sword_113'],1,,,"[-264.12, -2366.88, -739.99]",Table,['Bokoblin_Senior_LastBattle']
383222,MinusField,E-4,0x013065b1ada3ed9a,Enemy_Bokoblin_Senior,Depths79,,0,['Weapon_Sword_112'],1,,,"[-233.45, -2366.18, -740.07]",Table,['Bokoblin_Senior_LastBattle']
383232,MinusField,E-4,0x950be0e659353465,Enemy_Bokoblin_Senior,Depths79,,0,"['Weapon_Sword_124', 'Weapon_Shield_022']",1,,,"[-249.22, -2366.88, -763.77]",Table,['Bokoblin_Senior_LastBattle']
400135,MinusField,F-1,0x7e976a8b11ceb8f9,Enemy_Bokoblin_Senior,Depths15,,0,"['Weapon_Sword_113', 'AsbObj_RockParts_C_S_01']",1,,,"[20.2, -427.6, -3399.2]",Table,['Minus']
400137,MinusField,F-1,0x1d0618340064e37e,Enemy_Bokoblin_Senior,Depths15,,0,"['Weapon_Sword_113', 'AsbObj_RockParts_C_S_01', 'BokoblinBasket_Item_Ore_L']",1,,,"[11.96, -431.76, -3401.76]",Table,['Minus']
400148,MinusField,F-1,0x271ca6bcf2bf9b1b,Enemy_Bokoblin_Senior,Depths89,,0,"['Weapon_Sword_108', 'AsbObj_RockParts_C_S_01']",1,,,"[604.94, -525.94, -3099.12]",Table,['Minus']
400152,MinusField,F-1,0x9f2be722b0373945,Enemy_Bokoblin_Senior,Depths89,,0,"['Weapon_Sword_108', 'AsbObj_RockParts_C_S_01', 'BokoblinBasket_Item_Ore_L']",1,,,"[595.17, -526.85, -3092.42]",Table,['Minus']
400153,MinusField,F-1,0xd49af93806e9dda0,Enemy_Bokoblin_Senior,Depths89,,0,"['Weapon_Sword_108', 'AsbObj_RockParts_C_S_01']",1,,,"[606.92, -526.99, -3089.53]",Table,['Minus']
400155,MinusField,F-1,0x62235c1a1c4d694b,Enemy_Bokoblin_Senior,Depths89,,0,['Weapon_Bow_027'],1,,,"[600.37, -524.75, -3107.17]",Table,['Minus_Arrow']
403360,MinusField,F-2,0x8b7f48e0ebe59443,Enemy_Bokoblin_Senior,Depths8,,0,['Weapon_Bow_027'],1,,,"[313.98, -514.04, -2637.03]",Table,['Minus_Arrow']
403361,MinusField,F-2,0x087707c938fde88d,Enemy_Bokoblin_Senior,Depths8,,1,"['Weapon_Sword_108', 'AsbObj_RockParts_C_S_01', 'BokoblinBasket_Item_Ore_L']",1,,,"[313.38, -514.04, -2631.85]",Table,['Minus']
403362,MinusField,F-2,0xdcb1d76719fc35ee,Enemy_Bokoblin_Senior,Depths8,,0,['Weapon_Bow_027'],1,,,"[315.86, -518.28, -2625.47]",Table,['Minus_Arrow']
403363,MinusField,F-2,0x1e55a3f2f13eedba,Enemy_Bokoblin_Senior,Depths8,,0,['Weapon_Bow_027'],1,,,"[315.37, -518.13, -2640.33]",Table,['Minus_Arrow']
403366,MinusField,F-2,0xe92b5ed896acb90e,Enemy_Bokoblin_Senior,Depths8,,0,['Weapon_Bow_027'],1,,,"[307.88, -518.33, -2629.63]",Table,['Minus_Arrow']
403370,MinusField,F-2,0xd62ca9c1e845b892,Enemy_Bokoblin_Senior,Depths8,,0,"['Weapon_Sword_112', 'AsbObj_RockParts_C_S_01', 'BokoblinBasket_Item_Ore_L']",1,,,"[10.44, -514.35, -2511.09]",Table,['Minus']
403375,MinusField,F-2,0xecf13ef199744ef7,Enemy_Bokoblin_Senior,Depths8,,0,"['Weapon_Sword_108', 'Weapon_Shield_006']",1,,,"[72.36, -515.95, -2348.88]",Table,['Minus']
403381,MinusField,F-2,0x954fae7ed26f8a0d,Enemy_Bokoblin_Senior,Depths8,,0,"['Weapon_Sword_108', 'AsbObj_RockParts_C_S_01', 'BokoblinBasket_Item_Ore_L']",1,,,"[66.69, -514.14, -2360.43]",Table,['Minus']
403389,MinusField,F-2,0xae966d39bac0ab3a,Enemy_Bokoblin_Senior,Depths8,,0,['Weapon_Bow_027'],1,,,"[358.06, -529.02, -2352.34]",Table,['Minus_Arrow']
403390,MinusField,F-2,0x295e269e7e3e8e3c,Enemy_Bokoblin_Senior,Depths8,,0,"['Weapon_Sword_108', 'AsbObj_RockParts_C_S_01', 'BokoblinBasket_Item_Ore_L']",1,,,"[359.94, -529.02, -2347.48]",Table,['Minus']
403391,MinusField,F-2,0xfd6427ebd820357d,Enemy_Bokoblin_Senior,Depths8,,0,['Weapon_Bow_027'],1,,,"[365.04, -533.16, -2342.93]",Table,['Minus_Arrow']
403392,MinusField,F-2,0x302a43a4a279c933,Enemy_Bokoblin_Senior,Depths8,,1,['Weapon_Bow_027'],1,,,"[357.45, -533.46, -2356.06]",Table,['Minus_Arrow']
403395,MinusField,F-2,0x964a58715808bcbd,Enemy_Bokoblin_Senior,Depths8,,0,['Weapon_Bow_027'],1,,,"[356.05, -533.22, -2342.93]",Table,['Minus_Arrow']
403400,MinusField,F-2,0x20b8f66e518d43de,Enemy_Bokoblin_Senior,Depths89,,0,"['Weapon_Sword_108', 'AsbObj_RockParts_C_S_01']",1,,,"[545, -534.97, -2961.4]",Table,['Minus']
403401,MinusField,F-2,0xeadfdfed31ac9bfe,Enemy_Bokoblin_Senior,Depths16,,0,"['Weapon_Sword_108', 'AsbObj_RockParts_C_S_01', 'BokoblinBasket_Item_Ore_L']",1,,,"[537.1, -534.58, -2981.5]",Table,['Minus']
403404,MinusField,F-2,0x37c75d33f158a4f3,Enemy_Bokoblin_Senior,Depths89,,1,['Weapon_Bow_027'],1,,,"[558.44, -534.9, -2977.83]",Table,['Minus_Arrow']
403409,MinusField,F-2,0xc6aaca9b24b89e91,Enemy_Bokoblin_Senior,Depths8,,0,"['Weapon_Sword_113', 'AsbObj_RockParts_C_S_01', 'BokoblinBasket_Item_Ore_L']",1,,,"[777.87, -514.73, -2230.66]",Table,['Minus']
403417,MinusField,F-2,0xdd502d12f9672f69,Enemy_Bokoblin_Senior,Depths89,,0,"['Weapon_Sword_113', 'AsbObj_RockParts_C_S_01', 'BokoblinBasket_Item_Ore_L']",1,,,"[1000.18, -610.18, -2733.13]",Table,['Minus']
403422,MinusField,F-2,0x70eac0e533af830d,Enemy_Bokoblin_Senior,Depths89,,0,['Weapon_Bow_035'],1,,,"[990.04, -611.82, -2744.96]",Table,['Minus_Arrow']
403425,MinusField,F-2,0x05b7104f59ced259,Enemy_Bokoblin_Senior,Depths89,,0,['Weapon_Bow_035'],1,,,"[1007.52, -610.75, -2723]",Table,['Minus_Arrow']
406130,MinusField,F-3,0xc88bfaf5217e2d23,Enemy_Bokoblin_Senior,Depths8,,0,"['Weapon_Sword_108', 'AsbObj_RockParts_C_S_01']",1,,,"[275.38, -515.42, -1742.83]",Table,['Minus']
406132,MinusField,F-3,0xb8cabbe36ffdc974,Enemy_Bokoblin_Senior,Depths8,,1,"['Weapon_Sword_112', 'AsbObj_RockParts_C_S_01', 'BokoblinBasket_Item_Ore_L']",1,,,"[279.24, -515.09, -1725.52]",Table,['Minus']
406143,MinusField,F-3,0xf8b7cf81c85d9a19,Enemy_Bokoblin_Senior,Depths60,,0,"['Weapon_Sword_108', 'AsbObj_RockParts_C_S_01']",1,,,"[511.65, -508.61, -1532.67]",Table,['Minus']
406147,MinusField,F-3,0x5d3f8e2fc959f853,Enemy_Bokoblin_Senior,Depths60,,0,"['Weapon_Sword_108', 'AsbObj_RockParts_C_S_01', 'BokoblinBasket_Item_Ore_L']",1,,,"[499.9, -509.58, -1534.09]",Table,['Minus']
406148,MinusField,F-3,0xe4aca456456ac4f7,Enemy_Bokoblin_Senior,Depths60,,0,"['Weapon_Sword_108', 'AsbObj_RockParts_C_S_01']",1,,,"[506.8, -509.8, -1524.04]",Table,['Minus']
406150,MinusField,F-3,0x0b0fd2375a883a49,Enemy_Bokoblin_Senior,Depths60,,0,['Weapon_Bow_027'],1,,,"[513.54, -507.42, -1541.72]",Table,['Minus_Arrow']
406155,MinusField,F-3,0x628dffd933f7a412,Enemy_Bokoblin_Senior,Depths60,,0,"['Weapon_Sword_108', 'AsbObj_RockParts_C_S_01']",1,,,"[546.06, -388.21, -1270.69]",Table,['Minus']
406156,MinusField,F-3,0x1721c67672907a7e,Enemy_Bokoblin_Senior,Depths60,,0,"['Weapon_Sword_108', 'AsbObj_RockParts_C_S_01', 'BokoblinBasket_Item_Ore_L']",1,,,"[565.09, -388.66, -1260.52]",Table,['Minus']
406159,MinusField,F-3,0x7be89a003fec1c78,Enemy_Bokoblin_Senior,Depths60,,0,['Weapon_Bow_027'],1,,,"[546.51, -388.08, -1249.54]",Table,['Minus_Arrow']
409245,MinusField,F-4,0x0ef39b14b74b681f,Enemy_Bokoblin_Senior,Depths35,,0,"['Weapon_Sword_108', 'Weapon_Shield_006']",1,,,"[405.44, -373.91, -1025.01]",Table,['Minus']
409251,MinusField,F-4,0x14ade3553067cf97,Enemy_Bokoblin_Senior,Depths35,,0,"['Weapon_Sword_108', 'AsbObj_RockParts_C_S_01', 'BokoblinBasket_Item_Ore_L']",1,,,"[393.05, -372, -1028.43]",Table,['Minus']
412652,MinusField,F-5,0x581ac9a8809577eb,Enemy_Bokoblin_Senior,Depths1,,0,"['Weapon_Sword_108', 'AsbObj_RockParts_C_S_01']",1,,,"[780.37, -358.52, 1010.45]",Table,['Minus']
412656,MinusField,F-5,0xcac28b3d8e59d4d4,Enemy_Bokoblin_Senior,Depths1,,0,"['Weapon_Sword_108', 'AsbObj_RockParts_C_S_01', 'BokoblinBasket_Item_Ore_L']",1,,,"[791, -359.5, 1005.25]",Table,['Minus']
412657,MinusField,F-5,0x7d61a8a4fb08f152,Enemy_Bokoblin_Senior,Depths1,,0,"['Weapon_Sword_108', 'AsbObj_RockParts_C_S_01']",1,,,"[779.8, -359.91, 1000.68]",Table,['Minus']
412659,MinusField,F-5,0x983bd5213eaa4dfa,Enemy_Bokoblin_Senior,Depths1,,0,['Weapon_Bow_027'],1,,,"[783.71, -357.32, 1019.07]",Table,['Minus_Arrow']
416413,MinusField,F-6,0xfd6dad29b84d8ffb,Enemy_Bokoblin_Senior,Depths1,,0,"['Weapon_Sword_108', 'AsbObj_RockParts_C_S_01']",1,,,"[372.38, -360.86, 1387.57]",Table,['Minus']
416414,MinusField,F-6,0x03064c788ec866cf,Enemy_Bokoblin_Senior,Depths1,,0,"['Weapon_Sword_108', 'AsbObj_RockParts_C_S_01', 'BokoblinBasket_Item_Ore_L']",1,,,"[368.34, -360.83, 1393.96]",Table,['Minus']
416416,MinusField,F-6,0xc1fab85735463205,Enemy_Bokoblin_Senior,Depths1,,1,"['Weapon_Sword_108', 'AsbObj_RockParts_C_S_01']",1,,,"[373.17, -360.88, 1381.06]",Table,['Minus']
416452,MinusField,F-6,0xcefd36e5efebe488,Enemy_Bokoblin_Senior,Depths49,,0,"['Weapon_Sword_112', 'AsbObj_RockParts_C_S_01']",1,,,"[175.74, -390.89, 1919.68]",Table,['Minus']
416462,MinusField,F-6,0x1fd168d7918b3e5c,Enemy_Bokoblin_Senior,Depths1,,0,"['Weapon_Sword_108', 'AsbObj_RockParts_C_S_01']",1,,,"[814.86, -381.56, 1456.66]",Table,['Minus']
416463,MinusField,F-6,0xd104250451d7c07e,Enemy_Bokoblin_Senior,Depths1,,0,"['Weapon_Sword_108', 'AsbObj_RockParts_C_S_01', 'BokoblinBasket_Item_Ore_L']",1,,,"[801.43, -381.15, 1439.76]",Table,['Minus']
416466,MinusField,F-6,0x267ac29255c4c67b,Enemy_Bokoblin_Senior,Depths1,,1,['Weapon_Bow_027'],1,,,"[822.97, -381.51, 1437.01]",Table,['Minus_Arrow']
416471,MinusField,F-6,0xf8154e3338abdaf1,Enemy_Bokoblin_Senior,Depths1,,0,"['Weapon_Sword_113', 'AsbObj_RockParts_C_S_01', 'BokoblinBasket_Item_Ore_L']",1,,,"[965.58, -356.09, 1118.66]",Table,['Minus']
416474,MinusField,F-6,0x435420130b0aadec,Enemy_Bokoblin_Senior,Depths1,,0,['Weapon_Bow_027'],1,,,"[981.2, -357.6, 1123.5]",Table,['Minus_Arrow']
419742,MinusField,F-7,0x2dceb7a349ff6345,Enemy_Bokoblin_Senior,Depths49,,0,"['Weapon_Sword_108', 'Weapon_Shield_006']",1,,,"[712.75, -448.25, 2184.53]",Table,['Minus']
419743,MinusField,F-7,0xa42c7256a6bf7182,Enemy_Bokoblin_Senior,Depths49,,0,"['Weapon_Sword_108', 'Weapon_Shield_005']",1,,,"[719.04, -448.25, 2187.62]",Table,['Minus']
419744,MinusField,F-7,0x6582aaf2725fbf31,Enemy_Bokoblin_Senior,Depths49,,0,"['Weapon_Sword_108', 'Weapon_Shield_006', 'BokoblinBasket_Item_Ore_L']",1,,,"[716.13, -448.25, 2182.57]",Table,['Minus']
419746,MinusField,F-7,0xabac50652ed66495,Enemy_Bokoblin_Senior,Depths49,,0,"['ElectricalFruit', 'BokoblinBasket_ElectricalFruit']",1,,,"[720.75, -448.25, 2183.37]",Table,['Minus']
419747,MinusField,F-7,0x60d83a85a20e700d,Enemy_Bokoblin_Senior,Depths49,,0,"['Weapon_Sword_108', 'Weapon_Shield_006']",1,,,"[715.5, -448.25, 2189.29]",Table,['Minus']
420386,MinusField,F-7,0x4343d9745b291117,Enemy_Bokoblin_Senior,Depths29,,1,"['Weapon_Sword_108', 'Weapon_Shield_006']",1,,,"[930.98, -455.6, 2230.13]",Table,['Minus']
420387,MinusField,F-7,0xc73c2cb588b53eb9,Enemy_Bokoblin_Senior,Depths29,,0,"['Weapon_Sword_108', 'Weapon_Shield_006']",1,,,"[923.33, -455.13, 2237.9]",Table,['Minus']
420388,MinusField,F-7,0xae072d5aaaacb017,Enemy_Bokoblin_Senior,Depths29,,0,['Weapon_Spear_108'],1,,,"[920.2, -455.2, 2227.62]",Table,['Minus']
420456,MinusField,F-7,0x97ca605ed0e58b27,Enemy_Bokoblin_Senior,Depths29,,0,"['Weapon_Sword_113', 'AsbObj_RockParts_C_S_01']",1,,,"[740.74, -354.19, 2788.15]",Table,['Minus']
420465,MinusField,F-7,0xd606acd9f10bd715,Enemy_Bokoblin_Senior,Depths29,,0,"['Weapon_Sword_108', 'AsbObj_RockParts_C_S_01']",1,,,"[728.34, -356.13, 2789.88]",Table,['Minus']
420502,MinusField,F-7,0x87a9742bc8562aa0,Enemy_Bokoblin_Senior,Depths29,,0,"['Weapon_Sword_108', 'AsbObj_RockParts_C_S_01', 'BokoblinBasket_Item_Ore_L']",1,,,"[974.4, -371.43, 2727.81]",Table,['Minus']
420503,MinusField,F-7,0xd8184788c51f28e4,Enemy_Bokoblin_Senior,Depths29,,1,"['Weapon_Sword_113', 'AsbObj_RockParts_C_S_01']",1,,,"[986.97, -371.03, 2738.36]",Table,['Minus']
423686,MinusField,F-8,0xa80dfc5c3bc88c8c,Enemy_Bokoblin_Senior,Depths24,,0,"['Weapon_Sword_108', 'AsbObj_RockParts_C_S_01', 'BokoblinBasket_Item_Ore_L']",1,,,"[154.4, -389.12, 3399.99]",Table,['Minus']
423695,MinusField,F-8,0xb9113be7a226ceca,Enemy_Bokoblin_Senior,Depths36,,0,"['Weapon_Sword_108', 'AsbObj_RockParts_C_S_01', 'BokoblinBasket_Item_Ore_L']",1,,,"[366.63, -395.36, 3359.08]",Table,['Minus']
423696,MinusField,F-8,0xe6970eb938e981b3,Enemy_Bokoblin_Senior,Depths36,,1,"['Weapon_Sword_113', 'AsbObj_RockParts_C_S_01']",1,,,"[353.53, -395.22, 3349.31]",Table,['Minus']
423706,MinusField,F-8,0xfc290728b43124a6,Enemy_Bokoblin_Senior,Depths90,,0,['Weapon_Bow_027'],1,,,"[185.9, -344.5, 3862.29]",Table,['Minus_Arrow']
423707,MinusField,F-8,0x7f926f8170ad40a0,Enemy_Bokoblin_Senior,Depths90,,1,"['Weapon_Sword_108', 'AsbObj_RockParts_C_S_01', 'BokoblinBasket_Item_Ore_L']",1,,,"[191.08, -344.5, 3862.88]",Table,['Minus']
423708,MinusField,F-8,0xd31b0c24a1b3459a,Enemy_Bokoblin_Senior,Depths90,,0,['Weapon_Bow_027'],1,,,"[197.44, -348.7, 3860.45]",Table,['Minus_Arrow']
423709,MinusField,F-8,0x05ef32adb9481c8e,Enemy_Bokoblin_Senior,Depths90,,0,['Weapon_Bow_027'],1,,,"[182.58, -348.74, 3860.96]",Table,['Minus_Arrow']
423712,MinusField,F-8,0xe881249062590fda,Enemy_Bokoblin_Senior,Depths90,,0,['Weapon_Bow_027'],1,,,"[193.29, -348.77, 3868.42]",Table,['Minus_Arrow']
423717,MinusField,F-8,0xe081a99bde5abb85,Enemy_Bokoblin_Senior,Depths36,,0,['Weapon_Bow_027'],1,,,"[473.62, -390.48, 3343.77]",Table,['Minus_Arrow']
423718,MinusField,F-8,0x6519dd3e9694f75f,Enemy_Bokoblin_Senior,Depths36,,0,"['Weapon_Sword_108', 'AsbObj_RockParts_C_S_01', 'BokoblinBasket_Item_Ore_L']",1,,,"[468.45, -390.48, 3344.43]",Table,['Minus']
423719,MinusField,F-8,0x219ebc4d44970e62,Enemy_Bokoblin_Senior,Depths36,,1,['Weapon_Bow_027'],1,,,"[462.86, -394.85, 3348.3]",Table,['Minus_Arrow']
423720,MinusField,F-8,0x7f53810422e1d592,Enemy_Bokoblin_Senior,Depths36,,1,['Weapon_Bow_027'],1,,,"[477.18, -394.7, 3344.25]",Table,['Minus_Arrow']
423723,MinusField,F-8,0xc4f9b717fce541c2,Enemy_Bokoblin_Senior,Depths36,,0,['Weapon_Bow_027'],1,,,"[464.98, -394.67, 3339.57]",Table,['Minus_Arrow']
423726,MinusField,F-8,0xd401b1a29f9c2f1e,Enemy_Bokoblin_Senior,Depths90,,0,"['Weapon_Sword_108', 'AsbObj_RockParts_C_S_01', 'BokoblinBasket_Item_Ore_L']",1,,,"[29.87, -348.74, 3516.2]",Table,['Minus']
433954,MinusField,G-5,0xf4d04fb95b0954a7,Enemy_Bokoblin_Senior,Depths69,,1,"['Weapon_Sword_113', 'AsbObj_RockParts_C_S_01', 'BokoblinBasket_Item_Ore_L']",1,,,"[1882.44, -352.63, -5.09]",Table,['Minus']
437505,MinusField,G-6,0x609f7a7db522e083,Enemy_Bokoblin_Senior,Depths1,,0,"['Weapon_Sword_108', 'AsbObj_RockParts_C_S_01', 'BokoblinBasket_Item_Ore_L']",1,,,"[1196.78, -502.74, 1479.63]",Table,['Minus']
437508,MinusField,G-6,0xe374be4647817ccc,Enemy_Bokoblin_Senior,Depths1,,0,"['Weapon_Sword_108', 'AsbObj_RockParts_C_S_01']",1,,,"[1194.76, -502.63, 1471.44]",Table,['Minus']
437513,MinusField,G-6,0x3552a675e58201f5,Enemy_Bokoblin_Senior,Depths1,,0,['Weapon_Bow_027'],1,,,"[1331.21, -536.33, 1554.74]",Table,['Minus_Arrow']
437514,MinusField,G-6,0xb75bee441fc4257f,Enemy_Bokoblin_Senior,Depths1,,0,"['Weapon_Sword_108', 'AsbObj_RockParts_C_S_01', 'BokoblinBasket_Item_Ore_L']",1,,,"[1334.62, -536.33, 1551.15]",Table,['Minus']
437515,MinusField,G-6,0x73c0e9db70276033,Enemy_Bokoblin_Senior,Depths1,,0,['Weapon_Bow_027'],1,,,"[1335.79, -540.61, 1543.95]",Table,['Minus_Arrow']
437516,MinusField,G-6,0xad01427e9a49230a,Enemy_Bokoblin_Senior,Depths1,,0,['Weapon_Bow_027'],1,,,"[1328.28, -540.4, 1556.78]",Table,['Minus_Arrow']
437519,MinusField,G-6,0x18f658adf345ebf2,Enemy_Bokoblin_Senior,Depths1,,0,['Weapon_Bow_027'],1,,,"[1340.31, -540.77, 1551.73]",Table,['Minus_Arrow']
437522,MinusField,G-6,0x62a2794d3c05a561,Enemy_Bokoblin_Senior,Depths1,,0,"['Weapon_Sword_108', 'AsbObj_RockParts_C_S_01']",1,,,"[1004.14, -356.58, 1500.1]",Table,['Minus']
437526,MinusField,G-6,0xcba3389f1d590396,Enemy_Bokoblin_Senior,Depths1,,0,"['Weapon_Sword_108', 'AsbObj_RockParts_C_S_01', 'BokoblinBasket_Item_Ore_L']",1,,,"[996.17, -357.5, 1508.85]",Table,['Minus']
437527,MinusField,G-6,0x123d3866878b4c88,Enemy_Bokoblin_Senior,Depths1,,0,"['Weapon_Sword_108', 'AsbObj_RockParts_C_S_01']",1,,,"[1008.28, -357.62, 1509]",Table,['Minus']
437529,MinusField,G-6,0xbd9b5bb793375f71,Enemy_Bokoblin_Senior,Depths1,,0,['Weapon_Bow_027'],1,,,"[997.85, -355.39, 1493.31]",Table,['Minus_Arrow']
437533,MinusField,G-6,0xaf9be4bbe2f664b9,Enemy_Bokoblin_Senior,Depths1,,0,"['Weapon_Sword_113', 'AsbObj_RockParts_C_S_01', 'BokoblinBasket_Item_Ore_L']",1,,,"[1773.5, -357.32, 1715.7]",Table,['Minus']
437536,MinusField,G-6,0x6e5ec7eb91da872e,Enemy_Bokoblin_Senior,Depths1,,1,['Weapon_Bow_027'],1,,,"[1773.36, -358.39, 1732.02]",Table,['Minus_Arrow']
441091,MinusField,G-7,0x1200b96e4314715c,Enemy_Bokoblin_Senior,Depths1,,0,"['Weapon_Sword_108', 'Weapon_Shield_006']",1,,,"[2011.43, -363.72, 2217.52]",Table,['Minus']
441097,MinusField,G-7,0x712200f18872aa69,Enemy_Bokoblin_Senior,Depths1,,0,"['Weapon_Sword_108', 'AsbObj_RockParts_C_S_01', 'BokoblinBasket_Item_Ore_L']",1,,,"[1998.76, -362.12, 2219.66]",Table,['Minus']
441106,MinusField,G-7,0x8f6ad0fc485a6434,Enemy_Bokoblin_Senior,Depths1,,1,"['Weapon_Sword_108', 'AsbObj_RockParts_C_S_01', 'BokoblinBasket_Item_Ore_L']",1,,,"[1841.47, -363.13, 2056.1]",Table,['Minus']
441117,MinusField,G-7,0x136f00c3cdd1ce5b,Enemy_Bokoblin_Senior,Depths49,,1,"['Weapon_Sword_112', 'AsbObj_RockParts_C_S_01', 'BokoblinBasket_Item_Ore_L']",1,,,"[1749.81, -358.04, 2175.14]",Table,['Minus']
444531,MinusField,G-8,0x9c76eeb18abeec94,Enemy_Bokoblin_Senior,Depths62,,0,"['Weapon_Sword_108', 'AsbObj_RockParts_C_S_01']",1,,,"[1266.31, -350.83, 3600.63]",Table,['Minus']
444532,MinusField,G-8,0x00ef417ea0537894,Enemy_Bokoblin_Senior,Depths62,,0,"['Weapon_Sword_108', 'AsbObj_RockParts_C_S_01', 'BokoblinBasket_Item_Ore_L']",1,,,"[1270.92, -350.87, 3594.64]",Table,['Minus']
444534,MinusField,G-8,0x41cb531366e7ad4f,Enemy_Bokoblin_Senior,Depths62,,1,"['Weapon_Sword_108', 'AsbObj_RockParts_C_S_01']",1,,,"[1264.94, -350.79, 3607.05]",Table,['Minus']
444566,MinusField,G-8,0xa63f8b48ec7ffd0c,Enemy_Bokoblin_Senior,Depths62,,0,"['Weapon_Sword_108', 'Weapon_Shield_006']",1,,,"[1416.98, -350.98, 3685.29]",Table,['Minus']
444572,MinusField,G-8,0xa3e17cdf696a1c82,Enemy_Bokoblin_Senior,Depths62,,0,"['Weapon_Sword_108', 'AsbObj_RockParts_C_S_01', 'BokoblinBasket_Item_Ore_L']",1,,,"[1404.87, -349.29, 3689.71]",Table,['Minus']
444585,MinusField,G-8,0xc42d7e1c682d5243,Enemy_Bokoblin_Senior,Depths62,,0,"['Weapon_Sword_108', 'Weapon_Shield_006']",1,,,"[1853.03, -352.05, 3853.51]",Table,['Minus']
444591,MinusField,G-8,0xdb006e95e514b735,Enemy_Bokoblin_Senior,Depths62,,0,"['Weapon_Sword_108', 'AsbObj_RockParts_C_S_01', 'BokoblinBasket_Item_Ore_L']",1,,,"[1863.24, -349.99, 3861.33]",Table,['Minus']
444596,MinusField,G-8,0x26677e3c44fc9746,Enemy_Bokoblin_Senior,Depths62,,1,"['Weapon_Sword_113', 'AsbObj_RockParts_C_S_01', 'BokoblinBasket_Item_Ore_L']",1,,,"[1518.53, -347.35, 3796.27]",Table,['Minus']
454283,MinusField,H-5,0x8bcc559712fbda0d,Enemy_Bokoblin_Senior,Depths11,,0,"['Weapon_Sword_113', 'AsbObj_RockParts_C_S_01']",1,,,"[2771.83, -473.94, 616.04]",Table,['Minus']
457893,MinusField,H-6,0x29a52e80f559b3fa,Enemy_Bokoblin_Senior,Depths13,,0,"['Weapon_Sword_108', 'AsbObj_RockParts_C_S_01']",1,,,"[2395.9, -538.76, 1158.9]",Table,['Minus']
457895,MinusField,H-6,0xc5e397466c971862,Enemy_Bokoblin_Senior,Depths13,,0,"['Weapon_Sword_108', 'AsbObj_RockParts_C_S_01', 'BokoblinBasket_Item_Ore_L']",1,,,"[2391.27, -542.82, 1166.17]",Table,['Minus']
457899,MinusField,H-6,0xca463cff43aefdbe,Enemy_Bokoblin_Senior,Depths1,,0,"['Weapon_Sword_108', 'AsbObj_RockParts_C_S_01']",1,,,"[2204.6, -365.9, 1713.81]",Table,['Minus']
457901,MinusField,H-6,0xe9f55aa4fcc1cdba,Enemy_Bokoblin_Senior,Depths1,,1,"['Weapon_Sword_108', 'AsbObj_RockParts_C_S_01', 'BokoblinBasket_Item_Ore_L']",1,,,"[2212.46, -370, 1717.34]",Table,['Minus']
457907,MinusField,H-6,0xf81442d4dac565cc,Enemy_Bokoblin_Senior,Depths13,,0,"['Weapon_Sword_112', 'AsbObj_RockParts_C_S_01', 'BokoblinBasket_Item_Ore_L']",1,,,"[2412.9, -458.82, 1634.14]",Table,['Minus']
457910,MinusField,H-6,0xa15720baefe407f7,Enemy_Bokoblin_Senior,Depths13,,0,['Weapon_Bow_027'],1,,,"[2424.78, -459.99, 1622.93]",Table,['Minus_Arrow']
457914,MinusField,H-6,0x199a269bb3b97a80,Enemy_Bokoblin_Senior,Depths13,,0,"['Weapon_Sword_108', 'Weapon_Shield_006']",1,,,"[2617.55, -429.37, 2048.77]",Table,['Minus']
457920,MinusField,H-6,0x2548b66c36adde72,Enemy_Bokoblin_Senior,Depths13,,1,"['Weapon_Sword_108', 'AsbObj_RockParts_C_S_01', 'BokoblinBasket_Item_Ore_L']",1,,,"[2626.5, -427.54, 2039.59]",Table,['Minus']
461501,MinusField,H-7,0xf4a487e7fbe5cbd7,Enemy_Bokoblin_Senior,Depths61,,0,"['Weapon_Sword_108', 'AsbObj_RockParts_C_S_01']",1,,,"[2592.87, -517.2, 2974.36]",Table,['Minus']
461502,MinusField,H-7,0x0eb6dde3baa0044b,Enemy_Bokoblin_Senior,Depths61,,0,"['Weapon_Sword_108', 'AsbObj_RockParts_C_S_01', 'BokoblinBasket_Item_Ore_L']",1,,,"[2575.77, -517.17, 2979.83]",Table,['Minus']
461504,MinusField,H-7,0x08eb552e9f473022,Enemy_Bokoblin_Senior,Depths61,,0,"['Weapon_Sword_108', 'AsbObj_RockParts_C_S_01']",1,,,"[2584.18, -517.03, 2968.1]",Table,['Minus']
461531,MinusField,H-7,0x7e49fec65237a9ab,Enemy_Bokoblin_Senior,Depths1,,0,"['Weapon_Sword_108', 'AsbObj_RockParts_C_S_01', 'BokoblinBasket_Item_Ore_L']",1,,,"[2151.76, -360.12, 1978.17]",Table,['Minus']
461534,MinusField,H-7,0xfed6bace2296bfd5,Enemy_Bokoblin_Senior,Depths1,,0,"['Weapon_Sword_108', 'AsbObj_RockParts_C_S_01']",1,,,"[2144.29, -359.97, 1982.08]",Table,['Minus']
461539,MinusField,H-7,0x473bf46177488b90,Enemy_Bokoblin_Senior,Depths61,,0,['Weapon_Bow_027'],1,,,"[2066.91, -590.54, 2979.18]",Table,['Minus_Arrow']
461540,MinusField,H-7,0xc6422018bd1eecd6,Enemy_Bokoblin_Senior,Depths61,,0,"['Weapon_Sword_108', 'AsbObj_RockParts_C_S_01', 'BokoblinBasket_Item_Ore_L']",1,,,"[2063.37, -590.62, 2983.01]",Table,['Minus']
461541,MinusField,H-7,0x82cd1fafdc581993,Enemy_Bokoblin_Senior,Depths61,,0,['Weapon_Bow_027'],1,,,"[2061.56, -595.11, 2989.49]",Table,['Minus_Arrow']
461542,MinusField,H-7,0xd39ec4727682a984,Enemy_Bokoblin_Senior,Depths61,,0,['Weapon_Bow_027'],1,,,"[2069.95, -594.77, 2977.2]",Table,['Minus_Arrow']
461545,MinusField,H-7,0xa9f7d639a5009d50,Enemy_Bokoblin_Senior,Depths61,,0,['Weapon_Bow_027'],1,,,"[2057.59, -594.83, 2981.42]",Table,['Minus_Arrow']
461550,MinusField,H-7,0xcc51a5929992cc83,Enemy_Bokoblin_Senior,Depths61,,0,['Weapon_Bow_027'],1,,,"[2321.99, -552.12, 2786.04]",Table,['Minus_Arrow']
461551,MinusField,H-7,0x4129902a4454ab4d,Enemy_Bokoblin_Senior,Depths61,,0,"['Weapon_Sword_108', 'AsbObj_RockParts_C_S_01', 'BokoblinBasket_Item_Ore_L']",1,,,"[2317, -552.12, 2787.56]",Table,['Minus']
461552,MinusField,H-7,0x056cbeffb556726c,Enemy_Bokoblin_Senior,Depths61,,0,['Weapon_Bow_027'],1,,,"[2312.13, -556.34, 2792.38]",Table,['Minus_Arrow']
461553,MinusField,H-7,0x46bf3400dc58d4bb,Enemy_Bokoblin_Senior,Depths61,,0,['Weapon_Bow_027'],1,,,"[2325.57, -556.34, 2786]",Table,['Minus_Arrow']
461556,MinusField,H-7,0x200647753b5af9cd,Enemy_Bokoblin_Senior,Depths61,,0,['Weapon_Bow_027'],1,,,"[2312.78, -556.4, 2783.41]",Table,['Minus_Arrow']
461558,MinusField,H-7,0x938b913101a9b9e3,Enemy_Bokoblin_Senior,Depths13,,0,"['Weapon_Sword_108', 'AsbObj_RockParts_C_S_01', 'BokoblinBasket_Item_Ore_L']",1,,,"[2953, -361.64, 2056.9]",Table,['Minus']
461561,MinusField,H-7,0x120b1306d346c3e4,Enemy_Bokoblin_Senior,Depths13,,0,"['Weapon_Sword_108', 'AsbObj_RockParts_C_S_01']",1,,,"[2945.92, -361.57, 2061.48]",Table,['Minus']
461564,MinusField,H-7,0xe976055920220013,Enemy_Bokoblin_Senior,Depths13,,0,"['Weapon_Sword_108', 'AsbObj_RockParts_C_S_01']",1,,,"[2757.31, -464.68, 2389.56]",Table,['Minus']
461568,MinusField,H-7,0x597c4443e182e24e,Enemy_Bokoblin_Senior,Depths13,,0,"['Weapon_Sword_108', 'AsbObj_RockParts_C_S_01', 'BokoblinBasket_Item_Ore_L']",1,,,"[2745.63, -465.5, 2391.41]",Table,['Minus']
461569,MinusField,H-7,0xeecfac9395d4d9fb,Enemy_Bokoblin_Senior,Depths13,,0,"['Weapon_Sword_108', 'AsbObj_RockParts_C_S_01']",1,,,"[2756.59, -465.7, 2398.8]",Table,['Minus']
461571,MinusField,H-7,0x2bee2f7383a68440,Enemy_Bokoblin_Senior,Depths13,,0,['Weapon_Bow_027'],1,,,"[2755.87, -463.41, 2380.06]",Table,['Minus_Arrow']
461573,MinusField,H-7,0x23738cb54b91ef2c,Enemy_Bokoblin_Senior,Depths61,,0,"['Weapon_Sword_108', 'AsbObj_RockParts_C_S_01', 'BokoblinBasket_Item_Ore_L']",1,,,"[2608.11, -496.42, 2594.64]",Table,['Minus']
461576,MinusField,H-7,0xadd060ca1530755a,Enemy_Bokoblin_Senior,Depths61,,0,"['Weapon_Sword_108', 'AsbObj_RockParts_C_S_01']",1,,,"[2615.91, -496.32, 2597.86]",Table,['Minus']
461581,MinusField,H-7,0x1802f35ada61d1e5,Enemy_Bokoblin_Senior,Depths61,,0,"['Weapon_Sword_108', 'AsbObj_RockParts_C_S_01']",1,,,"[3025.16, -491.92, 2803.81]",Table,['Minus']
461582,MinusField,H-7,0xd259e33faa01e9eb,Enemy_Bokoblin_Senior,Depths61,,0,"['Weapon_Sword_108', 'AsbObj_RockParts_C_S_01', 'BokoblinBasket_Item_Ore_L']",1,,,"[3039.56, -491.17, 2820]",Table,['Minus']
461585,MinusField,H-7,0x214d4d916c6bd7ee,Enemy_Bokoblin_Senior,Depths61,,0,['Weapon_Bow_027'],1,,,"[3018.31, -490.07, 2823.97]",Table,['Minus_Arrow']
464545,MinusField,H-8,0xfedcb6c62096784e,Enemy_Bokoblin_Senior,Depths61,,0,"['Weapon_Sword_108', 'AsbObj_RockParts_C_S_01']",1,,,"[2283.54, -364.03, 3884.91]",Table,['Minus']
464546,MinusField,H-8,0x6211a8a14977e443,Enemy_Bokoblin_Senior,Depths61,,0,"['Weapon_Sword_108', 'AsbObj_RockParts_C_S_01', 'BokoblinBasket_Item_Ore_L']",1,,,"[2281.3, -364.02, 3892.13]",Table,['Minus']
464548,MinusField,H-8,0xa2519b44049b9806,Enemy_Bokoblin_Senior,Depths61,,1,"['Weapon_Sword_108', 'AsbObj_RockParts_C_S_01']",1,,,"[2282.6, -364.01, 3878.42]",Table,['Minus']
464549,MinusField,H-8,0x748d39ed3e6ebec6,Enemy_Bokoblin_Senior,Depths62,,0,"['Weapon_Sword_108', 'AsbObj_RockParts_C_S_01', 'BokoblinBasket_Item_Ore_L']",1,,,"[2840.26, -348.76, 3838.84]",Table,['Minus']
464556,MinusField,H-8,0xe6ef76cee5f7b35a,Enemy_Bokoblin_Senior,Depths62,,0,"['Weapon_Sword_108', 'AsbObj_RockParts_C_S_01']",1,,,"[2825.2, -348.79, 3841.25]",Table,['Minus']
464560,MinusField,H-8,0xb460fb660a9c68aa,Enemy_Bokoblin_Senior,Depths62,,0,"['Weapon_Sword_108', 'AsbObj_RockParts_C_S_01', 'BokoblinBasket_Item_Ore_L']",1,,,"[2826.87, -348.83, 3855.21]",Table,['Minus']
464590,MinusField,H-8,0x8cfa52baf2e8aaa9,Enemy_Bokoblin_Senior,Depths61,,0,"['Weapon_Sword_112', 'AsbObj_RockParts_C_S_01', 'BokoblinBasket_Item_Ore_L']",1,,,"[2281.45, -392.75, 3251.63]",Table,['Minus']
464596,MinusField,H-8,0xf47c8dce1bac47c9,Enemy_Bokoblin_Senior,Depths61,,1,"['Weapon_Sword_108', 'AsbObj_RockParts_C_S_01']",1,,,"[2310.86, -357.65, 3580.5]",Table,['Minus']
464598,MinusField,H-8,0x901f48b40fbd9673,Enemy_Bokoblin_Senior,Depths61,,0,"['Weapon_Sword_108', 'AsbObj_RockParts_C_S_01', 'BokoblinBasket_Item_Ore_L']",1,,,"[2311.41, -361.68, 3571.9]",Table,['Minus']
464604,MinusField,H-8,0x8e2e04947843daf2,Enemy_Bokoblin_Senior,Depths61,,0,"['Weapon_Sword_113', 'AsbObj_RockParts_C_S_01', 'BokoblinBasket_Item_Ore_L']",1,,,"[2688.57, -431.17, 3276.92]",Table,['Minus']
464611,MinusField,H-8,0x843ccbba07174541,Enemy_Bokoblin_Senior,Depths61,,0,"['Weapon_Sword_108', 'AsbObj_RockParts_C_S_01', 'BokoblinBasket_Item_Ore_L']",1,,,"[3022.37, -485.56, 3045.57]",Table,['Minus']
464612,MinusField,H-8,0xc38736599cde7cc5,Enemy_Bokoblin_Senior,Depths61,,1,"['Weapon_Sword_113', 'AsbObj_RockParts_C_S_01']",1,,,"[3006.6, -485.44, 3049.93]",Table,['Minus']
472900,MinusField,I-3,0x36c954534454e845,Enemy_Bokoblin_Senior,Depths2,,0,"['Weapon_Sword_112', 'AsbObj_RockParts_C_S_01']",1,,,"[3272.74, -554.6, -1190.84]",Table,['Minus']
472998,MinusField,I-3,0xacc6878efdbd35f3,Enemy_Bokoblin_Senior,Depths2,,1,"['Weapon_Sword_112', 'AsbObj_RockParts_C_S_01', 'BokoblinBasket_Item_Ore_L']",1,,,"[3250.85, -559.99, -1294.82]",Table,['Minus']
476152,MinusField,I-4,0x2fef6bdff95bfe81,Enemy_Bokoblin_Senior,Depths85,,0,"['Weapon_Sword_113', 'AsbObj_RockParts_C_S_01']",1,,,"[3464.41, -745.04, -957.12]",Table,['Minus']
476213,MinusField,I-4,0x70288c245e3918f3,Enemy_Bokoblin_Senior,Depths34,,1,"['Weapon_Sword_112', 'AsbObj_RockParts_C_S_01', 'BokoblinBasket_Item_Ore_L']",1,,,"[3688.44, -696.13, -565.53]",Table,['Minus']
479164,MinusField,I-5,0x4de285914cbe0c1e,Enemy_Bokoblin_Senior,Depths38,,0,['Weapon_Bow_027'],1,,,"[3866.01, -637.28, 969.37]",Table,['Minus_Arrow']
479165,MinusField,I-5,0xc299597e20b56059,Enemy_Bokoblin_Senior,Depths38,,0,"['Weapon_Sword_108', 'AsbObj_RockParts_C_S_01', 'BokoblinBasket_Item_Ore_L']",1,,,"[3863.31, -637.28, 973.83]",Table,['Minus']
479166,MinusField,I-5,0x9e14beb3d3b35f21,Enemy_Bokoblin_Senior,Depths38,,1,['Weapon_Bow_027'],1,,,"[3862.91, -641.5, 980.67]",Table,['Minus_Arrow']
479167,MinusField,I-5,0xdd37a5044b792416,Enemy_Bokoblin_Senior,Depths38,,0,['Weapon_Bow_027'],1,,,"[3868.65, -641.75, 966.95]",Table,['Minus_Arrow']
479170,MinusField,I-5,0xa78ea709528d11c2,Enemy_Bokoblin_Senior,Depths38,,0,['Weapon_Bow_027'],1,,,"[3857.41, -641.35, 973.57]",Table,['Minus_Arrow']
482243,MinusField,I-6,0x8db2beb4baa7d546,Enemy_Bokoblin_Senior,Depths38,,0,"['Weapon_Sword_108', 'AsbObj_RockParts_C_S_01']",1,,,"[3957.12, -668.36, 1668.53]",Table,['Minus']
482245,MinusField,I-6,0xb01adb5bb7da061e,Enemy_Bokoblin_Senior,Depths38,,0,"['Weapon_Sword_108', 'AsbObj_RockParts_C_S_01', 'BokoblinBasket_Item_Ore_L']",1,,,"[3948.87, -672.23, 1666.02]",Table,['Minus']
482251,MinusField,I-6,0x4caec7d2309749f8,Enemy_Bokoblin_Senior,Depths38,,1,"['Weapon_Sword_108', 'AsbObj_RockParts_C_S_01', 'BokoblinBasket_Item_Ore_L']",1,,,"[3488.77, -541.96, 1074.81]",Table,['Minus']
482262,MinusField,I-6,0x1237f41a7f7b194e,Enemy_Bokoblin_Senior,Depths38,,1,"['Weapon_Sword_108', 'AsbObj_RockParts_C_S_01', 'BokoblinBasket_Item_Ore_L']",1,,,"[3333.71, -519.01, 1304.62]",Table,['Minus']
485209,MinusField,I-7,0x79f72cfb805d1b05,Enemy_Bokoblin_Senior,Depths13,,1,"['Weapon_Sword_108', 'AsbObj_RockParts_C_S_01', 'BokoblinBasket_Item_Ore_L']",1,,,"[3360.33, -473.93, 1994.25]",Table,['Minus']
485220,MinusField,I-7,0xb9610649ef3a7fbf,Enemy_Bokoblin_Senior,Depths13,,1,"['Weapon_Sword_108', 'AsbObj_RockParts_C_S_01', 'BokoblinBasket_Item_Ore_L']",1,,,"[3238.56, -557.23, 2502.15]",Table,['Minus']
485229,MinusField,I-7,0x712d7183e01b317a,Enemy_Bokoblin_Senior,Depths13,,0,"['Weapon_Sword_108', 'AsbObj_RockParts_C_S_01', 'BokoblinBasket_Item_Ore_L']",1,,,"[3597.56, -520.11, 2040.99]",Table,['Minus']
485232,MinusField,I-7,0xf3d83f7274c8ac73,Enemy_Bokoblin_Senior,Depths13,,0,"['Weapon_Sword_108', 'AsbObj_RockParts_C_S_01']",1,,,"[3589.55, -519.95, 2038.36]",Table,['Minus']
485235,MinusField,I-7,0x0d42b4c36abcfc9e,Enemy_Bokoblin_Senior,Depths78,,0,"['Weapon_Sword_108', 'AsbObj_RockParts_C_S_01']",1,,,"[3884.39, -471.25, 2126.06]",Table,['Minus']
485237,MinusField,I-7,0xc40272bde5bdf6af,Enemy_Bokoblin_Senior,Depths78,,1,"['Weapon_Sword_112', 'AsbObj_RockParts_C_S_01', 'BokoblinBasket_Item_Ore_L']",1,,,"[3873.21, -471.56, 2112.31]",Table,['Minus']
486916,MinusField,I-8,0x45c3f3a2aa473b52,Enemy_Bokoblin_Senior,Depths61,,0,"['Weapon_Sword_112', 'AsbObj_RockParts_C_S_01']",1,,,"[3588.88, -572.01, 3291.04]",Table,['Minus']
486925,MinusField,I-8,0x848f141f4be5b70d,Enemy_Bokoblin_Senior,Depths61,,0,"['Weapon_Sword_108', 'AsbObj_RockParts_C_S_01']",1,,,"[3579.52, -573.88, 3299.37]",Table,['Minus']
486945,MinusField,I-8,0x827bb33a6cb25ce4,Enemy_Bokoblin_Senior,Depths13,,0,"['Weapon_Sword_108', 'AsbObj_RockParts_C_S_01']",1,,,"[3231.07, -472.46, 3096.09]",Table,['Minus']
486947,MinusField,I-8,0xa6d4dd57e4836c78,Enemy_Bokoblin_Senior,Depths13,,0,"['Weapon_Sword_108', 'AsbObj_RockParts_C_S_01', 'BokoblinBasket_Item_Ore_L']",1,,,"[3223.38, -476.69, 3092.25]",Table,['Minus']
486951,MinusField,I-8,0x7571850f6b78635e,Enemy_Bokoblin_Senior,Depths61,,0,"['Weapon_Sword_108', 'AsbObj_RockParts_C_S_01', 'BokoblinBasket_Item_Ore_L']",1,,,"[3365.67, -516.43, 3219.2]",Table,['Minus']
486954,MinusField,I-8,0xf4323a06fdabea08,Enemy_Bokoblin_Senior,Depths61,,0,"['Weapon_Sword_108', 'AsbObj_RockParts_C_S_01']",1,,,"[3357.55, -516.12, 3221.44]",Table,['Minus']
486958,MinusField,I-8,0x41a735b1911017c3,Enemy_Bokoblin_Senior,Depths62,,1,"['Weapon_Sword_112', 'AsbObj_RockParts_C_S_01', 'BokoblinBasket_Item_Ore_L']",1,,,"[3489.31, -350.45, 3415.59]",Table,['Minus']
486961,MinusField,I-8,0x0822da9cc4f335ba,Enemy_Bokoblin_Senior,Depths62,,0,['Weapon_Bow_027'],1,,,"[3478.99, -352.2, 3428.25]",Table,['Minus_Arrow']
486967,MinusField,I-8,0xee95b8395906a14d,Enemy_Bokoblin_Senior,Depths62,,0,"['Weapon_Sword_108', 'AsbObj_RockParts_C_S_01']",1,,,"[3132.7, -356.61, 3623.64]",Table,['Minus']
486971,MinusField,I-8,0x5731fe8fb7aeff83,Enemy_Bokoblin_Senior,Depths62,,0,"['Weapon_Sword_108', 'AsbObj_RockParts_C_S_01', 'BokoblinBasket_Item_Ore_L']",1,,,"[3125.39, -357.71, 3614.32]",Table,['Minus']
486972,MinusField,I-8,0x8e5ecbc67c9c9ba4,Enemy_Bokoblin_Senior,Depths62,,0,"['Weapon_Sword_108', 'AsbObj_RockParts_C_S_01']",1,,,"[3123.22, -357.77, 3626.25]",Table,['Minus']
486974,MinusField,I-8,0x25396a87b9562b1d,Enemy_Bokoblin_Senior,Depths62,,0,['Weapon_Bow_027'],1,,,"[3140.45, -355.56, 3618.57]",Table,['Minus_Arrow']
486978,MinusField,I-8,0x8feeea5f483e5249,Enemy_Bokoblin_Senior,Depths62,,0,"['Weapon_Sword_113', 'AsbObj_RockParts_C_S_01', 'BokoblinBasket_Item_Ore_L']",1,,,"[3341.68, -347.64, 3814.99]",Table,['Minus']
486981,MinusField,I-8,0x4ee9c8f79a5ef656,Enemy_Bokoblin_Senior,Depths62,,1,['Weapon_Bow_027'],1,,,"[3352.09, -349.28, 3827.56]",Table,['Minus_Arrow']
487873,MinusField,J-1,0x9698ffc5fc62fec2,Enemy_Bokoblin_Senior,Depths54,,0,['Weapon_Bow_027'],1,,,"[4695.49, -344.71, -3186.43]",Table,['Minus_Arrow']
487874,MinusField,J-1,0x15d044a6381c3387,Enemy_Bokoblin_Senior,Depths54,,0,"['Weapon_Sword_108', 'AsbObj_RockParts_C_S_01', 'BokoblinBasket_Item_Ore_L']",1,,,"[4693.15, -344.71, -3191.09]",Table,['Minus']
487875,MinusField,J-1,0xc9aa960369064ca1,Enemy_Bokoblin_Senior,Depths54,,0,['Weapon_Bow_027'],1,,,"[4687.56, -349.07, -3195.06]",Table,['Minus_Arrow']
487876,MinusField,J-1,0x14f4e0c8c1d812f3,Enemy_Bokoblin_Senior,Depths54,,0,['Weapon_Bow_027'],1,,,"[4696.14, -349.05, -3182.91]",Table,['Minus_Arrow']
487879,MinusField,J-1,0xfe40e9fddae70202,Enemy_Bokoblin_Senior,Depths54,,0,['Weapon_Bow_027'],1,,,"[4696.52, -349.02, -3195.96]",Table,['Minus_Arrow']
489793,MinusField,J-2,0xfa3e401bc0e6cda6,Enemy_Bokoblin_Senior,Depths2,,1,"['Weapon_Sword_112', 'AsbObj_RockParts_C_S_01']",1,,,"[4239.05, -358.56, -2227.13]",Table,['Minus']
489809,MinusField,J-2,0xd02a0c79de27f012,Enemy_Bokoblin_Senior,Depths54,,0,"['Weapon_Sword_108', 'AsbObj_RockParts_C_S_01', 'BokoblinBasket_Item_Ore_L']",1,,,"[4724.83, -348.93, -2327.69]",Table,['Minus']
489810,MinusField,J-2,0xe18cd3977e1377d5,Enemy_Bokoblin_Senior,Depths101,,0,"['Weapon_Sword_108', 'AsbObj_RockParts_C_S_01']",1,,,"[4686.72, -348.87, -2310.83]",Table,['Minus']
489812,MinusField,J-2,0xe191eda38f90771a,Enemy_Bokoblin_Senior,Depths101,,0,['Weapon_Lsword_113'],1,,,"[4692.4, -348.93, -2321.07]",Table,['Minus']
489813,MinusField,J-2,0x57ce91c27431b2a8,Enemy_Bokoblin_Senior,Depths101,,0,"['Weapon_Sword_108', 'AsbObj_RockParts_C_S_01']",1,,,"[4403.96, -348.66, -2066.19]",Table,['Minus']
489814,MinusField,J-2,0x7bce3791619b513b,Enemy_Bokoblin_Senior,Depths101,,0,"['Weapon_Sword_108', 'AsbObj_RockParts_C_S_01']",1,,,"[4410.71, -348.64, -2060.03]",Table,['Minus']
489815,MinusField,J-2,0x7ca13e035b2ee17e,Enemy_Bokoblin_Senior,Depths101,,1,"['Weapon_Sword_108', 'AsbObj_RockParts_C_S_01', 'BokoblinBasket_Item_Ore_L']",1,,,"[4427.6, -348.59, -2047.82]",Table,['Minus']
491487,MinusField,J-3,0x6c1f744aa24d70f7,Enemy_Bokoblin_Senior,Depths101,,0,"['Weapon_Sword_108', 'AsbObj_RockParts_C_S_01', 'BokoblinBasket_Item_Ore_L']",1,,,"[4721.55, -348.64, -1934.55]",Table,['Minus']
491490,MinusField,J-3,0xeda030a5569ef4f9,Enemy_Bokoblin_Senior,Depths101,,0,"['Weapon_Sword_108', 'AsbObj_RockParts_C_S_01']",1,,,"[4729.61, -348.58, -1937.08]",Table,['Minus']
491493,MinusField,J-3,0x138bcb2003c4163c,Enemy_Bokoblin_Senior,Depths75,,0,"['Weapon_Sword_108', 'AsbObj_RockParts_C_S_01']",1,,,"[4696.93, -498.52, -1275.89]",Table,['Minus']
491497,MinusField,J-3,0xe3488bb501a0b0ad,Enemy_Bokoblin_Senior,Depths75,,0,"['Weapon_Sword_108', 'AsbObj_RockParts_C_S_01', 'BokoblinBasket_Item_Ore_L']",1,,,"[4705.29, -499.24, -1267.51]",Table,['Minus']
491498,MinusField,J-3,0x0afa9e2cf8521d85,Enemy_Bokoblin_Senior,Depths75,,0,"['Weapon_Sword_108', 'AsbObj_RockParts_C_S_01']",1,,,"[4705.99, -499.4, -1279.59]",Table,['Minus']
491500,MinusField,J-3,0xb1c2bda9bb80922f,Enemy_Bokoblin_Senior,Depths75,,0,['Weapon_Bow_027'],1,,,"[4689.85, -497.33, -1269.94]",Table,['Minus_Arrow']
494768,MinusField,J-5,0xbcd4ff5f98b7310e,Enemy_Bokoblin_Senior,Depths68,,1,"['Weapon_Sword_113', 'AsbObj_RockParts_C_S_01']",1,,,"[4488.88, -395.8, 787.65]",Table,['Minus']
495990,MinusField,J-6,0xb9675781944844a2,Enemy_Bokoblin_Senior,Depths38,,0,"['Weapon_Sword_108', 'AsbObj_RockParts_C_S_01', 'BokoblinBasket_Item_Ore_L']",1,,,"[4140.06, -653.49, 1203.12]",Table,['Minus']
495991,MinusField,J-6,0xfecd6b371e091d1b,Enemy_Bokoblin_Senior,Depths38,,1,"['Weapon_Sword_112', 'AsbObj_RockParts_C_S_01']",1,,,"[4136.22, -653.91, 1187.12]",Table,['Minus']
496000,MinusField,J-6,0x78be2d75314d4379,Enemy_Bokoblin_Senior,Depths38,,1,"['Weapon_Sword_108', 'AsbObj_RockParts_C_S_01', 'BokoblinBasket_Item_Ore_L']",1,,,"[4010.86, -703.36, 1555.25]",Table,['Minus']
496665,MinusField,J-7,0x69b85e546d4f4a00,Enemy_Bokoblin_Senior,Depths78,,0,"['Weapon_Sword_108', 'AsbObj_RockParts_C_S_01']",1,,,"[4162.21, -352.49, 2417.74]",Table,['Minus']
496666,MinusField,J-7,0xf72e02af054eba09,Enemy_Bokoblin_Senior,Depths78,,0,"['Weapon_Sword_108', 'AsbObj_RockParts_C_S_01', 'BokoblinBasket_Item_Ore_L']",1,,,"[4166.71, -352.48, 2411.66]",Table,['Minus']
496668,MinusField,J-7,0x34cb09da40d9efd8,Enemy_Bokoblin_Senior,Depths78,,1,"['Weapon_Sword_108', 'AsbObj_RockParts_C_S_01']",1,,,"[4160.95, -352.48, 2424.18]",Table,['Minus']
496669,MinusField,J-7,0x360e7573529257a5,Enemy_Bokoblin_Senior,Depths78,,0,"['Weapon_Sword_108', 'AsbObj_RockParts_C_S_01', 'BokoblinBasket_Item_Ore_L']",1,,,"[4635.1, -394.99, 2390.15]",Table,['Minus']
496676,MinusField,J-7,0xa06cbc0faf061a6c,Enemy_Bokoblin_Senior,Depths78,,0,"['Weapon_Sword_108', 'AsbObj_RockParts_C_S_01']",1,,,"[4650.2, -394.94, 2392.2]",Table,['Minus']
496680,MinusField,J-7,0x729fc7c07bc95744,Enemy_Bokoblin_Senior,Depths78,,0,"['Weapon_Sword_108', 'AsbObj_RockParts_C_S_01', 'BokoblinBasket_Item_Ore_L']",1,,,"[4652.65, -394.93, 2378.36]",Table,['Minus']
496684,MinusField,J-7,0x1d384e16e22475d7,Enemy_Bokoblin_Senior,Depths78,,1,"['Weapon_Sword_108', 'AsbObj_RockParts_C_S_01', 'BokoblinBasket_Item_Ore_L']",1,,,"[4465.17, -375.38, 2483.96]",Table,['Minus']
497065,MinusField,J-8,0x8dfad71783d945f2,Enemy_Bokoblin_Senior,Depths28,,0,"['Weapon_Sword_113', 'Weapon_Shield_006', 'AsbObj_RockParts_C_L_01']",1,,,"[4507.59, -366.86, 3616.91]",Table,['Minus']
497067,MinusField,J-8,0xa72b8d85b510c312,Enemy_Bokoblin_Senior,Depths28,,0,"['Weapon_Lsword_113', 'AsbObj_RockParts_C_L_01']",1,,,"[4534.96, -366.86, 3571.63]",Table,['Minus']
497080,MinusField,J-8,0x4cd269b0d5085432,Enemy_Bokoblin_Senior,Depths28,,0,"['Weapon_Spear_113', 'AsbObj_RockParts_C_L_01']",1,,,"[4507.99, -366.86, 3611.85]",Table,['Minus']
