objid,map_type,map_name,hash_id,name,fieldarea,region,scale,equip,map_static,korok_id,korok_type,pos,drop.type,drop.value
9290,MainField,A-6,0xf62da68bb4ff0d03,Enemy_Bokoblin_Guard_Middle,Surface0,Gerudo Highlands,0,"['Weapon_Bow_003', 'BokoblinPipe']",1,,,"[-4757.98, 618.02, 1348.01]",Table,['Arrow']
9312,MainField,A-6,0x1aebb98f7a48c927,Enemy_Bokoblin_Guard_Middle,Surface0,Gerudo Highlands,0,"['Weapon_Bow_003', 'BokoblinPipe']",1,,,"[-4738.7, 617.72, 1351.72]",Table,['Arrow']
9389,MainField,A-6,0x191b55ea009f70ab,Enemy_Bokoblin_Guard_Middle,Surface4,Gerudo Highlands,0,"['Weapon_Bow_003', 'BokoblinPipe']",1,,,"[-4318.3, 415.3, 1468.88]",Table,['Arrow']
9391,MainField,A-6,0xc6e25ac443032fdd,Enemy_Bokoblin_Guard_Middle,Surface4,Gerudo Highlands,0,"['Weapon_Bow_003', 'BokoblinPipe']",1,,,"[-4313.61, 415.67, 1466.21]",Table,['Arrow']
11017,MainField,A-7,0xeece63dbcf287536,Enemy_Bokoblin_Guard_Middle,Surface21,Gerudo Canyon,0,"['Weapon_Bow_003', 'BokoblinPipe', 'FireFruit', 'BokoblinBasket_FireFruit']",0,,,"[-4274.07, 152.1, 2871.26]",Table,['Fire']
12952,MainField,A-8,0x0e70efb07bc4b7ad,Enemy_Bokoblin_Guard_Middle,Surface40,Gerudo Canyon,0,"['Weapon_Bow_003', 'BokoblinPipe', 'ElectricalFruit', 'BokoblinBasket_ElectricalFruit']",0,,,"[-4632.99, 142.83, 3872.3]",Table,['Thunder']
12962,MainField,A-8,0xad908b80524b09e6,Enemy_Bokoblin_Guard_Middle,Surface21,Gerudo Canyon,0,"['Weapon_Bow_003', 'BokoblinPipe', 'FireFruit', 'BokoblinBasket_FireFruit']",0,,,"[-4661.82, 148.88, 3050.67]",Table,['Fire']
12977,MainField,A-8,0xd4e9c535a7b9ef14,Enemy_Bokoblin_Guard_Middle,Surface21,Gerudo Canyon,0,"['Weapon_Bow_003', 'BokoblinPipe', 'ElectricalFruit', 'BokoblinBasket_ElectricalFruit']",0,,,"[-4642.7, 148.95, 3085.82]",Table,['Thunder']
12978,MainField,A-8,0x1cfc913b04d7d9d7,Enemy_Bokoblin_Guard_Middle,Surface21,Gerudo Canyon,0,"['Weapon_Bow_003', 'BokoblinPipe', 'FireFruit', 'BokoblinBasket_FireFruit']",0,,,"[-4656, 147.14, 3111]",Table,['Fire']
12979,MainField,A-8,0x6a36a9d49f3cd491,Enemy_Bokoblin_Guard_Middle,Surface21,Gerudo Canyon,0,"['Weapon_Bow_003', 'BokoblinPipe', 'FireFruit', 'BokoblinBasket_FireFruit']",0,,,"[-4700.36, 147.97, 3112.2]",Table,['Fire']
12980,MainField,A-8,0xc54d1fbb0ff5c522,Enemy_Bokoblin_Guard_Middle,Surface21,Gerudo Canyon,0,"['Weapon_Bow_003', 'BokoblinPipe', 'ElectricalFruit', 'BokoblinBasket_ElectricalFruit']",0,,,"[-4718.94, 149.08, 3081.21]",Table,['Thunder']
12981,MainField,A-8,0x83881d0b6d090e85,Enemy_Bokoblin_Guard_Middle,Surface21,Gerudo Canyon,0,"['Weapon_Bow_003', 'BokoblinPipe', 'ElectricalFruit', 'BokoblinBasket_ElectricalFruit']",0,,,"[-4691.83, 148.92, 3049.94]",Table,['Thunder']
12982,MainField,A-8,0xe364ecc1632f99d3,Enemy_Bokoblin_Guard_Middle,Surface21,Gerudo Canyon,0,"['Weapon_Bow_003', 'BokoblinPipe', 'FireFruit', 'BokoblinBasket_FireFruit']",0,,,"[-4711.97, 148.79, 3061.53]",Table,['Fire']
13935,MainField,A-8,0xfdb50d5dfb575581,Enemy_Bokoblin_Guard_Middle,Surface21,Gerudo Canyon,0,"['Weapon_Bow_003', 'BokoblinPipe', 'ElectricalFruit', 'BokoblinBasket_ElectricalFruit']",1,,,"[-4677.28, 147.39, 3128.82]",Table,['Thunder']
21512,MainField,B-2,0x88370b97d9051570,Enemy_Bokoblin_Guard_Middle,Surface3,Rospro Pass,0,"['Weapon_Sword_112', 'Weapon_Shield_002', 'BokoblinPipe']",1,,,"[-3722, 248.91, -2203.47]",Table,['Default']
31243,MainField,B-5,0x532d1e763ad3e38b,Enemy_Bokoblin_Guard_Middle_TreeHouseTop,Surface4,Gerudo Highlands,0,"['Weapon_Bow_003', 'BokoblinPipe', 'FireFruit', 'BokoblinBasket_FireFruit']",0,,,"[-3532.75, 249.72, 367.58]",Table,['Fire']
31245,MainField,B-5,0xf2787ed4cc365ae5,Enemy_Bokoblin_Guard_Middle_TreeHouseTop,Surface4,Gerudo Highlands,0,"['Weapon_Bow_003', 'BokoblinPipe', 'FireFruit', 'BokoblinBasket_FireFruit']",0,,,"[-3509.96, 326.61, 489.18]",Table,['Fire']
35244,MainField,B-6,0xa5b2031a7fa1b9af,Enemy_Bokoblin_Guard_Middle,Surface106,Gerudo Highlands,0,"['Weapon_Bow_003', 'BokoblinPipe', 'ElectricalFruit', 'BokoblinBasket_ElectricalFruit']",0,,,"[-3049.46, 328.38, 1943.8]",Table,['Thunder']
35283,MainField,B-6,0xa8785ed1b0c9a78d,Enemy_Bokoblin_Guard_Middle,Surface4,Gerudo Highlands,0,"['Weapon_Bow_003', 'BokoblinPipe']",0,,,"[-3396.03, 450.85, 1753.95]",Table,['Arrow']
37229,MainField,B-6,0x804a07553e7a9f35,Enemy_Bokoblin_Guard_Middle,Surface0,Gerudo Highlands,0,"['Weapon_Bow_003', 'BokoblinPipe']",1,,,"[-3096.98, 670.81, 1599.25]",Table,['Arrow']
37252,MainField,B-6,0x2f24540515a1ea35,Enemy_Bokoblin_Guard_Middle,Surface0,Gerudo Highlands,0,"['Weapon_Bow_003', 'BokoblinPipe']",1,,,"[-3077.88, 672.73, 1589.29]",Table,['Arrow']
38840,MainField,B-7,0xd2bb5c2e0e7bfbaa,Enemy_Bokoblin_Guard_Middle,Surface72,Gerudo Canyon,0,"['Weapon_Bow_003', 'BokoblinPipe']",0,,,"[-3525.32, 167.04, 2958.74]",Table,['Arrow']
40511,MainField,B-7,0x4ff15fc8549a6a9c,Enemy_Bokoblin_Guard_Middle,Surface72,Gerudo Canyon,0,['Weapon_Bow_003'],0,,,"[-3625.88, 147.69, 2548.3]",Table,['Arrow']
42819,MainField,B-7,0xb955cfbbbd4281f8,Enemy_Bokoblin_Guard_Middle,Surface106,Gerudo Highlands,0,"['Weapon_Bow_003', 'BokoblinPipe']",1,,,"[-3648.6, 289.82, 2138.24]",Table,['Arrow']
75300,MainField,C-8,0xcb6c330692552997,Enemy_Bokoblin_Guard_Middle,Surface72,Gerudo Canyon,0,"['Weapon_Bow_003', 'BokoblinPipe', 'ElectricalFruit', 'BokoblinBasket_ElectricalFruit']",0,,,"[-2655.45, 178.31, 2995.9]",Table,['Thunder']
75302,MainField,C-8,0x73adb54e00cd8cc4,Enemy_Bokoblin_Guard_Middle,Surface72,Gerudo Canyon,0,"['Weapon_Bow_003', 'BokoblinPipe', 'ElectricalFruit', 'BokoblinBasket_ElectricalFruit']",0,,,"[-2641.81, 176.8, 2994.78]",Table,['Thunder']
77206,MainField,D-1,0x924bd33bed7f2922,Enemy_Bokoblin_Guard_Middle_TreeHouseTop,Surface100,Pikida Stonegrove,0,"['Weapon_Bow_003', 'BokoblinPipe', 'IceFruit', 'BokoblinBasket_IceFruit']",0,,,"[-1494.07, 352.73, -3488.75]",Table,['Ice']
77207,MainField,D-1,0xff233aa78423da03,Enemy_Bokoblin_Guard_Middle_TreeHouseTop,Surface100,Pikida Stonegrove,0,"['Weapon_Bow_003', 'BokoblinPipe', 'IceFruit', 'BokoblinBasket_IceFruit']",0,,,"[-1480.57, 352.63, -3499.25]",Table,['Ice']
77208,MainField,D-1,0xfaacc1458982551a,Enemy_Bokoblin_Guard_Middle_TreeHouseTop,Surface100,Pikida Stonegrove,0,"['Weapon_Bow_003', 'BokoblinPipe', 'IceFruit', 'BokoblinBasket_IceFruit']",0,,,"[-1514.57, 356.7, -3489.75]",Table,['Ice']
77225,MainField,D-1,0xf32ac2213a5eba1e,Enemy_Bokoblin_Guard_Middle_TreeHouseTop,Surface100,Pikida Stonegrove,0,"['Weapon_Bow_003', 'BokoblinPipe', 'IceFruit', 'BokoblinBasket_IceFruit']",0,,,"[-1488.57, 352.63, -3510.25]",Table,['Ice']
81510,MainField,D-2,0x50a7521be03ba22b,Enemy_Bokoblin_Guard_Middle_TreeHouseTop,Surface5,Pikida Stonegrove,0,"['Weapon_Bow_003', 'BokoblinPipe']",1,,,"[-1827.06, 364.29, -2224.59]",Table,['Arrow']
81628,MainField,D-2,0xdb7f3510259654e8,Enemy_Bokoblin_Guard_Middle,Surface23,Pikida Stonegrove,0,"['Weapon_Bow_003', 'BokoblinPipe']",1,,,"[-1310.04, 246.15, -2642.95]",Table,['Arrow']
92304,MainField,D-5,0x2545b1831261f7a5,Enemy_Bokoblin_Guard_Middle,Surface32,Hyrule Field,0,"['Weapon_Bow_003', 'BokoblinPipe', 'FireFruit', 'BokoblinBasket_FireFruit']",1,,,"[-1362.78, 123.09, 787.99]",Table,['Fire']
92305,MainField,D-5,0x8ace20a1956912fd,Enemy_Bokoblin_Guard_Middle_Cliff,Surface32,Hyrule Field,0,"['Weapon_Bow_003', 'FireFruit', 'BokoblinBasket_FireFruit']",1,,,"[-1365.37, 119.51, 785.47]",Table,['Fire']
92306,MainField,D-5,0x51df98f71e4e0ecf,Enemy_Bokoblin_Guard_Middle_Cliff,Surface32,Hyrule Field,0,"['BombFruit', 'BokoblinBasket_BombFruit']",1,,,"[-1356.78, 117.49, 785.28]",Table,['Default']
92309,MainField,D-5,0xcaf95565c73c6599,Enemy_Bokoblin_Guard_Middle_Cliff,Surface32,Hyrule Field,0,"['BombFruit', 'BokoblinBasket_BombFruit']",1,,,"[-1368.09, 118.49, 783.38]",Table,['Default']
92310,MainField,D-5,0xed415a557b54a49c,Enemy_Bokoblin_Guard_Middle_Cliff,Surface32,Hyrule Field,0,"['Weapon_Bow_003', 'FireFruit', 'BokoblinBasket_FireFruit']",1,,,"[-1359.33, 119.02, 786.19]",Table,['Fire']
96600,MainField,D-6,0x0635e0c8d6ca8673,Enemy_Bokoblin_Guard_Middle,Surface46,Hyrule Field,0,"['Weapon_Bow_003', 'BokoblinPipe']",1,,,"[-1090.14, 186.86, 1659.26]",Table,['Arrow']
96601,MainField,D-6,0xcf6c384f92139118,Enemy_Bokoblin_Guard_Middle_Cliff,Surface46,Hyrule Field,0,['Weapon_Bow_003'],1,,,"[-1089.57, 183.28, 1655.69]",Table,['Arrow']
96602,MainField,D-6,0x1914440d452a13ce,Enemy_Bokoblin_Guard_Middle_Cliff,Surface46,Hyrule Field,0,['Weapon_Bow_003'],1,,,"[-1086.49, 181.26, 1664.51]",Table,['Arrow']
96605,MainField,D-6,0xfb28e9af74a24901,Enemy_Bokoblin_Guard_Middle_Cliff,Surface46,Hyrule Field,0,"['Weapon_Sword_108', 'Item_PlantGet_U']",1,,,"[-1089.41, 182.25, 1652.26]",Table,['Default']
96606,MainField,D-6,0xf4842456775697c9,Enemy_Bokoblin_Guard_Middle_Cliff,Surface46,Hyrule Field,0,"['Weapon_Sword_108', 'Item_PlantGet_U']",1,,,"[-1086.69, 182.79, 1661.06]",Table,['Default']
116268,MainField,E-5,0x105957f92796acc8,Enemy_Bokoblin_Guard_Middle,Surface32,Hyrule Field,0,"['Weapon_Bow_003', 'BokoblinPipe']",0,,,"[-944, 133, 855.5]",Table,['Arrow']
116311,MainField,E-5,0x6d076a05f7bd924c,Enemy_Bokoblin_Guard_Middle,Surface32,Hyrule Field,0,"['Weapon_Bow_003', 'BokoblinPipe', 'FireFruit', 'BokoblinBasket_FireFruit']",0,,,"[-593, 145.68, 868.42]",Table,['Fire']
116344,MainField,E-5,0xd5f6a706b00809dd,Enemy_Bokoblin_Guard_Middle,Surface32,Hyrule Field,0,"['BokoblinPipe', 'FireFruit', 'BokoblinBasket_FireFruit']",0,,,"[-590, 145.78, 879.5]",Table,['Default']
116346,MainField,E-5,0xd05c00bc39d701bc,Enemy_Bokoblin_Guard_Middle,Surface32,Hyrule Field,0,"['Weapon_Bow_003', 'BokoblinPipe', 'FireFruit', 'BokoblinBasket_FireFruit']",0,,,"[-597.5, 145.77, 885]",Table,['Fire']
119172,MainField,E-5,0xb39e004f98f386d7,Enemy_Bokoblin_Guard_Middle_Cliff,Surface32,Hyrule Field,0,['Weapon_Bow_003'],1,,,"[-700.84, 171.47, 971.33]",Table,['Arrow']
119186,MainField,E-5,0xde8de73e40fbef3e,Enemy_Bokoblin_Guard_Middle_Ambush,Surface32,Hyrule Field,0,['Weapon_Sword_112'],1,,,"[-708.93, 163.04, 1035.57]",Table,['Default']
124998,MainField,E-6,0x7090437a0bdacbcb,Enemy_Bokoblin_Guard_Middle,Surface70,Hyrule Field,0,"['Weapon_Bow_003', 'BokoblinPipe']",1,,,"[-356.5, 130.09, 1578]",Table,['Arrow']
125020,MainField,E-6,0xb74fa7403482d0ff,Enemy_Bokoblin_Guard_Middle,Surface32,Hyrule Field,0,"['Weapon_Bow_003', 'BokoblinPipe']",1,,,"[-882.9, 143.96, 1314.09]",Table,['Arrow']
125034,MainField,E-6,0x345a8534e4e2bc56,Enemy_Bokoblin_Guard_Middle_Cliff,Surface32,Hyrule Field,0,['Weapon_Bow_003'],1,,,"[-224, 131.54, 1448]",Table,['Arrow']
125035,MainField,E-6,0x5448def55223078a,Enemy_Bokoblin_Guard_Middle_TreeHouseTop,Surface32,Hyrule Field,0,"['Weapon_Bow_003', 'BokoblinPipe', 'FireFruit', 'BokoblinBasket_FireFruit']",1,,,"[-209.94, 139.93, 1494.14]",Table,['Fire']
125038,MainField,E-6,0x4b0e93a5a2e36536,Enemy_Bokoblin_Guard_Middle_Cliff,Surface32,Hyrule Field,0,['Weapon_Bow_003'],1,,,"[-221, 131.54, 1460]",Table,['Arrow']
125039,MainField,E-6,0x2526da8957a415b5,Enemy_Bokoblin_Guard_Middle_Cliff,Surface32,Hyrule Field,0,['Weapon_Bow_003'],1,,,"[-225.5, 131.54, 1465.5]",Table,['Arrow']
125042,MainField,E-6,0x59961ab8d17e56a7,Enemy_Bokoblin_Guard_Middle_Cliff,Surface32,Hyrule Field,0,['Weapon_Bow_003'],1,,,"[-221, 131.54, 1456]",Table,['Arrow']
128274,MainField,E-7,0x61f30de13a0f992f,Enemy_Bokoblin_Guard_Middle,Surface70,Hyrule Field,0,['Weapon_Spear_108'],1,,,"[-257.3, 130.41, 2084.62]",Table,['Default']
128278,MainField,E-7,0x88f3c11ce0575fee,Enemy_Bokoblin_Guard_Middle,Surface70,Hyrule Field,0,"['Weapon_Bow_003', 'BokoblinPipe']",1,,,"[-244.13, 129.92, 2080.06]",Table,['Arrow']
128401,MainField,E-7,0xb47cf327bd3a5413,Enemy_Bokoblin_Guard_Middle,Surface25,Popla Foothills,0,"['Weapon_Bow_003', 'BokoblinPipe']",1,,,"[-848.16, 228.93, 2846.22]",Table,['Arrow']
128403,MainField,E-7,0x08d5be9e094ed99e,Enemy_Bokoblin_Guard_Middle,Surface25,Popla Foothills,0,"['Weapon_Bow_003', 'BokoblinPipe']",1,,,"[-847.06, 229.15, 2840.68]",Table,['Arrow']
130125,MainField,E-8,0xb4c6236e4339ae69,Enemy_Bokoblin_Guard_Middle_TreeHouseTop,Surface24,Popla Foothills,0,"['Weapon_Bow_003', 'BokoblinPipe']",0,,,"[-323.43, 158.24, 3565.72]",Table,['Arrow']
130148,MainField,E-8,0xf5ee123067affd6d,Enemy_Bokoblin_Guard_Middle,Surface95,Popla Foothills,0,"['Weapon_Bow_003', 'BokoblinPipe', 'ElectricalFruit', 'BokoblinBasket_ElectricalFruit']",0,,,"[-811.23, 203.91, 3392.36]",Table,['Thunder']
131094,MainField,E-8,0x7d93e7b3681999b8,Enemy_Bokoblin_Guard_Middle_TreeHouseTop,Surface55,Popla Foothills,0,"['Weapon_Bow_003', 'BokoblinPipe', 'ElectricalFruit', 'BokoblinBasket_ElectricalFruit']",1,,,"[-76.2, 107.53, 3872.37]",Table,['Thunder']
133432,MainField,F-1,0xc2191f020fd02f0b,Enemy_Bokoblin_Guard_Middle,Surface96,Thyphlo Ruins,0,"['Weapon_Bow_003', 'BokoblinPipe', 'FireFruit', 'BokoblinBasket_FireFruit']",0,,,"[237.9, 194.74, -3801.76]",Table,['Fire']
134705,MainField,F-1,0xd7dbf6a450103abc,Enemy_Bokoblin_Guard_Middle,Surface96,Thyphlo Ruins,0,"['Weapon_Bow_003', 'BokoblinPipe']",1,,,"[238.7, 178.77, -3661.35]",Table,['Arrow']
134780,MainField,F-1,0xde93710fd2513233,Enemy_Bokoblin_Guard_Middle,Surface97,Thyphlo Ruins,0,"['Weapon_Bow_003', 'BokoblinPipe']",1,,,"[881.14, 215.22, -3645.15]",Table,['Arrow']
141229,MainField,F-3,0x38dc8b346523540f,Enemy_Bokoblin_Guard_Middle_TreeHouseTop,Surface60,Eldin Canyon,0,"['Weapon_Bow_002', 'BokoblinPipe']",0,,,"[878.07, 296.2, -1631.13]",Table,['Arrow']
144876,MainField,F-4,0x7242c7d9122d6ddd,Enemy_Bokoblin_Guard_Middle,Surface41,Sahasra Slope,0,"['Weapon_Bow_003', 'BokoblinPipe', 'ElectricalFruit', 'BokoblinBasket_ElectricalFruit']",0,,,"[648, 200.72, -870]",Table,['Thunder']
144878,MainField,F-4,0x6f57144caeaa46c9,Enemy_Bokoblin_Guard_Middle,Surface41,Sahasra Slope,0,"['Weapon_Bow_003', 'BokoblinPipe', 'ElectricalFruit', 'BokoblinBasket_ElectricalFruit']",0,,,"[662.2, 203.69, -864.86]",Table,['Thunder']
155156,MainField,F-6,0xbb75e8d02e6504e0,Enemy_Bokoblin_Guard_Middle,Surface32,Hyrule Field,0,"['Weapon_Bow_003', 'BokoblinPipe']",0,,,"[46.75, 135.73, 1287.34]",Table,['Arrow']
157159,MainField,F-6,0x8b1385b08f3807a7,Enemy_Bokoblin_Guard_Middle,Surface49,Popla Foothills,0,['BokoblinPipe'],1,,,"[470.62, 115.52, 1633.02]",Table,['Default']
157179,MainField,F-6,0xffc07ec1c1be85bc,Enemy_Bokoblin_Guard_Middle,Surface32,Hyrule Field,0,"['Weapon_Bow_003', 'BokoblinPipe', 'FireFruit', 'BokoblinBasket_FireFruit']",1,,,"[230.91, 121.99, 1311.09]",Table,['Fire']
157183,MainField,F-6,0x62c1f606b7f5e761,Enemy_Bokoblin_Guard_Middle,Surface32,Hyrule Field,0,"['Weapon_Bow_003', 'BokoblinPipe', 'FireFruit', 'BokoblinBasket_FireFruit']",1,,,"[236.72, 121.97, 1297.23]",Table,['Fire']
158006,MainField,F-6,0xfa9171e0b8cb9a7d,Enemy_Bokoblin_Guard_Middle,Surface49,Popla Foothills,0,"['Weapon_Bow_003', 'BokoblinPipe', 'FireFruit', 'BokoblinBasket_FireFruit']",1,,,"[587.98, 177.76, 1935.54]",Table,['Fire']
158007,MainField,F-6,0xbfd760e3ffd3b1a6,Enemy_Bokoblin_Guard_Middle_Cliff,Surface49,Popla Foothills,0,"['Weapon_Bow_003', 'FireFruit', 'BokoblinBasket_FireFruit']",1,,,"[591.54, 174.17, 1934.86]",Table,['Fire']
158008,MainField,F-6,0xc6eb4c8bbc39e9bb,Enemy_Bokoblin_Guard_Middle_Cliff,Surface49,Popla Foothills,0,"['Weapon_Bow_003', 'FireFruit', 'BokoblinBasket_FireFruit']",1,,,"[584.3, 172.16, 1940.77]",Table,['Fire']
158011,MainField,F-6,0x76fcbfb1de090eab,Enemy_Bokoblin_Guard_Middle_Cliff,Surface49,Popla Foothills,0,"['Weapon_Bow_003', 'FireFruit', 'BokoblinBasket_FireFruit']",1,,,"[594.81, 173.15, 1933.83]",Table,['Fire']
158012,MainField,F-6,0x5cac018cdb07877e,Enemy_Bokoblin_Guard_Middle_Cliff,Surface49,Popla Foothills,0,"['Weapon_Bow_003', 'FireFruit', 'BokoblinBasket_FireFruit']",1,,,"[587.48, 173.69, 1939.4]",Table,['Fire']
160503,MainField,F-7,0x95f1067cf714d264,Enemy_Bokoblin_Guard_Middle,Surface49,Popla Foothills,0,"['Weapon_Bow_003', 'BokoblinPipe', 'ElectricalFruit', 'BokoblinBasket_ElectricalFruit']",0,,,"[1001.82, 229.25, 2226.85]",Table,['Thunder']
162151,MainField,F-7,0x7a7e364961ae7cbb,Enemy_Bokoblin_Guard_Middle_Ambush,Surface49,Popla Foothills,0,['Weapon_Sword_108'],1,,,"[609.64, 194.95, 2395.3]",Table,['Default']
162153,MainField,F-7,0x8f0ff38d85480ff4,Enemy_Bokoblin_Guard_Middle_TreeHouseTop,Surface49,Popla Foothills,0,"['Weapon_Bow_003', 'BokoblinPipe']",1,,,"[608.35, 203.29, 2396.03]",Table,['Arrow']
162222,MainField,F-7,0x347b5af4c2c31870,Enemy_Bokoblin_Guard_Middle,Surface49,Popla Foothills,0,"['Weapon_Bow_003', 'BokoblinPipe', 'ElectricalFruit', 'BokoblinBasket_ElectricalFruit']",1,,,"[580.89, 202.68, 2446.04]",Table,['Thunder']
165754,MainField,F-8,0x0dcd75b96bc2a16c,Enemy_Bokoblin_Guard_Middle_Ambush,Surface36,Popla Foothills,0,"['Weapon_Bow_003', 'BokoblinPipe']",0,,,"[760.4, 196.04, 3534.5]",Table,['Arrow']
167293,MainField,F-8,0x8fcb4665e915eb5a,Enemy_Bokoblin_Guard_Middle_Ambush,Surface74,Popla Foothills,0,"['Weapon_Bow_003', 'BokoblinPipe']",1,,,"[762.47, 123.87, 3083.42]",Table,['Arrow']
167728,MainField,F-8,0x40d0ec894f73f112,Enemy_Bokoblin_Guard_Middle,Surface36,Popla Foothills,0,"['Weapon_Bow_003', 'BokoblinPipe', 'ElectricalFruit', 'BokoblinBasket_ElectricalFruit']",1,,,"[645.46, 168.66, 3166.45]",Table,['Thunder']
167733,MainField,F-8,0xf6de70ccdebb379e,Enemy_Bokoblin_Guard_Middle,Surface36,Popla Foothills,0,"['Weapon_Bow_003', 'BokoblinPipe', 'ElectricalFruit', 'BokoblinBasket_ElectricalFruit']",1,,,"[642.26, 168.63, 3180.16]",Table,['Thunder']
167785,MainField,F-8,0xb80b969e882ae609,Enemy_Bokoblin_Guard_Middle,Surface74,Popla Foothills,0,"['Weapon_Bow_003', 'BokoblinPipe']",1,,,"[93.15, 163.55, 3288.81]",Table,['Arrow']
167786,MainField,F-8,0x25ca7fe6064dc014,Enemy_Bokoblin_Guard_Middle,Surface74,Popla Foothills,0,"['Weapon_Bow_003', 'BokoblinPipe']",1,,,"[76.58, 162.78, 3289.25]",Table,['Arrow']
171815,MainField,G-2,0x8fca8d48472b5c1e,Enemy_Bokoblin_Guard_Middle_TreeHouseTop,Surface105,Eldin Canyon,0,"['Weapon_Bow_003', 'BokoblinPipe']",0,,,"[1474.49, 514.35, -2596.65]",Table,['Arrow']
171816,MainField,G-2,0x396dec9f446f5603,Enemy_Bokoblin_Guard_Middle_TreeHouseTop,Surface105,Eldin Canyon,0,"['Weapon_Bow_003', 'BokoblinPipe']",0,,,"[1492.63, 500.04, -2589.61]",Table,['Arrow']
171818,MainField,G-2,0x2817da30511a93f2,Enemy_Bokoblin_Guard_Middle_TreeHouseTop,Surface105,Eldin Canyon,0,"['Weapon_Bow_003', 'BokoblinPipe']",0,,,"[1451.13, 497.94, -2581.2]",Table,['Arrow']
172532,MainField,G-2,0x4bba7913b7005eb3,Enemy_Bokoblin_Guard_Middle_TreeHouseTop,Surface91,Eldin Canyon,0,"['Weapon_Bow_003', 'BokoblinPipe']",0,,,"[1360.36, 525.06, -2232.9]",Table,['Arrow']
172533,MainField,G-2,0x4bba791385023ddf,Enemy_Bokoblin_Guard_Middle_TreeHouseTop,Surface7,Eldin Canyon,0,"['Weapon_Bow_003', 'BokoblinPipe']",0,,,"[1345.28, 529.05, -2234.94]",Table,['Arrow']
172535,MainField,G-2,0x4bba7913bf8a02da,Enemy_Bokoblin_Guard_Middle_TreeHouseTop,Surface66,Eldin Canyon,0,"['Weapon_Bow_003', 'BokoblinPipe']",0,,,"[1379.26, 525.6, -2242.33]",Table,['Arrow']
173571,MainField,G-2,0x406d9bc2ef28e4c8,Enemy_Bokoblin_Guard_Middle,Surface66,Eldin Canyon,0,"['Weapon_Bow_003', 'BokoblinPipe', 'FireFruit', 'BokoblinBasket_FireFruit']",0,,,"[1672.33, 514.78, -2153.28]",Table,['Fire']
174632,MainField,G-2,0x8fc8ebbc168a28c1,Enemy_Bokoblin_Guard_Middle_Ambush,Surface105,Eldin Canyon,0,['Weapon_Sword_106'],1,,,"[1473.1, 492.56, -2585.36]",Table,['Default']
174867,MainField,G-2,0xcf3e0b85c0c54f93,Enemy_Bokoblin_Guard_Middle_Ambush,Surface105,Eldin Canyon,0,['Weapon_Sword_106'],1,,,"[1468, 463.61, -2550.61]",Table,['Default']
175228,MainField,G-2,0x178ab7a9d7be5124,Enemy_Bokoblin_Guard_Middle,Surface7,Eldin Canyon,0,"['Weapon_Bow_003', 'FireFruit', 'BokoblinBasket_FireFruit']",1,,,"[1143.88, 404.34, -2258.46]",Table,['Fire']
175380,MainField,G-2,0x08651676fe31c14d,Enemy_Bokoblin_Guard_Middle,Surface105,Eldin Canyon,0,"['Weapon_Bow_003', 'BokoblinPipe']",1,,,"[1878.06, 511.56, -2456.21]",Table,['Arrow']
175394,MainField,G-2,0x6b039eedbaf8041c,Enemy_Bokoblin_Guard_Middle,Surface105,Eldin Canyon,0,"['Weapon_Bow_003', 'BokoblinPipe']",1,,,"[1852.39, 511.32, -2468.54]",Table,['Arrow']
178478,MainField,G-3,0x20537be2feb99bda,Enemy_Bokoblin_Guard_Middle_TreeHouseTop,Surface66,Eldin Canyon,0,"['Weapon_Bow_003', 'BokoblinPipe']",0,,,"[1986.26, 457.14, -1530.69]",Table,['Arrow']
178479,MainField,G-3,0x043d7e27e8dbf079,Enemy_Bokoblin_Guard_Middle_Cliff,Surface66,Eldin Canyon,0,['Weapon_Bow_003'],0,,,"[1978.9, 434.39, -1567.03]",Table,['Arrow']
178480,MainField,G-3,0xfef0a9ba792957d7,Enemy_Bokoblin_Guard_Middle_TreeHouseTop,Surface66,Eldin Canyon,0,"['Weapon_Bow_003', 'BokoblinPipe']",0,,,"[1964.2, 435.07, -1593.89]",Table,['Arrow']
180359,MainField,G-3,0xc8ce5011fe7e8841,Enemy_Bokoblin_Guard_Middle,Surface66,Eldin Canyon,0,"['Weapon_Bow_003', 'BokoblinPipe', 'FireFruit', 'BokoblinBasket_FireFruit']",0,,,"[1652.41, 484.32, -1834.63]",Table,['Fire']
181298,MainField,G-3,0xa067001ce842ec67,Enemy_Bokoblin_Guard_Middle_Ambush,Surface66,Eldin Canyon,0,['Weapon_Sword_106'],1,,,"[1976.6, 430.55, -1579.45]",Table,['Default']
181311,MainField,G-3,0xc6abc39dcc964ba6,Enemy_Bokoblin_Guard_Middle_Ambush,Surface66,Eldin Canyon,0,['Weapon_Sword_106'],1,,,"[1965.53, 415.23, -1526.34]",Table,['Default']
181819,MainField,G-3,0x84d89350dddf5e3f,Enemy_Bokoblin_Guard_Middle,Surface92,Eldin Canyon,0,"['Weapon_Bow_003', 'BokoblinPipe']",1,,,"[1359.62, 168.71, -1041.85]",Table,['Arrow']
183214,MainField,G-4,0x33ecee800f4f0c57,Enemy_Bokoblin_Guard_Middle,Surface69,Sahasra Slope,0,"['Weapon_Bow_003', 'BokoblinPipe', 'ElectricalFruit', 'BokoblinBasket_ElectricalFruit']",0,,,"[1497.94, 127.19, -376.89]",Table,['Thunder']
184031,MainField,G-4,0xd516f3aae6d8807d,Enemy_Bokoblin_Guard_Middle,Surface69,Sahasra Slope,0,"['Weapon_Bow_003', 'BokoblinPipe', 'ElectricalFruit', 'BokoblinBasket_ElectricalFruit']",0,,,"[1510.64, 134.78, -372.49]",Table,['Thunder']
184197,MainField,G-4,0x9811f0aa59f23743,Enemy_Bokoblin_Guard_Middle,Surface41,Sahasra Slope,0,"['Weapon_Bow_003', 'BokoblinPipe']",0,,,"[1320.9, 162.8, -409.33]",Table,['Arrow']
184214,MainField,G-4,0x497c97c00fc72b3b,Enemy_Bokoblin_Guard_Middle,Surface41,Sahasra Slope,0,"['Weapon_Bow_003', 'BokoblinPipe', 'ElectricalFruit', 'BokoblinBasket_ElectricalFruit']",0,,,"[1190.11, 249.43, -314.88]",Table,['Thunder']
185649,MainField,G-4,0x804a433bdfc938b7,Enemy_Bokoblin_Guard_Middle,Surface92,Upland Zorana,0,"['Weapon_Bow_002', 'BokoblinPipe']",1,,,"[1950.03, 123.04, -605.63]",Table,['Arrow']
185700,MainField,G-4,0x6f821f323786a23b,Enemy_Bokoblin_Guard_Middle,Surface69,Sahasra Slope,0,"['Weapon_Bow_003', 'BokoblinPipe', 'FireFruit']",1,,,"[1959.01, 119.23, -103.71]",Table,['Arrow']
189355,MainField,G-5,0x5ac0d4b029a20a10,Enemy_Bokoblin_Guard_Middle,Surface19,Sahasra Slope,0,"['Weapon_Bow_003', 'BokoblinPipe']",1,,,"[1907.05, 293.14, 738.4]",Table,['Arrow']
194226,MainField,G-6,0x82ae011322e58a24,Enemy_Bokoblin_Guard_Middle,Surface19,Sahasra Slope,0,"['Weapon_Bow_003', 'BokoblinPipe']",1,,,"[1655.26, 332.86, 1184.52]",Table,['Arrow']
196345,MainField,G-7,0xa1ba5d62a693ba89,Enemy_Bokoblin_Guard_Middle,Surface104,Popla Foothills,0,"['Weapon_Bow_003', 'BokoblinPipe', 'ElectricalFruit', 'BokoblinBasket_ElectricalFruit']",0,,,"[1184.67, 254.49, 2664.39]",Table,['Thunder']
196347,MainField,G-7,0xa6512790346fd7e1,Enemy_Bokoblin_Guard_Middle,Surface104,Popla Foothills,0,"['Weapon_Bow_003', 'BokoblinPipe', 'ElectricalFruit', 'BokoblinBasket_ElectricalFruit']",0,,,"[1198.36, 253, 2662.17]",Table,['Thunder']
196839,MainField,G-7,0x5740759db9683af4,Enemy_Bokoblin_Guard_Middle,Surface104,Popla Foothills,0,"['Weapon_Bow_003', 'BokoblinPipe', 'ElectricalFruit', 'BokoblinBasket_ElectricalFruit']",0,,,"[1270.71, 268.89, 2813.85]",Table,['Thunder']
196967,MainField,G-7,0x164f4c9c378067d2,Enemy_Bokoblin_Guard_Middle,Surface49,Sahasra Slope,0,"['Weapon_Bow_003', 'BokoblinPipe', 'ElectricalFruit', 'BokoblinBasket_ElectricalFruit']",0,,,"[1641.26, 126, 2064.64]",Table,['Thunder']
198367,MainField,G-7,0x87f68c535791e3dc,Enemy_Bokoblin_Guard_Middle,Surface49,Rabella Wetlands,0,"['Weapon_Bow_003', 'BokoblinPipe']",1,,,"[1821.14, 137.92, 2294.55]",Table,['Arrow']
198370,MainField,G-7,0x3ee849d20c362fd8,Enemy_Bokoblin_Guard_Middle,Surface59,Popla Foothills,0,"['Weapon_Bow_003', 'BokoblinPipe', 'ElectricalFruit', 'BokoblinBasket_ElectricalFruit']",1,,,"[1724.18, 358.71, 2972.93]",Table,['Thunder']
198526,MainField,G-7,0x5e487d3bdcb8a59a,Enemy_Bokoblin_Guard_Middle,Surface104,Popla Foothills,0,"['Weapon_Bow_003', 'BokoblinPipe']",1,,,"[1445.56, 283.58, 2424.76]",Table,['Arrow']
198729,MainField,G-7,0x81e9dac9fb47a9de,Enemy_Bokoblin_Guard_Middle,Surface104,Popla Foothills,0,"['Weapon_Bow_003', 'BokoblinPipe']",1,,,"[1511, 305.46, 2567.54]",Table,['Arrow']
198739,MainField,G-7,0x3afcea035540e284,Enemy_Bokoblin_Guard_Middle,Surface104,Popla Foothills,0,"['Weapon_Bow_003', 'BokoblinPipe']",1,,,"[1521.74, 307.83, 2583.22]",Table,['Arrow']
198740,MainField,G-7,0x7aaa5766d0d52e1a,Enemy_Bokoblin_Guard_Middle,Surface104,Popla Foothills,0,"['Weapon_Bow_003', 'BokoblinPipe']",1,,,"[1518.18, 307.8, 2579.22]",Table,['Arrow']
204131,MainField,G-8,0x0385d2ca0e67521f,Enemy_Bokoblin_Guard_Middle,Surface59,Popla Foothills,0,"['Weapon_Bow_003', 'BokoblinPipe']",1,,,"[1889.34, 210.99, 3300.08]",Table,['Arrow']
204141,MainField,G-8,0xeadae57f2e8c2bf6,Enemy_Bokoblin_Guard_Middle,Surface59,Popla Foothills,0,"['Weapon_Bow_003', 'BokoblinPipe']",1,,,"[1084.48, 142.46, 3149.72]",Table,['Arrow']
204144,MainField,G-8,0x5d6379b6002a47fe,Enemy_Bokoblin_Guard_Middle,Surface59,Popla Foothills,0,"['Weapon_Bow_003', 'BokoblinPipe']",1,,,"[1054.67, 143.44, 3169.53]",Table,['Arrow']
210467,MainField,H-2,0xa08d5f413817df71,Enemy_Bokoblin_Guard_Middle_Ambush,Surface66,Eldin Canyon,0,['Weapon_Sword_112'],1,,,"[2908.37, 633.84, -2485.22]",Table,['Default']
210710,MainField,H-2,0x85d10985b3dcb7db,Enemy_Bokoblin_Guard_Middle_Ambush,Surface66,Eldin Canyon,0,['Weapon_Sword_112'],1,,,"[2533.82, 631.89, -2222.01]",Table,['Default']
210761,MainField,H-2,0x6c71c4eeb9cd643b,Enemy_Bokoblin_Guard_Middle,Surface105,Eldin Canyon,0,"['Weapon_Bow_003', 'BokoblinPipe']",1,,,"[2129.47, 647.76, -2488.4]",Table,['Arrow']
212925,MainField,H-3,0xbc128c336d383848,Enemy_Bokoblin_Guard_Middle,Surface7,Eldin Canyon,0,"['Weapon_Bow_003', 'BokoblinPipe']",0,,,"[2459.24, 264.68, -1610.67]",Table,['Arrow']
212937,MainField,H-3,0xec0c46fec8f8d57e,Enemy_Bokoblin_Guard_Middle,Surface7,Eldin Canyon,0,"['Weapon_Bow_003', 'BokoblinPipe', 'ElectricalFruit', 'BokoblinBasket_ElectricalFruit']",0,,,"[2349.23, 314.28, -1220.17]",Table,['Thunder']
214420,MainField,H-3,0x6e24eb08f38e5f84,Enemy_Bokoblin_Guard_Middle,Surface2,Ulri Mountain,0,"['Weapon_Bow_003', 'BokoblinPipe']",1,,,"[2974.65, 397.66, -1487.35]",Table,['Arrow']
214421,MainField,H-3,0x175cfd1605c60c28,Enemy_Bokoblin_Guard_Middle_Cliff,Surface2,Ulri Mountain,0,"['Weapon_Sword_103', 'Item_PlantGet_U']",1,,,"[2977.53, 394.07, -1488.98]",Table,['Default']
214422,MainField,H-3,0xac335a1d984c5d6c,Enemy_Bokoblin_Guard_Middle_Cliff,Surface2,Ulri Mountain,0,['Weapon_Bow_003'],1,,,"[2972.8, 392.06, -1481.22]",Table,['Arrow']
217614,MainField,H-4,0x83b926cd4f665de7,Enemy_Bokoblin_Guard_Middle,Surface92,Upland Zorana,0,"['Weapon_Bow_003', 'BokoblinPipe', 'FireFruit', 'BokoblinBasket_FireFruit']",0,,,"[2150.37, 142.87, -442.8]",Table,['Fire']
224071,MainField,H-5,0xd4f663de6857b5c7,Enemy_Bokoblin_Guard_Middle,Surface11,Sahasra Slope,0,"['Weapon_Bow_003', 'BokoblinPipe']",1,,,"[2491.56, 309.64, 809.3]",Table,['Arrow']
224073,MainField,H-5,0xe4bc643f79eb899e,Enemy_Bokoblin_Guard_Middle,Surface11,Sahasra Slope,0,"['Weapon_Bow_003', 'BokoblinPipe']",1,,,"[2488.37, 309.67, 812.79]",Table,['Arrow']
224081,MainField,H-5,0x904afb83b2be3b24,Enemy_Bokoblin_Guard_Middle_Cliff,Surface11,Sahasra Slope,0,['Weapon_Bow_003'],1,,,"[2334.27, 234.67, 407.74]",Table,['Arrow']
224082,MainField,H-5,0xf8485c1cab5e58b0,Enemy_Bokoblin_Guard_Middle_TreeHouseTop,Surface11,Sahasra Slope,0,"['Weapon_Bow_003', 'BokoblinPipe', 'FireFruit', 'BokoblinBasket_FireFruit']",1,,,"[2344.38, 243.06, 359.55]",Table,['Fire']
224085,MainField,H-5,0xc1361934f3c74979,Enemy_Bokoblin_Guard_Middle_Cliff,Surface11,Sahasra Slope,0,['Weapon_Bow_003'],1,,,"[2344, 234.67, 401]",Table,['Arrow']
224086,MainField,H-5,0x9f5e1d06a8499160,Enemy_Bokoblin_Guard_Middle_Cliff,Surface11,Sahasra Slope,0,['Weapon_Bow_003'],1,,,"[2345.5, 234.67, 394]",Table,['Arrow']
224089,MainField,H-5,0xcfaf90697a2c9197,Enemy_Bokoblin_Guard_Middle_Cliff,Surface11,Sahasra Slope,0,['Weapon_Bow_003'],1,,,"[2341.35, 234.67, 404.7]",Table,['Arrow']
226311,MainField,H-6,0x380e5369354dfe7a,Enemy_Bokoblin_Guard_Middle_Ambush,Surface13,Sahasra Slope,0,"['Weapon_Bow_003', 'BokoblinPipe']",0,,,"[2209.1, 386.54, 1021.5]",Table,['Arrow']
226321,MainField,H-6,0x80458b8802188616,Enemy_Bokoblin_Guard_Middle_Ambush,Surface13,Sahasra Slope,0,"['Weapon_Bow_003', 'BokoblinPipe']",0,,,"[2220, 387.04, 1014]",Table,['Arrow']
227604,MainField,H-6,0x39d3212a69416faa,Enemy_Bokoblin_Guard_Middle,Surface13,Mount Lanayru,0,"['Weapon_Bow_003', 'BokoblinPipe']",1,,,"[2532.91, 122.45, 1828.15]",Table,['Arrow']
227708,MainField,H-6,0x4fd626b3f56256a0,Enemy_Bokoblin_Guard_Middle,Surface13,Sahasra Slope,0,"['Weapon_Bow_003', 'BokoblinPipe']",1,,,"[2356.14, 266.03, 1334.14]",Table,['Arrow']
227900,MainField,H-6,0x4ee9bcdd76610032,Enemy_Bokoblin_Guard_Middle,Surface13,Sahasra Slope,0,"['Weapon_Bow_003', 'BokoblinPipe', 'ElectricalFruit', 'BokoblinBasket_ElectricalFruit']",1,,,"[2379.99, 205.36, 1563.01]",Table,['Thunder']
230684,MainField,H-7,0x1f3e6f43920807f9,Enemy_Bokoblin_Guard_Middle,Surface61,Rabella Wetlands,0,"['Weapon_Bow_003', 'BokoblinPipe', 'ElectricalFruit', 'BokoblinBasket_ElectricalFruit']",0,,,"[2594.12, 347.49, 2765.54]",Table,['Thunder']
232476,MainField,H-7,0xc8d48ee5b2eda4f5,Enemy_Bokoblin_Guard_Middle,Surface104,Rabella Wetlands,0,"['Weapon_Bow_003', 'BokoblinPipe']",1,,,"[2041.81, 417.91, 2745.54]",Table,['Arrow']
232479,MainField,H-7,0xa3a3c618bf981836,Enemy_Bokoblin_Guard_Middle,Surface61,Rabella Wetlands,0,"['Weapon_Bow_003', 'BokoblinPipe']",1,,,"[2764.11, 327.5, 2574.03]",Table,['Arrow']
232706,MainField,H-7,0x1cd97dfef99d61c2,Enemy_Bokoblin_Guard_Middle_Ambush,Surface13,Rabella Wetlands,0,['Weapon_Sword_103'],1,,,"[2773.59, 208.34, 2272.15]",Table,['Default']
232708,MainField,H-7,0xc368b33e77bbc6a7,Enemy_Bokoblin_Guard_Middle_TreeHouseTop,Surface13,Rabella Wetlands,0,"['Weapon_Bow_003', 'BokoblinPipe']",1,,,"[2773.89, 216.67, 2270.71]",Table,['Arrow']
232781,MainField,H-7,0x9ed8937d6b8e5537,Enemy_Bokoblin_Guard_Middle,Surface13,Rabella Wetlands,0,"['Weapon_Bow_003', 'BokoblinPipe', 'ElectricalFruit', 'BokoblinBasket_ElectricalFruit']",1,,,"[2754.62, 216.06, 2217]",Table,['Thunder']
234824,MainField,H-8,0x884e31e01c366868,Enemy_Bokoblin_Guard_Middle,Surface61,Rabella Wetlands,0,"['Weapon_Bow_003', 'BokoblinPipe']",0,,,"[2286.29, 163.45, 3259.09]",Table,['Arrow']
234845,MainField,H-8,0xadab59d33e79ef68,Enemy_Bokoblin_Guard_Middle,Surface61,Rabella Wetlands,0,"['Weapon_Bow_003', 'BokoblinPipe']",0,,,"[2960.04, 281.51, 3139.54]",Table,['Arrow']
236332,MainField,H-8,0xe640daceb5980007,Enemy_Bokoblin_Guard_Middle_TreeHouseTop,Surface62,Rabella Wetlands,0,"['Weapon_Bow_003', 'BokoblinPipe']",1,,,"[2850.69, 109.99, 3447.92]",Table,['Arrow']
236334,MainField,H-8,0x0b9c7c6b42884380,Enemy_Bokoblin_Guard_Middle,Surface62,Rabella Wetlands,0,"['Weapon_Bow_003', 'BokoblinPipe']",1,,,"[2901.19, 112.39, 3415.15]",Table,['Arrow']
236345,MainField,H-8,0x6419772f8fbecfd6,Enemy_Bokoblin_Guard_Middle,Surface62,Rabella Wetlands,0,"['Weapon_Bow_003', 'BokoblinPipe']",1,,,"[2981.45, 107.58, 3442.43]",Table,['Arrow']
236349,MainField,H-8,0x009af90aea796b52,Enemy_Bokoblin_Guard_Middle,Surface62,Rabella Wetlands,0,"['Weapon_Bow_003', 'BokoblinPipe']",1,,,"[2958.14, 113.23, 3395.89]",Table,['Arrow']
236790,MainField,H-8,0xada20d0b2f1e0ad5,Enemy_Bokoblin_Guard_Middle,Surface59,Rabella Wetlands,0,"['Weapon_Bow_003', 'BokoblinPipe']",1,,,"[2026.05, 309.18, 3275.55]",Table,['Arrow']
241426,MainField,I-2,0xdda8bbb905691fb9,Enemy_Bokoblin_Guard_Middle_TreeHouseTop,Surface7,Ulri Mountain,0,"['Weapon_Bow_003', 'BokoblinPipe']",0,,,"[3299.37, 383.89, -2815.64]",Table,['Arrow']
242039,MainField,I-2,0x545dbb7478d6a218,Enemy_Bokoblin_Guard_Middle,Surface20,Ulri Mountain,0,"['Weapon_Bow_003', 'BokoblinPipe', 'FireFruit', 'BokoblinBasket_FireFruit']",0,,,"[3846.65, 164.14, -2776.18]",Table,['Fire']
242051,MainField,I-2,0xcdd92863e86f0854,Enemy_Bokoblin_Guard_Middle,Surface20,Ulri Mountain,0,"['Weapon_Bow_003', 'BokoblinPipe', 'ElectricalFruit', 'BokoblinBasket_ElectricalFruit']",0,,,"[3908, 219.43, -2953.34]",Table,['Thunder']
242081,MainField,I-2,0xf0dae05e7257d8f3,Enemy_Bokoblin_Guard_Middle,Surface2,Ulri Mountain,0,"['Weapon_Bow_003', 'BokoblinPipe', 'FireFruit', 'BokoblinBasket_FireFruit']",0,,,"[3698.1, 185.87, -2380.9]",Table,['Fire']
247427,MainField,I-3,0xe309fa7a9a082c6b,Enemy_Bokoblin_Guard_Middle,Surface17,Eldin Canyon,0,"['Weapon_Bow_003', 'BokoblinPipe']",1,,,"[2997.5, 386.96, -1202.5]",Table,['Arrow']
247428,MainField,I-3,0xa8d577d9801815d8,Enemy_Bokoblin_Guard_Middle,Surface2,Eldin Canyon,0,"['Weapon_Bow_003', 'BokoblinPipe']",1,,,"[3015.5, 386.96, -1201]",Table,['Arrow']
247653,MainField,I-3,0x0f3ec70dd285b248,Enemy_Bokoblin_Guard_Middle_Cliff,Surface33,Upland Zorana,0,['Weapon_Bow_003'],1,,,"[3953.58, 352.53, -1185.46]",Table,['Arrow']
247654,MainField,I-3,0x50e8734a25bd7b55,Enemy_Bokoblin_Guard_Middle,Surface33,Upland Zorana,0,"['Weapon_Bow_003', 'BokoblinPipe']",1,,,"[3950.85, 356.22, -1187.31]",Table,['Arrow']
247655,MainField,I-3,0x3edddba325aa1657,Enemy_Bokoblin_Guard_Middle_Cliff,Surface33,Upland Zorana,0,['BokoblinBasket_FireFruit'],1,,,"[3944.26, 350.57, -1185.67]",Table,['Default']
248033,MainField,I-3,0x2570ea9db051384b,Enemy_Bokoblin_Guard_Middle,Surface33,Ulri Mountain,0,"['Weapon_Bow_003', 'BokoblinPipe']",1,,,"[3810.28, 203.81, -1822.48]",Table,['Arrow']
258175,MainField,I-6,0xf02d52499de9a1c9,Enemy_Bokoblin_Guard_Middle,Surface13,Mount Lanayru,0,"['Weapon_Bow_003', 'BokoblinPipe']",0,,,"[3096.3, 337.3, 1251.77]",Table,['Arrow']
259789,MainField,I-6,0xc6badd9eca1b3fa7,Enemy_Bokoblin_Guard_Middle,Surface13,Mount Lanayru,0,"['Weapon_Bow_003', 'BokoblinPipe']",1,,,"[3192.33, 179, 1895.12]",Table,['Arrow']
260049,MainField,I-6,0xf47a36aa2e27b84b,Enemy_Bokoblin_Guard_Middle,Surface13,Mount Lanayru,0,"['Weapon_Bow_003', 'BokoblinPipe']",1,,,"[3148.65, 302.89, 1531.44]",Table,['Arrow']
264537,MainField,I-7,0x69812bc9450cc63c,Enemy_Bokoblin_Guard_Middle,Surface13,Rabella Wetlands,0,"['Weapon_Bow_003', 'BokoblinPipe']",1,,,"[3081.18, 227.64, 2390.96]",Table,['Arrow']
268103,MainField,I-8,0x86e8b1bc313d6496,Enemy_Bokoblin_Guard_Middle,Surface61,Rabella Wetlands,0,"['Weapon_Bow_003', 'BokoblinPipe']",1,,,"[3344.41, 284.11, 3245.18]",Table,['Arrow']
268134,MainField,I-8,0x6f993985ec35685a,Enemy_Bokoblin_Guard_Middle,Surface61,Rabella Wetlands,0,"['Weapon_Bow_003', 'BokoblinPipe']",1,,,"[3356.1, 283.62, 3225.14]",Table,['Arrow']
268217,MainField,I-8,0xbc1fda212ec0adbd,Enemy_Bokoblin_Guard_Middle_Cliff,Surface61,Rabella Wetlands,0,['Weapon_Bow_003'],1,,,"[3277.77, 136.92, 3412.08]",Table,['Arrow']
268218,MainField,I-8,0xe78b2e6e52d94879,Enemy_Bokoblin_Guard_Middle,Surface61,Rabella Wetlands,0,"['Weapon_Bow_003', 'BokoblinPipe']",1,,,"[3275.84, 140.62, 3409.41]",Table,['Arrow']
268219,MainField,I-8,0x6138b4cf6a6cf97f,Enemy_Bokoblin_Guard_Middle_Cliff,Surface61,Rabella Wetlands,0,['BokoblinBasket_FireFruit'],1,,,"[3269.09, 134.97, 3408.69]",Table,['Default']
270077,MainField,J-1,0xc5c1f32995889e3e,Enemy_Bokoblin_Guard_Middle,Surface20,Ulri Mountain,0,"['Weapon_Bow_003', 'BokoblinPipe']",1,,,"[4213.48, 306.5, -3289.45]",Table,['Arrow']
272625,MainField,J-2,0x30ef81e04fc1d5c1,Enemy_Bokoblin_Guard_Middle,Surface2,Ulri Mountain,0,"['Weapon_Bow_003', 'BokoblinPipe', 'FireFruit', 'BokoblinBasket_FireFruit']",1,,,"[4181.95, 128.26, -2226.53]",Table,['Fire']
272626,MainField,J-2,0xf11a3700e939b3ca,Enemy_Bokoblin_Guard_Middle_Cliff,Surface2,Ulri Mountain,0,"['Weapon_Bow_003', 'FireFruit', 'BokoblinBasket_FireFruit']",1,,,"[4184.88, 124.67, -2228.65]",Table,['Fire']
272627,MainField,J-2,0xbc71abf2c1f6ccdb,Enemy_Bokoblin_Guard_Middle_Cliff,Surface2,Ulri Mountain,0,"['BombFruit', 'BokoblinBasket_BombFruit']",1,,,"[4183.58, 122.66, -2220.16]",Table,['Default']
272630,MainField,J-2,0xd0a34c7e98149aee,Enemy_Bokoblin_Guard_Middle_Cliff,Surface2,Ulri Mountain,0,"['BombFruit', 'BokoblinBasket_BombFruit']",1,,,"[4187.41, 123.65, -2230.97]",Table,['Default']
272631,MainField,J-2,0xc6eb4f4ee9fca7e0,Enemy_Bokoblin_Guard_Middle_Cliff,Surface2,Ulri Mountain,0,"['Weapon_Bow_003', 'FireFruit', 'BokoblinBasket_FireFruit']",1,,,"[4183.12, 124.18, -2222.82]",Table,['Fire']
272667,MainField,J-2,0x3b84fea14ff28662,Enemy_Bokoblin_Guard_Middle,Surface54,Ulri Mountain,0,"['Weapon_Bow_003', 'BokoblinPipe']",1,,,"[4766.17, 121.6, -2782.26]",Table,['Arrow']
272673,MainField,J-2,0x287819e6dca4fb20,Enemy_Bokoblin_Guard_Middle_TreeHouseTop,Surface54,Ulri Mountain,0,"['Weapon_Bow_002', 'BokoblinPipe', 'FireFruit', 'BokoblinBasket_FireFruit']",1,,,"[4823.28, 133.19, -2756.94]",Table,['Fire']
272748,MainField,J-2,0xceeab02b4ae62ea6,Enemy_Bokoblin_Guard_Middle_TreeHouseTop,Surface2,Ulri Mountain,0,"['Weapon_Bow_002', 'BokoblinPipe']",1,,,"[4133.14, 173.27, -2007.29]",Table,['Arrow']
273594,MainField,J-3,0xcbcfb7b9d91b7622,Enemy_Bokoblin_Guard_Middle,Surface2,Ulri Mountain,0,"['Weapon_Bow_003', 'BokoblinPipe']",0,,,"[4237.51, 216.89, -1797.26]",Table,['Arrow']
276675,MainField,J-4,0xbece912cab8fc81a,Enemy_Bokoblin_Guard_Middle_TreeHouseTop,Surface85,Upland Zorana,0,"['Weapon_Bow_003', 'BokoblinPipe']",1,,,"[4163.17, 440.25, -105.97]",Table,['Arrow']
276859,MainField,J-4,0x0eb4179cc8ff38c1,Enemy_Bokoblin_Guard_Middle_TreeHouseTop,Surface85,Upland Zorana,0,"['Weapon_Bow_003', 'BokoblinPipe', 'ElectricalFruit', 'BokoblinBasket_ElectricalFruit']",1,,,"[4219.42, 439.63, -96.42]",Table,['Thunder']
276860,MainField,J-4,0x914cd03bc40f638c,Enemy_Bokoblin_Guard_Middle,Surface85,Upland Zorana,0,"['Weapon_Bow_003', 'BokoblinPipe']",1,,,"[4143.1, 431.37, -149.5]",Table,['Arrow']
281543,MainField,J-8,0x3bc17bd4e8d387d6,Enemy_Bokoblin_Guard_Middle,Surface28,Rabella Wetlands,0,"['Weapon_Bow_003', 'BokoblinPipe', 'FireFruit', 'BokoblinBasket_FireFruit']",1,,,"[4485.17, 148.49, 3757.26]",Table,['Fire']
281553,MainField,J-8,0x7794939a012eb876,Enemy_Bokoblin_Guard_Middle_Ambush,Surface28,Rabella Wetlands,0,['Weapon_Sword_108'],1,,,"[4427.13, 129.5, 3731.38]",Table,['Default']
281561,MainField,J-8,0x19471157e794fbc6,Enemy_Bokoblin_Guard_Middle,Surface28,Rabella Wetlands,0,"['Weapon_Bow_003', 'IceFruit', 'BokoblinBasket_IceFruit']",1,,,"[4596.5, 158.36, 3538.5]",Table,['Ice']
281562,MainField,J-8,0x2413a1db4f09ae0c,Enemy_Bokoblin_Guard_Middle,Surface28,Rabella Wetlands,0,"['Weapon_Bow_003', 'IceFruit', 'BokoblinBasket_IceFruit']",1,,,"[4601, 143.57, 3499]",Table,['Ice']
281571,MainField,J-8,0x165ef94fcee5f1ec,Enemy_Bokoblin_Guard_Middle_Ambush,Surface28,Rabella Wetlands,0,['Weapon_Bow_003'],1,,,"[4601.45, 161.07, 3707.58]",Table,['Arrow']
281575,MainField,J-8,0x9c0747a34ad28620,Enemy_Bokoblin_Guard_Middle_TreeHouseTop,Surface28,Rabella Wetlands,0,"['Weapon_Bow_003', 'BokoblinPipe', 'ElectricalFruit', 'BokoblinBasket_ElectricalFruit']",1,,,"[4651.26, 167.76, 3721.89]",Table,['Thunder']
281597,MainField,J-8,0x4914c1174716d156,Enemy_Bokoblin_Guard_Middle,Surface28,Rabella Wetlands,0,"['Weapon_Bow_003', 'BokoblinPipe', 'FireFruit', 'BokoblinBasket_FireFruit']",1,,,"[4473.88, 148.49, 3761]",Table,['Fire']
525045,MainField,Cave__Cave_Eldin_0023_GroupSet_000 ,0xf790da009440041f,Enemy_Bokoblin_Guard_Middle_TreeHouseTop,Cave67,,0,"['Weapon_Spear_112', 'BokoblinPipe']",1,,,"[1640.44, 359.86, -2980.85]",Table,['Default']
525085,MainField,Cave__Cave_Eldin_0023_GroupSet_000 ,0xd7e303d6f6798365,Enemy_Bokoblin_Guard_Middle_Ambush,Cave67,,0,['Weapon_Sword_106'],1,,,"[1644.43, 358.46, -2987.08]",Table,['Default']
535078,MainField,Cave__Cave_HateruEast_0002_GroupSet_000 ,0x5a9b1114f018a4f0,Enemy_Bokoblin_Guard_Middle_Ambush,Cave61,,0,['Weapon_Bow_003'],0,,,"[1874.16, 223.93, 2733.31]",Table,['Arrow']
535082,MainField,Cave__Cave_HateruEast_0002_GroupSet_000 ,0x14e2f16b044683f3,Enemy_Bokoblin_Guard_Middle_Ambush,Cave61,,0,['Weapon_Bow_003'],0,,,"[1858.12, 223.48, 2711.1]",Table,['Arrow']
535493,MainField,Cave__Cave_HateruEast_0002_GroupSet_000 ,0x832288e4173773d1,Enemy_Bokoblin_Guard_Middle,Cave59,,0,"['Weapon_Sword_108', 'BokoblinPipe']",1,,,"[1835.31, 186.91, 2872.65]",Table,['Default']
535494,MainField,Cave__Cave_HateruEast_0002_GroupSet_000 ,0xea3844a6f36805de,Enemy_Bokoblin_Guard_Middle,Cave61,,0,['Weapon_Bow_003'],1,,,"[1899.37, 186.02, 2732.44]",Table,['Arrow']
535505,MainField,Cave__Cave_HateruEast_0002_GroupSet_000 ,0x0ed294027145703a,Enemy_Bokoblin_Guard_Middle_Ambush,Cave61,,0,['Weapon_Bow_003'],1,,,"[1828.76, 213.95, 2798.39]",Table,['Arrow']
535506,MainField,Cave__Cave_HateruEast_0002_GroupSet_000 ,0xa390b1768e52d403,Enemy_Bokoblin_Guard_Middle,Cave61,,0,['Weapon_Bow_003'],1,,,"[1838.3, 209.89, 2790.81]",Table,['Arrow']
535515,MainField,Cave__Cave_HateruEast_0002_GroupSet_000 ,0x9cf26f55814fd2bd,Enemy_Bokoblin_Guard_Middle_Ambush,Cave61,,0,['Weapon_Bow_003'],1,,,"[1904.34, 203.19, 2840.03]",Table,['Arrow']
535528,MainField,Cave__Cave_HateruEast_0002_GroupSet_000 ,0xbf930daea31cf956,Enemy_Bokoblin_Guard_Middle,Cave61,,0,['Weapon_Bow_003'],1,,,"[1850.94, 186.46, 2751.56]",Table,['Arrow']
535529,MainField,Cave__Cave_HateruEast_0002_GroupSet_000 ,0xeb20cc9b7c4b140f,Enemy_Bokoblin_Guard_Middle,Cave61,,0,['Weapon_Bow_003'],1,,,"[1884.63, 188.95, 2739.18]",Table,['Arrow']
535533,MainField,Cave__Cave_HateruEast_0002_GroupSet_000 ,0x5a1e8baf560df4f9,Enemy_Bokoblin_Guard_Middle,Cave61,,0,['Weapon_Bow_003'],1,,,"[1868.62, 189.23, 2756.42]",Table,['Arrow']
536694,MainField,Cave__Cave_HateruEast_0013_GroupSet_000 ,0x1ccc28605243840e,Enemy_Bokoblin_Guard_Middle_TreeHouseTop,Cave28,,0,"['Weapon_Bow_003', 'BokoblinPipe']",1,,,"[4690.46, 121.97, 3716.29]",Table,['Arrow']
536695,MainField,Cave__Cave_HateruEast_0013_GroupSet_000 ,0x251e3eafd0cc06d9,Enemy_Bokoblin_Guard_Middle_TreeHouseTop,Cave28,,0,"['Weapon_Bow_003', 'BokoblinPipe']",1,,,"[4668.38, 121.94, 3761.38]",Table,['Arrow']
536721,MainField,Cave__Cave_HateruEast_0013_GroupSet_000 ,0x71796b733febd041,Enemy_Bokoblin_Guard_Middle,Cave28,,0,"['Weapon_Bow_003', 'BokoblinPipe']",1,,,"[4704.37, 121.94, 3718.82]",Table,['Arrow']
536733,MainField,Cave__Cave_HateruEast_0013_GroupSet_000 ,0x27be731805b21542,Enemy_Bokoblin_Guard_Middle,Cave28,,0,"['Weapon_Sword_108', 'Weapon_Shield_005', 'BokoblinPipe']",1,,,"[4672.75, 107.77, 3766.63]",Table,['Default']
536734,MainField,Cave__Cave_HateruEast_0013_GroupSet_000 ,0x1f7a15e4da4de9a5,Enemy_Bokoblin_Guard_Middle_TreeHouseTop,Cave28,,0,"['Weapon_Bow_003', 'BokoblinPipe', 'ElectricalFruit', 'BokoblinBasket_ElectricalFruit']",1,,,"[4673.14, 133.2, 3735.94]",Table,['Thunder']
544240,MainField,Cave__Cave_Lanayru_0024_GroupSet_000 ,0x4611fc82fa39b44d,Enemy_Bokoblin_Guard_Middle,Cave69,,0,"['Weapon_Bow_003', 'BokoblinPipe']",1,,,"[2239.39, 173.61, -105.56]",Table,['Arrow']
550577,MainField,Castle__Set_HyruleCastle_IslandGround_A ,0xb73e21fc7f47e8bd,Enemy_Bokoblin_Guard_Middle,Surface79,Lookout Landing,0,"['Weapon_Bow_003', 'BokoblinPipe']",0,,,"[-306.47, 436.84, -967.58]",Table,['Arrow']
550578,MainField,Castle__Set_HyruleCastle_IslandGround_A ,0x74d067dc825d6d6b,Enemy_Bokoblin_Guard_Middle,Surface79,Lookout Landing,0,"['Weapon_Bow_003', 'BokoblinPipe']",0,,,"[-321.71, 437.65, -967.21]",Table,['Arrow']
550579,MainField,Castle__Set_HyruleCastle_IslandGround_A ,0xabd27b1f015d576f,Enemy_Bokoblin_Guard_Middle,Surface79,Lookout Landing,0,"['Weapon_Bow_003', 'BokoblinPipe']",0,,,"[-210.02, 443.86, -968.16]",Table,['Arrow']
283266,MinusField,A-1,0x500f46ca7f9c53e6,Enemy_Bokoblin_Guard_Middle,Depths39,,0,"['Weapon_Bow_003', 'BokoblinPipe']",1,,,"[-4157.29, -739.52, -3578.45]",Table,['Minus_Arrow']
283267,MinusField,A-1,0xebaea17fd2c843ff,Enemy_Bokoblin_Guard_Middle,Depths39,,0,"['Weapon_Bow_003', 'BokoblinPipe']",1,,,"[-4142.45, -739.59, -3593.59]",Table,['Minus_Arrow']
283277,MinusField,A-1,0xc6f7cd1ac72af23e,Enemy_Bokoblin_Guard_Middle,Depths3,,0,"['Weapon_Bow_003', 'BokoblinPipe']",1,,,"[-4624.39, -565.73, -3282.55]",Table,['Minus_Arrow']
283278,MinusField,A-1,0x519723c2cbf90026,Enemy_Bokoblin_Guard_Middle,Depths3,,0,"['Weapon_Bow_003', 'BokoblinPipe']",1,,,"[-4623.33, -565.79, -3261.39]",Table,['Minus_Arrow']
284761,MinusField,A-2,0xd5d0c3d8364d3018,Enemy_Bokoblin_Guard_Middle,Depths3,,0,"['Weapon_Bow_003', 'BokoblinPipe']",1,,,"[-3931.5, -655.46, -3181.18]",Table,['Minus_Arrow']
284762,MinusField,A-2,0x41322c70551ae36b,Enemy_Bokoblin_Guard_Middle,Depths3,,0,"['Weapon_Bow_003', 'BokoblinPipe']",1,,,"[-3944.52, -655.53, -3164.46]",Table,['Minus_Arrow']
284772,MinusField,A-2,0x0a60c41c6610e486,Enemy_Bokoblin_Guard_Middle,Depths3,,0,"['Weapon_Bow_003', 'BokoblinPipe']",1,,,"[-4014.08, -406.36, -2863.55]",Table,['Minus_Arrow']
284773,MinusField,A-2,0xac8ce06d123f324e,Enemy_Bokoblin_Guard_Middle,Depths3,,0,"['Weapon_Bow_003', 'BokoblinPipe']",1,,,"[-4028.64, -406.43, -2878.95]",Table,['Minus_Arrow']
284783,MinusField,A-2,0xb4f70a30c09199fb,Enemy_Bokoblin_Guard_Middle,Depths3,,0,"['Weapon_Bow_003', 'BokoblinPipe']",1,,,"[-4537.58, -451.16, -2402.66]",Table,['Minus_Arrow']
284784,MinusField,A-2,0x3dd6de6878aeadea,Enemy_Bokoblin_Guard_Middle,Depths3,,0,"['Weapon_Bow_003', 'BokoblinPipe']",1,,,"[-4517.79, -451.23, -2410.23]",Table,['Minus_Arrow']
285470,MinusField,A-3,0x948b716294e31232,Enemy_Bokoblin_Guard_Middle_Cliff,Depths42,,0,['Weapon_Bow_003'],1,,,"[-4386.14, -454.72, -1939.15]",Table,['Minus_Arrow']
285472,MinusField,A-3,0x201831e27734b2da,Enemy_Bokoblin_Guard_Middle,Depths42,,0,"['Weapon_Bow_003', 'BokoblinPipe']",1,,,"[-4392.91, -449.08, -1937.05]",Table,['Minus_Arrow']
285475,MinusField,A-3,0xd841ade0fa24d5fd,Enemy_Bokoblin_Guard_Middle_Cliff,Depths42,,0,['Weapon_Bow_003'],1,,,"[-4395.8, -452.78, -1938.66]",Table,['Minus_Arrow']
285510,MinusField,A-3,0xc1c8a3231b07ca60,Enemy_Bokoblin_Guard_Middle,Depths42,,0,"['Weapon_Bow_003', 'BokoblinPipe']",1,,,"[-3983.9, -504.8, -1736.49]",Table,['Minus_Arrow']
285511,MinusField,A-3,0xdd2e58cbb0594058,Enemy_Bokoblin_Guard_Middle,Depths42,,0,"['Weapon_Bow_003', 'BokoblinPipe']",1,,,"[-3992.71, -504.79, -1755.79]",Table,['Minus_Arrow']
286012,MinusField,A-4,0x2bde4165d9022480,Enemy_Bokoblin_Guard_Middle,Depths100,,0,"['Weapon_Bow_003', 'BokoblinPipe']",1,,,"[-4023.25, -467.38, -573.32]",Table,['Minus_Arrow']
286013,MinusField,A-4,0xd6dddd55f66e26b8,Enemy_Bokoblin_Guard_Middle,Depths100,,0,"['Weapon_Bow_003', 'BokoblinPipe']",1,,,"[-4036.59, -467.37, -589.81]",Table,['Minus_Arrow']
287235,MinusField,A-5,0x1286942e7c6a311b,Enemy_Bokoblin_Guard_Middle,Depths0,,0,"['Weapon_Bow_003', 'BokoblinPipe']",0,,,"[-4895.47, -979.24, 890.55]",Table,['Minus_Arrow']
288488,MinusField,A-5,0x4128d5d2714a73fd,Enemy_Bokoblin_Guard_Middle,Depths0,,0,"['Weapon_Bow_003', 'BokoblinPipe', 'FireFruit', 'BokoblinBasket_FireFruit']",1,,,"[-4234.1, -796.55, 418.26]",Table,['Minus_Arrow']
288496,MinusField,A-5,0x886e814d5a3a4ad6,Enemy_Bokoblin_Guard_Middle,Depths0,,0,"['Weapon_Bow_003', 'BokoblinPipe', 'FireFruit', 'BokoblinBasket_FireFruit']",1,,,"[-4187.35, -796.06, 439.32]",Table,['Minus_Arrow']
288558,MinusField,A-5,0x28cfc8257646f559,Enemy_Bokoblin_Guard_Middle,Depths0,,0,"['Weapon_Bow_003', 'BokoblinPipe']",1,,,"[-4620.44, -961.03, 309.99]",Table,['Minus_Arrow']
288559,MinusField,A-5,0xbfaee48c2a592d19,Enemy_Bokoblin_Guard_Middle,Depths0,,0,"['Weapon_Bow_003', 'BokoblinPipe']",1,,,"[-4632.63, -961.02, 292.66]",Table,['Minus_Arrow']
288569,MinusField,A-5,0xbd27ab7cd9348cb0,Enemy_Bokoblin_Guard_Middle,Depths0,,0,"['Weapon_Bow_003', 'BokoblinPipe']",1,,,"[-4550.95, -840.56, 752.1]",Table,['Minus_Arrow']
288570,MinusField,A-5,0x3646c2af41688640,Enemy_Bokoblin_Guard_Middle,Depths0,,0,"['Weapon_Bow_003', 'BokoblinPipe']",1,,,"[-4531.05, -840.63, 759.4]",Table,['Minus_Arrow']
288580,MinusField,A-5,0x57fb96ce6a2feb5f,Enemy_Bokoblin_Guard_Middle,Depths0,,0,"['Weapon_Bow_003', 'BokoblinPipe']",1,,,"[-4468.4, -893.32, 395.97]",Table,['Minus_Arrow']
288581,MinusField,A-5,0xef9a5962a7782817,Enemy_Bokoblin_Guard_Middle,Depths0,,0,"['Weapon_Bow_003', 'BokoblinPipe']",1,,,"[-4489.3, -893.39, 392.48]",Table,['Minus_Arrow']
288591,MinusField,A-5,0x5310d1e43eaa4246,Enemy_Bokoblin_Guard_Middle,Depths0,,0,"['Weapon_Bow_003', 'BokoblinPipe']",1,,,"[-4365.63, -852.69, 630.77]",Table,['Minus_Arrow']
288592,MinusField,A-5,0xdcad9f87c253b3a9,Enemy_Bokoblin_Guard_Middle,Depths0,,0,"['Weapon_Bow_003', 'BokoblinPipe']",1,,,"[-4379.52, -852.76, 614.75]",Table,['Minus_Arrow']
290059,MinusField,A-6,0xe001fab80a056e23,Enemy_Bokoblin_Guard_Middle,Depths21,,0,"['Weapon_Bow_003', 'BokoblinPipe']",0,,,"[-4607.31, -359.28, 1825.39]",Table,['Minus_Arrow']
290089,MinusField,A-6,0xaace7196dba5ce54,Enemy_Bokoblin_Guard_Middle,Depths72,,0,"['Weapon_Bow_003', 'BokoblinPipe']",0,,,"[-4208.76, -384.47, 2038.93]",Table,['Minus_Arrow']
290155,MinusField,A-6,0xa4eba050f6827949,Enemy_Bokoblin_Guard_Middle,Depths4,,0,"['Weapon_Bow_003', 'BokoblinPipe']",0,,,"[-4711.33, -694.33, 1581.24]",Table,['Minus_Arrow']
291737,MinusField,A-6,0xc894d72d203ca5ac,Enemy_Bokoblin_Guard_Middle_TreeHouseTop,Depths4,,0,"['Weapon_Bow_003', 'BokoblinPipe', 'FireFruit', 'BokoblinBasket_FireFruit']",1,,,"[-4161.56, -550.59, 1800.52]",Table,['Minus_Arrow']
291801,MinusField,A-6,0x2c9e1722f0ae3cdf,Enemy_Bokoblin_Guard_Middle,Depths4,,0,"['Weapon_Bow_003', 'BokoblinPipe', 'FireFruit', 'BokoblinBasket_FireFruit']",1,,,"[-4278.77, -637.02, 1490.34]",Table,['Minus_Arrow']
291813,MinusField,A-6,0x1585303b46dc0d83,Enemy_Bokoblin_Guard_Middle,Depths0,,0,"['Weapon_Bow_003', 'BokoblinPipe']",1,,,"[-4461.34, -854.32, 1216.24]",Table,['Minus_Arrow']
291814,MinusField,A-6,0x9d20f7ee5a297134,Enemy_Bokoblin_Guard_Middle,Depths0,,0,"['Weapon_Bow_003', 'BokoblinPipe']",1,,,"[-4473.08, -854.39, 1233.89]",Table,['Minus_Arrow']
291824,MinusField,A-6,0xd1df3faefb2142df,Enemy_Bokoblin_Guard_Middle,Depths0,,0,"['Weapon_Bow_003', 'BokoblinPipe']",1,,,"[-4109.41, -760.82, 1266.54]",Table,['Minus_Arrow']
291825,MinusField,A-6,0x58bf4dfd570350d6,Enemy_Bokoblin_Guard_Middle,Depths0,,0,"['Weapon_Bow_003', 'BokoblinPipe']",1,,,"[-4130.28, -760.88, 1270.26]",Table,['Minus_Arrow']
294318,MinusField,A-7,0xcdf67f3834d11688,Enemy_Bokoblin_Guard_Middle,Depths72,,0,"['Weapon_Bow_003', 'BokoblinPipe', 'FireFruit', 'BokoblinBasket_FireFruit']",1,,,"[-4109.1, -386.14, 2838.66]",Table,['Minus_Arrow']
294326,MinusField,A-7,0x0b0f3317195fb474,Enemy_Bokoblin_Guard_Middle,Depths21,,0,"['Weapon_Bow_003', 'BokoblinPipe', 'FireFruit', 'BokoblinBasket_FireFruit']",1,,,"[-4145.77, -385.65, 2803.19]",Table,['Minus_Arrow']
294361,MinusField,A-7,0x14117bf865a49f46,Enemy_Bokoblin_Guard_Middle,Depths21,,0,"['Weapon_Bow_003', 'BokoblinPipe']",1,,,"[-4666.22, -370.48, 2396.61]",Table,['Minus_Arrow']
294362,MinusField,A-7,0x775b13cf43899f2d,Enemy_Bokoblin_Guard_Middle,Depths21,,0,"['Weapon_Bow_003', 'BokoblinPipe']",1,,,"[-4655.22, -370.47, 2414.74]",Table,['Minus_Arrow']
294372,MinusField,A-7,0xea036ed56554ccde,Enemy_Bokoblin_Guard_Middle,Depths21,,0,"['Weapon_Bow_003', 'BokoblinPipe']",1,,,"[-4350.69, -389.71, 2199.05]",Table,['Minus_Arrow']
294373,MinusField,A-7,0xff15efc95ed0ad45,Enemy_Bokoblin_Guard_Middle,Depths21,,0,"['Weapon_Bow_003', 'BokoblinPipe']",1,,,"[-4330.81, -389.7, 2191.66]",Table,['Minus_Arrow']
296927,MinusField,A-8,0xc02fd483d818cd98,Enemy_Bokoblin_Guard_Middle,Depths21,,0,"['Weapon_Bow_003', 'BokoblinPipe']",1,,,"[-4540.34, -377.1, 3152.13]",Table,['Minus_Arrow']
296928,MinusField,A-8,0xc40c762823244981,Enemy_Bokoblin_Guard_Middle,Depths21,,0,"['Weapon_Bow_003', 'BokoblinPipe']",1,,,"[-4561.29, -377.09, 3155.45]",Table,['Minus_Arrow']
296938,MinusField,A-8,0xe8813c979e748dbd,Enemy_Bokoblin_Guard_Middle,Depths40,,0,"['Weapon_Bow_003', 'BokoblinPipe']",1,,,"[-4691.57, -372.56, 3801.86]",Table,['Minus_Arrow']
296939,MinusField,A-8,0xfcb61d1775b0896d,Enemy_Bokoblin_Guard_Middle,Depths40,,0,"['Weapon_Bow_003', 'BokoblinPipe']",1,,,"[-4687.24, -372.55, 3822.63]",Table,['Minus_Arrow']
299540,MinusField,B-1,0xc720a8835c91695e,Enemy_Bokoblin_Guard_Middle,Depths3,,0,"['Weapon_Bow_003', 'BokoblinPipe']",1,,,"[-3520.26, -811.54, -3479.85]",Table,['Minus_Arrow']
299541,MinusField,B-1,0x4f429c3635bf5919,Enemy_Bokoblin_Guard_Middle,Depths3,,0,"['Weapon_Bow_003', 'BokoblinPipe']",1,,,"[-3532.21, -811.61, -3462.34]",Table,['Minus_Arrow']
299551,MinusField,B-1,0xde23c61833fde77f,Enemy_Bokoblin_Guard_Middle,Depths3,,0,"['Weapon_Bow_003', 'BokoblinPipe']",1,,,"[-3035.05, -900.21, -3243.24]",Table,['Minus_Arrow']
299552,MinusField,B-1,0x557ba56f0f2baf07,Enemy_Bokoblin_Guard_Middle,Depths3,,0,"['Weapon_Bow_003', 'BokoblinPipe']",1,,,"[-3056.25, -900.28, -3240.65]",Table,['Minus_Arrow']
301068,MinusField,B-2,0x7af7d033cde41bf5,Enemy_Bokoblin_Guard_Middle,Depths3,,0,"['Weapon_Bow_003', 'BokoblinPipe']",0,,,"[-3073.09, -705.9, -2901.45]",Table,['Minus_Arrow']
302610,MinusField,B-2,0xf17e2687198987a1,Enemy_Bokoblin_Guard_Middle_TreeHouseTop,Depths3,,0,"['Weapon_Bow_003', 'BokoblinPipe', 'FireFruit', 'BokoblinBasket_FireFruit']",1,,,"[-3818.34, -479.76, -2124.54]",Table,['Minus_Arrow']
302653,MinusField,B-2,0x9edad0db33e0f73f,Enemy_Bokoblin_Guard_Middle,Depths3,,0,"['Weapon_Bow_003', 'BokoblinPipe']",1,,,"[-3749.76, -666.06, -2899.34]",Table,['Minus_Arrow']
302673,MinusField,B-2,0x65cedb016ed29128,Enemy_Bokoblin_Guard_Middle,Depths3,,0,"['Weapon_Bow_003', 'BokoblinPipe']",1,,,"[-3352.79, -757.31, -2616.11]",Table,['Minus_Arrow']
302674,MinusField,B-2,0x60cc637944d29940,Enemy_Bokoblin_Guard_Middle,Depths3,,0,"['Weapon_Bow_003', 'BokoblinPipe']",1,,,"[-3359.68, -757.3, -2636.17]",Table,['Minus_Arrow']
302690,MinusField,B-2,0x47d1379f46e71269,Enemy_Bokoblin_Guard_Middle,Depths3,,0,"['Weapon_Bow_003', 'BokoblinPipe']",1,,,"[-3631.11, -580.55, -2634.84]",Table,['Minus_Arrow']
302691,MinusField,B-2,0xcef209ea32c40149,Enemy_Bokoblin_Guard_Middle,Depths3,,0,"['Weapon_Bow_003', 'BokoblinPipe']",1,,,"[-3639.81, -580.29, -2615.52]",Table,['Minus_Arrow']
304171,MinusField,B-3,0x4d608c337625dde2,Enemy_Bokoblin_Guard_Middle,Depths18,,0,"['Weapon_Bow_003', 'BokoblinPipe']",0,,,"[-3563.7, -476.94, -1494.1]",Table,['Minus_Arrow']
304200,MinusField,B-3,0xd74a543d6a6f4835,Enemy_Bokoblin_Guard_Middle,Depths18,,0,"['Weapon_Bow_003', 'BokoblinPipe']",0,,,"[-3216.77, -509.88, -1606.41]",Table,['Minus_Arrow']
305548,MinusField,B-3,0x2c6656d083f4ba14,Enemy_Bokoblin_Guard_Middle_Cliff,Depths42,,0,"['Weapon_Sword_103', 'Item_PlantGet_U']",1,,,"[-3110.23, -496.01, -1291.13]",Table,['Minus']
305550,MinusField,B-3,0x2811d5d1563d676d,Enemy_Bokoblin_Guard_Middle_Cliff,Depths42,,0,['Weapon_Bow_003'],1,,,"[-3101.83, -497.96, -1291.55]",Table,['Minus_Arrow']
305551,MinusField,B-3,0xd729ff61b66b0f7a,Enemy_Bokoblin_Guard_Middle,Depths42,,0,"['Weapon_Bow_003', 'BokoblinPipe']",1,,,"[-3107.5, -492.31, -1289.28]",Table,['Minus_Arrow']
308927,MinusField,B-4,0x04f411096031f55c,Enemy_Bokoblin_Guard_Middle,Depths42,,0,"['Weapon_Bow_002', 'BokoblinPipe', 'FireFruit', 'BokoblinBasket_FireFruit']",1,,,"[-3607.1, -303.73, -176.96]",Table,['Minus_Arrow']
308932,MinusField,B-4,0x6125450d349acae8,Enemy_Bokoblin_Guard_Middle,Depths42,,0,"['Weapon_Bow_003', 'BokoblinPipe']",1,,,"[-3600.98, -306.7, -154.59]",Table,['Minus_Arrow']
308933,MinusField,B-4,0x76fbaf6c2450444d,Enemy_Bokoblin_Guard_Middle,Depths42,,0,"['Weapon_Bow_003', 'BokoblinPipe']",1,,,"[-3585.08, -306.03, -170.12]",Table,['Minus_Arrow']
308941,MinusField,B-4,0x9a28be7d04f539a7,Enemy_Bokoblin_Guard_Middle,Depths42,,0,"['Weapon_Bow_003', 'BokoblinPipe', 'FireFruit', 'BokoblinBasket_FireFruit']",1,,,"[-3354.9, -485.27, -885.69]",Table,['Minus_Arrow']
308949,MinusField,B-4,0xbdedfad610b283a3,Enemy_Bokoblin_Guard_Middle,Depths42,,0,"['Weapon_Bow_003', 'BokoblinPipe', 'FireFruit', 'BokoblinBasket_FireFruit']",1,,,"[-3398.14, -485.09, -913.27]",Table,['Minus_Arrow']
308993,MinusField,B-4,0xec2dc4687f1b88e7,Enemy_Bokoblin_Guard_Middle,Depths42,,0,"['Weapon_Bow_003', 'BokoblinPipe']",1,,,"[-3629.42, -595.81, -444.26]",Table,['Minus_Arrow']
309021,MinusField,B-4,0xaf74be6671602ab8,Enemy_Bokoblin_Guard_Middle,Depths63,,0,"['Weapon_Bow_003', 'BokoblinPipe']",1,,,"[-2966.22, -508.4, -560.04]",Table,['Minus_Arrow']
309022,MinusField,B-4,0x5a8a9e47961c5480,Enemy_Bokoblin_Guard_Middle,Depths63,,0,"['Weapon_Bow_003', 'BokoblinPipe']",1,,,"[-2955.83, -508.38, -578.53]",Table,['Minus_Arrow']
309045,MinusField,B-4,0x8ad20762c0faae33,Enemy_Bokoblin_Guard_Middle,Depths27,,0,"['Weapon_Bow_003', 'BokoblinPipe']",1,,,"[-3057.27, -552.88, -61.06]",Table,['Minus_Arrow']
309046,MinusField,B-4,0xb7e43608ffbe8c7f,Enemy_Bokoblin_Guard_Middle,Depths27,,0,"['Weapon_Bow_003', 'BokoblinPipe']",1,,,"[-3077.96, -552.73, -56.38]",Table,['Minus_Arrow']
312607,MinusField,B-5,0x6ed6577cb571c8d9,Enemy_Bokoblin_Guard_Middle,Depths4,,0,"['Weapon_Bow_003', 'BokoblinPipe']",1,,,"[-3121.03, -524.54, 547.41]",Table,['Minus_Arrow']
312610,MinusField,B-5,0xeb2eef4244898aad,Enemy_Bokoblin_Guard_Middle_TreeHouseTop,Depths4,,0,"['Weapon_Bow_003', 'BokoblinPipe', 'FireFruit', 'BokoblinBasket_FireFruit']",1,,,"[-3142.99, -517.68, 572.5]",Table,['Minus_Arrow']
312615,MinusField,B-5,0x77e8b8534224c35c,Enemy_Bokoblin_Guard_Middle,Depths4,,0,"['Weapon_Bow_003', 'BokoblinPipe', 'BokoblinBasket_Item_Ore_L']",1,,,"[-3146.79, -520.96, 542.29]",Table,['Minus_Arrow']
312682,MinusField,B-5,0x151adf50e7148d70,Enemy_Bokoblin_Guard_Middle,Depths0,,0,"['Weapon_Bow_003', 'BokoblinPipe']",1,,,"[-3843.15, -861.2, 689.17]",Table,['Minus_Arrow']
312683,MinusField,B-5,0x8cb9e9b96b168960,Enemy_Bokoblin_Guard_Middle,Depths0,,0,"['Weapon_Bow_003', 'BokoblinPipe']",1,,,"[-3840.27, -861.26, 710.17]",Table,['Minus_Arrow']
316355,MinusField,B-6,0x8642c391e19fb743,Enemy_Bokoblin_Guard_Middle,Depths0,,0,"['Weapon_Bow_002', 'BokoblinPipe', 'FireFruit', 'BokoblinBasket_FireFruit']",1,,,"[-4011.11, -813.88, 1191.87]",Table,['Minus_Arrow']
316360,MinusField,B-6,0xef7d3e9ad72926d5,Enemy_Bokoblin_Guard_Middle,Depths0,,0,"['Weapon_Bow_003', 'BokoblinPipe']",1,,,"[-4000.39, -816.4, 1212.69]",Table,['Minus_Arrow']
316361,MinusField,B-6,0xd02729476bc06b4f,Enemy_Bokoblin_Guard_Middle,Depths0,,0,"['Weapon_Bow_003', 'BokoblinPipe']",1,,,"[-3987.82, -816.39, 1194.35]",Table,['Minus_Arrow']
316367,MinusField,B-6,0xd4bad9c4c87498b8,Enemy_Bokoblin_Guard_Middle,Depths0,,0,"['Weapon_Bow_003', 'BokoblinPipe']",1,,,"[-3355.69, -783.91, 1415.46]",Table,['Minus_Arrow']
316370,MinusField,B-6,0x47b562a3912cdead,Enemy_Bokoblin_Guard_Middle_TreeHouseTop,Depths0,,0,"['Weapon_Bow_003', 'BokoblinPipe', 'FireFruit', 'BokoblinBasket_FireFruit']",1,,,"[-3322.35, -777.05, 1415.17]",Table,['Minus_Arrow']
316375,MinusField,B-6,0x327b3fb2b3818fbe,Enemy_Bokoblin_Guard_Middle,Depths0,,0,"['Weapon_Bow_003', 'BokoblinPipe', 'BokoblinBasket_Item_Ore_L']",1,,,"[-3342.39, -780.32, 1438.1]",Table,['Minus_Arrow']
316384,MinusField,B-6,0x282f01b7f7308024,Enemy_Bokoblin_Guard_Middle_TreeHouseTop,Depths0,,0,"['Weapon_Bow_003', 'BokoblinPipe', 'FireFruit', 'BokoblinBasket_FireFruit']",1,,,"[-3367.63, -924.4, 974]",Table,['Minus_Arrow']
316431,MinusField,B-6,0x9a9525f671de1cd4,Enemy_Bokoblin_Guard_Middle,Depths4,,0,"['Weapon_Bow_003', 'BokoblinPipe']",1,,,"[-3559.15, -694.12, 1660.62]",Table,['Minus_Arrow']
316460,MinusField,B-6,0x7978729a0fc5280d,Enemy_Bokoblin_Guard_Middle,Depths0,,0,"['Weapon_Bow_003', 'BokoblinPipe']",1,,,"[-3126.62, -802.17, 1196.5]",Table,['Minus_Arrow']
316478,MinusField,B-6,0x435d73208473ff7a,Enemy_Bokoblin_Guard_Middle,Depths0,,0,"['Weapon_Bow_003', 'BokoblinPipe']",1,,,"[-3524.07, -838.6, 1200.13]",Table,['Minus_Arrow']
316479,MinusField,B-6,0xcbbe3489944d876a,Enemy_Bokoblin_Guard_Middle,Depths0,,0,"['Weapon_Bow_003', 'BokoblinPipe']",1,,,"[-3544.32, -838.67, 1206.39]",Table,['Minus_Arrow']
320288,MinusField,B-7,0xf4c0abbe9a7f7d83,Enemy_Bokoblin_Guard_Middle_TreeHouseTop,Depths72,,0,"['Weapon_Bow_003', 'BokoblinPipe', 'FireFruit', 'BokoblinBasket_FireFruit']",1,,,"[-3517.1, -375.43, 2549.42]",Table,['Minus_Arrow']
320301,MinusField,B-7,0x9a4cb3831135c251,Enemy_Bokoblin_Guard_Middle,Depths72,,0,"['Weapon_Bow_002', 'BokoblinPipe', 'FireFruit', 'BokoblinBasket_FireFruit']",1,,,"[-3121.07, -355.53, 2101.23]",Table,['Minus_Arrow']
320306,MinusField,B-7,0xe3ed87b88623e4ae,Enemy_Bokoblin_Guard_Middle,Depths72,,0,"['Weapon_Bow_003', 'BokoblinPipe']",1,,,"[-3143.12, -358.05, 2091.46]",Table,['Minus_Arrow']
320307,MinusField,B-7,0xe828ddb9b28d9ec1,Enemy_Bokoblin_Guard_Middle,Depths72,,0,"['Weapon_Bow_003', 'BokoblinPipe']",1,,,"[-3140.06, -358.05, 2113.49]",Table,['Minus_Arrow']
320313,MinusField,B-7,0x9750ef4c0455cbdb,Enemy_Bokoblin_Guard_Middle,Depths72,,0,"['Weapon_Bow_003', 'BokoblinPipe']",1,,,"[-3325.46, -371.23, 2933.45]",Table,['Minus_Arrow']
320316,MinusField,B-7,0x0a9f777f76040ef4,Enemy_Bokoblin_Guard_Middle_TreeHouseTop,Depths72,,0,"['Weapon_Bow_003', 'BokoblinPipe', 'FireFruit', 'BokoblinBasket_FireFruit']",1,,,"[-3330.34, -364.37, 2966.43]",Table,['Minus_Arrow']
320321,MinusField,B-7,0xee41aa4edd687e55,Enemy_Bokoblin_Guard_Middle,Depths72,,0,"['Weapon_Bow_003', 'BokoblinPipe', 'BokoblinBasket_Item_Ore_L']",1,,,"[-3349.9, -367.65, 2943.09]",Table,['Minus_Arrow']
320331,MinusField,B-7,0x29be760e7fa2b324,Enemy_Bokoblin_Guard_Middle,Depths72,,0,"['Weapon_Bow_002', 'BokoblinPipe', 'FireFruit', 'BokoblinBasket_FireFruit']",1,,,"[-3255.63, -381.42, 2691.74]",Table,['Minus_Arrow']
320336,MinusField,B-7,0x0e7fe30b31952ba8,Enemy_Bokoblin_Guard_Middle,Depths72,,0,"['Weapon_Bow_003', 'BokoblinPipe']",1,,,"[-3261.69, -384.1, 2713.86]",Table,['Minus_Arrow']
320337,MinusField,B-7,0x7906d9480107e7f4,Enemy_Bokoblin_Guard_Middle,Depths72,,0,"['Weapon_Bow_003', 'BokoblinPipe']",1,,,"[-3240.05, -383.82, 2708.77]",Table,['Minus_Arrow']
320400,MinusField,B-7,0x13d959fff43beb8d,Enemy_Bokoblin_Guard_Middle,Depths72,,0,"['Weapon_Bow_003', 'BokoblinPipe']",1,,,"[-3430.8, -372.76, 2383.25]",Table,['Minus_Arrow']
323287,MinusField,B-8,0x794e5c746126c0a6,Enemy_Bokoblin_Guard_Middle,Depths21,,0,"['Weapon_Bow_002', 'BokoblinPipe', 'FireFruit', 'BokoblinBasket_FireFruit']",1,,,"[-3998.24, -366.84, 3472.58]",Table,['Minus_Arrow']
323292,MinusField,B-8,0x46efe17b4f143e2a,Enemy_Bokoblin_Guard_Middle,Depths21,,0,"['Weapon_Bow_003', 'BokoblinPipe']",1,,,"[-3984.4, -369.37, 3452.13]",Table,['Minus_Arrow']
323293,MinusField,B-8,0x4936fe77eb82711a,Enemy_Bokoblin_Guard_Middle,Depths21,,0,"['Weapon_Bow_003', 'BokoblinPipe']",1,,,"[-4006.63, -369.37, 3452]",Table,['Minus_Arrow']
323338,MinusField,B-8,0x1035b58d05b3a7bd,Enemy_Bokoblin_Guard_Middle,Depths21,,0,"['Weapon_Bow_003', 'BokoblinPipe']",1,,,"[-3926.38, -378.9, 3150.68]",Table,['Minus_Arrow']
323350,MinusField,B-8,0x2626db14dcda934b,Enemy_Bokoblin_Guard_Middle,Depths72,,0,"['Weapon_Bow_003', 'BokoblinPipe', 'FireFruit', 'BokoblinBasket_FireFruit']",1,,,"[-3614.84, -379.13, 3142.69]",Table,['Minus_Arrow']
323391,MinusField,B-8,0xa42bc9aa8f3dc256,Enemy_Bokoblin_Guard_Middle,Depths21,,0,"['Weapon_Bow_003', 'BokoblinPipe']",1,,,"[-3226.24, -359.8, 3486.14]",Table,['Minus_Arrow']
323392,MinusField,B-8,0xa92e403c614048dd,Enemy_Bokoblin_Guard_Middle,Depths21,,0,"['Weapon_Bow_003', 'BokoblinPipe']",1,,,"[-3211.29, -359.79, 3471.09]",Table,['Minus_Arrow']
323415,MinusField,B-8,0x14c049e977709ddf,Enemy_Bokoblin_Guard_Middle,Depths21,,0,"['Weapon_Bow_003', 'BokoblinPipe']",1,,,"[-3008.43, -363.47, 3528.73]",Table,['Minus_Arrow']
323416,MinusField,B-8,0x10d631f291379dc2,Enemy_Bokoblin_Guard_Middle,Depths21,,0,"['Weapon_Bow_003', 'BokoblinPipe']",1,,,"[-2995.84, -363.46, 3545.8]",Table,['Minus_Arrow']
325020,MinusField,C-1,0xffa1103aadc8371f,Enemy_Bokoblin_Guard_Middle,Depths3,,0,"['Weapon_Bow_003', 'BokoblinPipe']",1,,,"[-2862.41, -923.53, -3122.63]",Table,['Minus_Arrow']
325041,MinusField,C-1,0xabab70aa643809b4,Enemy_Bokoblin_Guard_Middle,Depths5,,0,"['Weapon_Bow_003', 'BokoblinPipe']",1,,,"[-2731.85, -579.69, -3383.27]",Table,['Minus_Arrow']
325042,MinusField,C-1,0x20cb4cfd146c7a2f,Enemy_Bokoblin_Guard_Middle,Depths5,,0,"['Weapon_Bow_003', 'BokoblinPipe']",1,,,"[-2711.54, -579.75, -3377.2]",Table,['Minus_Arrow']
328179,MinusField,C-2,0x9d351d086fe73dbf,Enemy_Bokoblin_Guard_Middle,Depths3,,0,"['Weapon_Bow_003', 'BokoblinPipe']",1,,,"[-2287.95, -682.34, -2947.35]",Table,['Minus_Arrow']
328180,MinusField,C-2,0x1691285112b90a26,Enemy_Bokoblin_Guard_Middle,Depths3,,0,"['Weapon_Bow_003', 'BokoblinPipe']",1,,,"[-2302.51, -682.41, -2962.76]",Table,['Minus_Arrow']
329639,MinusField,C-3,0x405a30b402244ced,Enemy_Bokoblin_Guard_Middle,Depths81,,0,"['Weapon_Bow_003', 'BokoblinPipe']",0,,,"[-2519.08, -493.02, -1320.16]",Table,['Minus_Arrow']
331261,MinusField,C-3,0x95e03e1643ff98c3,Enemy_Bokoblin_Guard_Middle,Depths42,,0,"['Weapon_Bow_003', 'BokoblinPipe']",1,,,"[-3005.57, -588.73, -1530.92]",Table,['Minus_Arrow']
331321,MinusField,C-3,0x86f5ae18f62b41ee,Enemy_Bokoblin_Guard_Middle,Depths81,,0,"['Weapon_Bow_003', 'BokoblinPipe']",1,,,"[-2212.32, -554.13, -1404.3]",Table,['Minus_Arrow']
331322,MinusField,C-3,0x81e3a1b2cd05c5bb,Enemy_Bokoblin_Guard_Middle,Depths81,,0,"['Weapon_Bow_003', 'BokoblinPipe']",1,,,"[-2233.47, -554.12, -1402.71]",Table,['Minus_Arrow']
331338,MinusField,C-3,0x90d8936310d10a64,Enemy_Bokoblin_Guard_Middle,Depths31,,0,"['Weapon_Bow_003', 'BokoblinPipe']",1,,,"[-2509.24, -610.06, -1775.7]",Table,['Minus_Arrow']
331339,MinusField,C-3,0x29bab1063953284c,Enemy_Bokoblin_Guard_Middle,Depths31,,0,"['Weapon_Bow_003', 'BokoblinPipe']",1,,,"[-2525.04, -611.53, -1789.83]",Table,['Minus_Arrow']
334570,MinusField,C-4,0x9e1855dc548b802d,Enemy_Bokoblin_Guard_Middle,Depths63,,0,"['Weapon_Bow_003', 'BokoblinPipe']",1,,,"[-2385.52, -445.21, -679.44]",Table,['Minus_Arrow']
334573,MinusField,C-4,0x1ba98e2d14b747e0,Enemy_Bokoblin_Guard_Middle_TreeHouseTop,Depths63,,0,"['Weapon_Bow_003', 'BokoblinPipe', 'FireFruit', 'BokoblinBasket_FireFruit']",1,,,"[-2401.54, -438.35, -708.68]",Table,['Minus_Arrow']
334578,MinusField,C-4,0xe89b3c23fa40874b,Enemy_Bokoblin_Guard_Middle,Depths63,,0,"['Weapon_Bow_003', 'BokoblinPipe', 'BokoblinBasket_Item_Ore_L']",1,,,"[-2371.86, -441.62, -701.87]",Table,['Minus_Arrow']
334588,MinusField,C-4,0x2d571adc43bbc623,Enemy_Bokoblin_Guard_Middle,Depths63,,0,"['Weapon_Bow_002', 'BokoblinPipe', 'FireFruit', 'BokoblinBasket_FireFruit']",1,,,"[-2569.7, -487.84, -305.17]",Table,['Minus_Arrow']
334593,MinusField,C-4,0x192436dbea2ee0b6,Enemy_Bokoblin_Guard_Middle,Depths63,,0,"['Weapon_Bow_003', 'BokoblinPipe']",1,,,"[-2550.26, -490.36, -317.89]",Table,['Minus_Arrow']
334594,MinusField,C-4,0x0259b09e594cbaff,Enemy_Bokoblin_Guard_Middle,Depths63,,0,"['Weapon_Bow_003', 'BokoblinPipe']",1,,,"[-2569.99, -490.35, -328.14]",Table,['Minus_Arrow']
334631,MinusField,C-4,0xe21610c4758dee2a,Enemy_Bokoblin_Guard_Middle,Depths63,,0,"['Weapon_Bow_003', 'BokoblinPipe', 'FireFruit', 'BokoblinBasket_FireFruit']",1,,,"[-2422.67, -442.32, -912.45]",Table,['Minus_Arrow']
338253,MinusField,C-5,0x8bf32c2819303134,Enemy_Bokoblin_Guard_Middle,Depths64,,0,"['Weapon_Bow_003', 'BokoblinPipe']",1,,,"[-2448.76, -551.64, 429.04]",Table,['Minus_Arrow']
338254,MinusField,C-5,0xb8f96a81720f397c,Enemy_Bokoblin_Guard_Middle,Depths64,,0,"['Weapon_Bow_003', 'BokoblinPipe']",1,,,"[-2437.9, -551.62, 447.27]",Table,['Minus_Arrow']
340921,MinusField,C-6,0xc91e85ce070efd08,Enemy_Bokoblin_Guard_Middle_TreeHouseTop,Depths4,,0,"['Weapon_Bow_003', 'BokoblinPipe', 'FireFruit', 'BokoblinBasket_FireFruit']",1,,,"[-3057.62, -549.24, 1932.32]",Table,['Minus_Arrow']
340968,MinusField,C-6,0x7aff70acecb934d4,Enemy_Bokoblin_Guard_Middle,Depths77,,0,"['Weapon_Bow_003', 'BokoblinPipe']",1,,,"[-2118.16, -448.19, 1191.38]",Table,['Minus_Arrow']
340986,MinusField,C-6,0x61b273b532af51f7,Enemy_Bokoblin_Guard_Middle,Depths73,,0,"['Weapon_Bow_003', 'BokoblinPipe', 'FireFruit', 'BokoblinBasket_FireFruit']",1,,,"[-2119.78, -482.41, 1793.7]",Table,['Minus_Arrow']
342132,MinusField,C-7,0x1be8f50cc4835520,Enemy_Bokoblin_Guard_Middle,Depths73,,0,"['Weapon_Bow_003', 'BokoblinPipe']",0,,,"[-2036.56, -598.05, 2896.74]",Table,['Minus_Arrow']
343940,MinusField,C-7,0xdfdb2dafb10c9c68,Enemy_Bokoblin_Guard_Middle,Depths72,,0,"['Weapon_Bow_003', 'BokoblinPipe', 'FireFruit', 'BokoblinBasket_FireFruit']",1,,,"[-2972.99, -365.63, 2375.95]",Table,['Minus_Arrow']
343948,MinusField,C-7,0x7ccce8c7ec383b6d,Enemy_Bokoblin_Guard_Middle,Depths72,,0,"['Weapon_Bow_003', 'BokoblinPipe', 'FireFruit', 'BokoblinBasket_FireFruit']",1,,,"[-2980.47, -365.14, 2325.22]",Table,['Minus_Arrow']
343962,MinusField,C-7,0x4e491e33472ff28f,Enemy_Bokoblin_Guard_Middle,Depths73,,0,"['Weapon_Bow_003', 'BokoblinPipe', 'FireFruit', 'BokoblinBasket_FireFruit']",1,,,"[-2417.11, -365.14, 2958.75]",Table,['Minus_Arrow']
343970,MinusField,C-7,0x8a59dde34dfede53,Enemy_Bokoblin_Guard_Middle,Depths73,,0,"['Weapon_Bow_003', 'BokoblinPipe', 'FireFruit', 'BokoblinBasket_FireFruit']",1,,,"[-2464.33, -365.39, 2938.75]",Table,['Minus_Arrow']
344031,MinusField,C-7,0x1d29399df50f49de,Enemy_Bokoblin_Guard_Middle,Depths73,,0,"['Weapon_Bow_003', 'BokoblinPipe']",1,,,"[-2720.67, -491.13, 2488.66]",Table,['Minus_Arrow']
344032,MinusField,C-7,0x2e14d221ab2eb112,Enemy_Bokoblin_Guard_Middle,Depths73,,0,"['Weapon_Bow_003', 'BokoblinPipe']",1,,,"[-2720.76, -491.93, 2467.46]",Table,['Minus_Arrow']
344042,MinusField,C-7,0x2efa3e879d1e2ed7,Enemy_Bokoblin_Guard_Middle,Depths73,,0,"['Weapon_Bow_003', 'BokoblinPipe']",1,,,"[-2237.26, -603.01, 2590.56]",Table,['Minus_Arrow']
344043,MinusField,C-7,0xd3811f67761e20e3,Enemy_Bokoblin_Guard_Middle,Depths73,,0,"['Weapon_Bow_003', 'BokoblinPipe']",1,,,"[-2227.85, -603, 2571.55]",Table,['Minus_Arrow']
344053,MinusField,C-7,0xe8b68ea1960b755b,Enemy_Bokoblin_Guard_Middle,Depths73,,0,"['Weapon_Bow_003', 'BokoblinPipe']",1,,,"[-2037.24, -485.31, 2542.69]",Table,['Minus_Arrow']
344054,MinusField,C-7,0xfbb46f4ae371f56f,Enemy_Bokoblin_Guard_Middle,Depths73,,0,"['Weapon_Bow_003', 'BokoblinPipe']",1,,,"[-2045.54, -485.3, 2562.21]",Table,['Minus_Arrow']
346728,MinusField,C-8,0x65d203e1f14079c4,Enemy_Bokoblin_Guard_Middle,Depths21,,0,"['Weapon_Bow_003', 'BokoblinPipe']",1,,,"[-2983.18, -356.98, 3267.72]",Table,['Minus_Arrow']
346760,MinusField,C-8,0x4cda34c4d300aeff,Enemy_Bokoblin_Guard_Middle,Depths21,,0,"['Weapon_Bow_003', 'BokoblinPipe']",1,,,"[-2253.06, -370.41, 3440.1]",Table,['Minus_Arrow']
348186,MinusField,D-1,0x764057cc6be9228a,Enemy_Bokoblin_Guard_Middle,Depths98,,0,"['Weapon_Bow_003', 'BokoblinPipe']",0,,,"[-1535.09, -572.81, -3690.88]",Table,['Minus_Arrow']
349583,MinusField,D-1,0x1847f79699553ee6,Enemy_Bokoblin_Guard_Middle,Depths98,,0,"['Weapon_Bow_003', 'BokoblinPipe']",1,,,"[-1727.51, -573.62, -3369.63]",Table,['Minus_Arrow']
349584,MinusField,D-1,0xa1689641e2d054ee,Enemy_Bokoblin_Guard_Middle,Depths98,,0,"['Weapon_Bow_003', 'BokoblinPipe']",1,,,"[-1743.8, -573.69, -3383.19]",Table,['Minus_Arrow']
349594,MinusField,D-1,0x2ffc285f73229fe7,Enemy_Bokoblin_Guard_Middle,Depths5,,0,"['Weapon_Bow_003', 'BokoblinPipe']",1,,,"[-1140.27, -548.2, -3536.26]",Table,['Minus_Arrow']
349595,MinusField,D-1,0xa6d1f42d161bb8f0,Enemy_Bokoblin_Guard_Middle,Depths5,,0,"['Weapon_Bow_003', 'BokoblinPipe']",1,,,"[-1121.2, -548.27, -3545.19]",Table,['Minus_Arrow']
353184,MinusField,D-2,0x7c8690737b6f44c5,Enemy_Bokoblin_Guard_Middle,Depths5,,0,"['Weapon_Bow_002', 'BokoblinPipe', 'FireFruit', 'BokoblinBasket_FireFruit']",1,,,"[-1595.83, -578.15, -2847.01]",Table,['Minus_Arrow']
353189,MinusField,D-2,0x5b554c78085a614e,Enemy_Bokoblin_Guard_Middle,Depths5,,0,"['Weapon_Bow_003', 'BokoblinPipe']",1,,,"[-1585.91, -580.67, -2867.59]",Table,['Minus_Arrow']
353190,MinusField,D-2,0x522a767a18d42d55,Enemy_Bokoblin_Guard_Middle,Depths5,,0,"['Weapon_Bow_003', 'BokoblinPipe']",1,,,"[-1608.11, -580.66, -2866.42]",Table,['Minus_Arrow']
353200,MinusField,D-2,0x1d735ee3477a1b4b,Enemy_Bokoblin_Guard_Middle,Depths60,,0,"['Weapon_Bow_002', 'BokoblinPipe', 'FireFruit', 'BokoblinBasket_FireFruit']",1,,,"[-1133.2, -444.46, -2304.28]",Table,['Minus_Arrow']
353205,MinusField,D-2,0x78bc8be4ae51f2dc,Enemy_Bokoblin_Guard_Middle,Depths60,,0,"['Weapon_Bow_003', 'BokoblinPipe']",1,,,"[-1151.54, -446.99, -2320.77]",Table,['Minus_Arrow']
353206,MinusField,D-2,0x6109a0edc92ec847,Enemy_Bokoblin_Guard_Middle,Depths60,,0,"['Weapon_Bow_003', 'BokoblinPipe']",1,,,"[-1154.88, -446.99, -2298.79]",Table,['Minus_Arrow']
353237,MinusField,D-2,0x9d3a693acb08bf91,Enemy_Bokoblin_Guard_Middle,Depths5,,0,"['Weapon_Bow_003', 'BokoblinPipe']",1,,,"[-1755.17, -576.83, -2756.65]",Table,['Minus_Arrow']
353238,MinusField,D-2,0x8804e2cdb6ecbf59,Enemy_Bokoblin_Guard_Middle,Depths5,,0,"['Weapon_Bow_003', 'BokoblinPipe']",1,,,"[-1735.6, -576.82, -2748.47]",Table,['Minus_Arrow']
353268,MinusField,D-2,0x91b67cc8e80bf4ef,Enemy_Bokoblin_Guard_Middle,Depths5,,0,"['Weapon_Bow_003', 'BokoblinPipe']",1,,,"[-1801.52, -576.1, -2926.47]",Table,['Minus_Arrow']
353269,MinusField,D-2,0x1a182f61703d9917,Enemy_Bokoblin_Guard_Middle,Depths5,,0,"['Weapon_Bow_003', 'BokoblinPipe']",1,,,"[-1780.33, -576.17, -2926.9]",Table,['Minus_Arrow']
353279,MinusField,D-2,0xdd81242bfd1be05f,Enemy_Bokoblin_Guard_Middle,Depths5,,0,"['Weapon_Bow_003', 'BokoblinPipe']",1,,,"[-1525.02, -572.26, -2608.14]",Table,['Minus_Arrow']
353280,MinusField,D-2,0x52e1f7c055e4dd06,Enemy_Bokoblin_Guard_Middle,Depths5,,0,"['Weapon_Bow_003', 'BokoblinPipe']",1,,,"[-1504.26, -572.33, -2612.41]",Table,['Minus_Arrow']
356880,MinusField,D-3,0x70b7ce829e3e1fd4,Enemy_Bokoblin_Guard_Middle_TreeHouseTop,Depths60,,0,"['Weapon_Bow_003', 'BokoblinPipe', 'FireFruit', 'BokoblinBasket_FireFruit']",1,,,"[-1135.91, -444.41, -1794.78]",Table,['Minus_Arrow']
356914,MinusField,D-3,0x272085bc00e3bf7b,Enemy_Bokoblin_Guard_Middle,Depths23,,0,"['Weapon_Bow_003', 'BokoblinPipe']",1,,,"[-1683.68, -243.72, -2013.36]",Table,['Minus_Arrow']
356924,MinusField,D-3,0xcce5a1b968465bcb,Enemy_Bokoblin_Guard_Middle,Depths26,,0,"['Weapon_Bow_003', 'BokoblinPipe']",1,,,"[-1786.16, -445.91, -1623.79]",Table,['Minus_Arrow']
356939,MinusField,D-3,0xca85615a26094f59,Enemy_Bokoblin_Guard_Middle,Depths81,,0,"['Weapon_Bow_003', 'BokoblinPipe', 'FireFruit', 'BokoblinBasket_FireFruit']",1,,,"[-1479.97, -480.61, -1259.57]",Table,['Minus_Arrow']
356982,MinusField,D-3,0x9c6c82299d70e3f8,Enemy_Bokoblin_Guard_Middle,Depths26,,0,"['Weapon_Bow_003', 'BokoblinPipe']",1,,,"[-1135.31, -448.89, -1118.01]",Table,['Minus_Arrow']
356983,MinusField,D-3,0xa85288c107bf6390,Enemy_Bokoblin_Guard_Middle,Depths26,,0,"['Weapon_Bow_003', 'BokoblinPipe']",1,,,"[-1126.82, -448.88, -1137.45]",Table,['Minus_Arrow']
360272,MinusField,D-4,0x449940633e7317eb,Enemy_Bokoblin_Guard_Middle,Depths12,,0,"['Weapon_Bow_003', 'BokoblinPipe', 'FireFruit', 'BokoblinBasket_FireFruit']",1,,,"[-1199.1, -350.32, -191.03]",Table,['Minus_Arrow']
360280,MinusField,D-4,0x84656c2c62cdb6a6,Enemy_Bokoblin_Guard_Middle,Depths12,,0,"['Weapon_Bow_003', 'BokoblinPipe', 'FireFruit', 'BokoblinBasket_FireFruit']",1,,,"[-1242.11, -349.84, -218.95]",Table,['Minus_Arrow']
360302,MinusField,D-4,0x0918ab5317a38d68,Enemy_Bokoblin_Guard_Middle,Depths63,,0,"['Weapon_Bow_003', 'BokoblinPipe']",1,,,"[-1838.06, -492.62, -643.43]",Table,['Minus_Arrow']
360303,MinusField,D-4,0x1a02629a8d429100,Enemy_Bokoblin_Guard_Middle,Depths63,,0,"['Weapon_Bow_003', 'BokoblinPipe']",1,,,"[-1825.44, -492.61, -660.49]",Table,['Minus_Arrow']
360323,MinusField,D-4,0xa5d21dbaf7e0fdd2,Enemy_Bokoblin_Guard_Middle,Depths82,,0,"['Weapon_Bow_003', 'BokoblinPipe', 'FireFruit', 'BokoblinBasket_FireFruit']",1,,,"[-1565.43, -368.76, -558.85]",Table,['Minus_Arrow']
360341,MinusField,D-4,0x85152e6754d28385,Enemy_Bokoblin_Guard_Middle,Depths82,,0,"['Weapon_Bow_003', 'BokoblinPipe']",1,,,"[-1273.7, -422.32, -619.8]",Table,['Minus_Arrow']
360342,MinusField,D-4,0x890bec174a6b83ae,Enemy_Bokoblin_Guard_Middle,Depths82,,0,"['Weapon_Bow_003', 'BokoblinPipe']",1,,,"[-1254.54, -422.31, -628.91]",Table,['Minus_Arrow']
360358,MinusField,D-4,0xa0ddfa1b647dae10,Enemy_Bokoblin_Guard_Middle,Depths82,,0,"['Weapon_Bow_003', 'BokoblinPipe']",1,,,"[-1356.93, -425.75, -421.47]",Table,['Minus_Arrow']
363835,MinusField,D-5,0xb39aa199a0e1a78a,Enemy_Bokoblin_Guard_Middle,Depths77,,0,"['Weapon_Bow_003', 'BokoblinPipe']",1,,,"[-1825.69, -478.32, 962.38]",Table,['Minus_Arrow']
363836,MinusField,D-5,0xbf946600c64fa767,Enemy_Bokoblin_Guard_Middle,Depths77,,0,"['Weapon_Bow_003', 'BokoblinPipe']",1,,,"[-1846.57, -478.31, 958.65]",Table,['Minus_Arrow']
366904,MinusField,D-6,0x7013abeb67e06364,Enemy_Bokoblin_Guard_Middle,Depths4,,0,"['Weapon_Bow_003', 'BokoblinPipe']",1,,,"[-1881.68, -491.43, 1839.53]",Table,['Minus_Arrow']
366905,MinusField,D-6,0x0c1cabd288051bbf,Enemy_Bokoblin_Guard_Middle,Depths4,,0,"['Weapon_Bow_003', 'BokoblinPipe']",1,,,"[-1900.28, -491.42, 1849.72]",Table,['Minus_Arrow']
370592,MinusField,D-7,0xb0acd395957bfd75,Enemy_Bokoblin_Guard_Middle,Depths73,,0,"['Weapon_Bow_003', 'BokoblinPipe', 'FireFruit', 'BokoblinBasket_FireFruit']",1,,,"[-1912.17, -340.06, 2327.82]",Table,['Minus_Arrow']
370600,MinusField,D-7,0x880787627b8c1f50,Enemy_Bokoblin_Guard_Middle,Depths73,,0,"['Weapon_Bow_003', 'BokoblinPipe', 'FireFruit', 'BokoblinBasket_FireFruit']",1,,,"[-1873.36, -339.58, 2294.66]",Table,['Minus_Arrow']
370607,MinusField,D-7,0xd46c00162686ad42,Enemy_Bokoblin_Guard_Middle,Depths73,,0,"['Weapon_Bow_002', 'BokoblinPipe', 'FireFruit', 'BokoblinBasket_FireFruit']",1,,,"[-1706.36, -325.12, 2362.79]",Table,['Minus_Arrow']
370612,MinusField,D-7,0x33325f148ac58dca,Enemy_Bokoblin_Guard_Middle,Depths73,,0,"['Weapon_Bow_003', 'BokoblinPipe']",1,,,"[-1720.39, -327.65, 2343.22]",Table,['Minus_Arrow']
370613,MinusField,D-7,0x3a8ba545e6db95fe,Enemy_Bokoblin_Guard_Middle,Depths73,,0,"['Weapon_Bow_003', 'BokoblinPipe']",1,,,"[-1728.9, -327.65, 2363.76]",Table,['Minus_Arrow']
370622,MinusField,D-7,0x6c0c3e8a86cfec30,Enemy_Bokoblin_Guard_Middle_TreeHouseTop,Depths73,,0,"['Weapon_Bow_003', 'BokoblinPipe', 'FireFruit', 'BokoblinBasket_FireFruit']",1,,,"[-1596.4, -497.72, 2702.18]",Table,['Minus_Arrow']
370655,MinusField,D-7,0xef2031342e80a35c,Enemy_Bokoblin_Guard_Middle,Depths4,,0,"['Weapon_Bow_003', 'BokoblinPipe']",1,,,"[-1949.4, -432.3, 2049.25]",Table,['Minus_Arrow']
373774,MinusField,D-8,0xc50aff38c1da1c2e,Enemy_Bokoblin_Guard_Middle,Depths73,,0,"['Weapon_Bow_002', 'BokoblinPipe', 'FireFruit', 'BokoblinBasket_FireFruit']",1,,,"[-1703.14, -502.95, 3854.96]",Table,['Minus_Arrow']
373779,MinusField,D-8,0x222c443f3e113d55,Enemy_Bokoblin_Guard_Middle,Depths73,,0,"['Weapon_Bow_003', 'BokoblinPipe']",1,,,"[-1688.83, -505.47, 3836.62]",Table,['Minus_Arrow']
373780,MinusField,D-8,0x1561612342874d92,Enemy_Bokoblin_Guard_Middle,Depths73,,0,"['Weapon_Bow_003', 'BokoblinPipe']",1,,,"[-1710.8, -505.46, 3833.21]",Table,['Minus_Arrow']
373813,MinusField,D-8,0xc1d494c60a0f9a23,Enemy_Bokoblin_Guard_Middle,Depths73,,0,"['Weapon_Bow_003', 'BokoblinPipe']",1,,,"[-1822.67, -501.76, 3744.78]",Table,['Minus_Arrow']
373818,MinusField,D-8,0xda75fc182fedab97,Enemy_Bokoblin_Guard_Middle,Depths73,,0,"['Weapon_Bow_003', 'BokoblinPipe']",1,,,"[-1393.91, -603.03, 3881]",Table,['Minus_Arrow']
375044,MinusField,E-1,0xd9fbc91a7132f2ea,Enemy_Bokoblin_Guard_Middle,Depths15,,0,"['Weapon_Bow_002', 'BokoblinPipe', 'FireFruit', 'BokoblinBasket_FireFruit']",1,,,"[-383.69, -436.27, -3130.12]",Table,['Minus_Arrow']
375049,MinusField,E-1,0x35bd941d4c08d367,Enemy_Bokoblin_Guard_Middle,Depths15,,0,"['Weapon_Bow_003', 'BokoblinPipe']",1,,,"[-361.24, -438.79, -3124.26]",Table,['Minus_Arrow']
375050,MinusField,E-1,0x0ae0aed4d78e471f,Enemy_Bokoblin_Guard_Middle,Depths15,,0,"['Weapon_Bow_003', 'BokoblinPipe']",1,,,"[-366.91, -438.78, -3145.76]",Table,['Minus_Arrow']
375073,MinusField,E-1,0x38e720a3366cb024,Enemy_Bokoblin_Guard_Middle,Depths15,,0,"['Weapon_Bow_104', 'BokoblinPipe']",1,,,"[-132.16, -433.25, -3253.19]",Table,['Minus_Arrow']
375083,MinusField,E-1,0x5fc9490552f51ebf,Enemy_Bokoblin_Guard_Middle,Depths97,,0,"['Weapon_Bow_003', 'BokoblinPipe']",1,,,"[-779.7, -573.29, -3641.32]",Table,['Minus_Arrow']
375084,MinusField,E-1,0xc8ea7b6ce60b0536,Enemy_Bokoblin_Guard_Middle,Depths97,,0,"['Weapon_Bow_003', 'BokoblinPipe']",1,,,"[-761.57, -573.36, -3652.29]",Table,['Minus_Arrow']
375094,MinusField,E-1,0x3599692f575d691e,Enemy_Bokoblin_Guard_Middle,Depths97,,0,"['Weapon_Bow_003', 'BokoblinPipe']",1,,,"[-691.77, -573.55, -3599.28]",Table,['Minus_Arrow']
375095,MinusField,E-1,0xbd35b770bb4f1dd5,Enemy_Bokoblin_Guard_Middle,Depths97,,0,"['Weapon_Bow_003', 'BokoblinPipe']",1,,,"[-693.93, -573.7, -3578.19]",Table,['Minus_Arrow']
377125,MinusField,E-2,0xfcc483670a9491a4,Enemy_Bokoblin_Guard_Middle,Depths15,,0,"['Weapon_Bow_003', 'BokoblinPipe']",1,,,"[-528.7, -458.28, -3000.42]",Table,['Minus_Arrow']
379691,MinusField,E-3,0x9d6b348547d7c6f6,Enemy_Bokoblin_Guard_Middle,Depths26,,0,"['Weapon_Bow_003', 'BokoblinPipe', 'FireFruit', 'BokoblinBasket_FireFruit']",1,,,"[-1001.64, -448.66, -1364.34]",Table,['Minus_Arrow']
379699,MinusField,E-3,0xbb5c60727a6496cb,Enemy_Bokoblin_Guard_Middle,Depths26,,0,"['Weapon_Bow_003', 'BokoblinPipe', 'FireFruit', 'BokoblinBasket_FireFruit']",1,,,"[-961.9, -448.18, -1396.74]",Table,['Minus_Arrow']
379735,MinusField,E-3,0xcc7a235850f16225,Enemy_Bokoblin_Guard_Middle,Depths26,,0,"['Weapon_Bow_003', 'BokoblinPipe']",1,,,"[-832.24, -466.09, -1299.09]",Table,['Minus_Arrow']
379736,MinusField,E-3,0xc07f2b467e3eecc4,Enemy_Bokoblin_Guard_Middle,Depths26,,0,"['Weapon_Bow_003', 'BokoblinPipe']",1,,,"[-819.28, -466.07, -1315.89]",Table,['Minus_Arrow']
379746,MinusField,E-3,0x9010bd2ca9e05257,Enemy_Bokoblin_Guard_Middle,Depths60,,0,"['Weapon_Bow_003', 'BokoblinPipe']",1,,,"[25.94, -487.49, -1548.83]",Table,['Minus_Arrow']
379747,MinusField,E-3,0x942d595ec384d893,Enemy_Bokoblin_Guard_Middle,Depths60,,0,"['Weapon_Bow_003', 'BokoblinPipe']",1,,,"[45.21, -487.48, -1557.7]",Table,['Minus_Arrow']
394726,MinusField,E-7,0x9066d4ec8d64d5cd,Enemy_Bokoblin_Guard_Middle,Depths25,,0,"['Weapon_Bow_003', 'BokoblinPipe']",1,,,"[-115.11, -434.34, 2916.78]",Table,['Minus_Arrow']
397318,MinusField,E-8,0xb5f4809349277c74,Enemy_Bokoblin_Guard_Middle,Depths73,,0,"['Weapon_Bow_003', 'BokoblinPipe']",1,,,"[-923.71, -423.91, 3087.96]",Table,['Minus_Arrow']
397358,MinusField,E-8,0x8ee75800b65bb5c7,Enemy_Bokoblin_Guard_Middle,Depths73,,0,"['Weapon_Bow_003', 'BokoblinPipe', 'FireFruit', 'BokoblinBasket_FireFruit']",1,,,"[-708.27, -394.63, 3791.76]",Table,['Minus_Arrow']
398986,MinusField,F-1,0x98b05bf3fcb8a841,Enemy_Bokoblin_Guard_Middle,Depths51,,0,"['Weapon_Bow_105', 'BokoblinPipe']",0,,,"[805.37, -539.01, -3335.65]",Table,['Minus']
400103,MinusField,F-1,0x3492589cf7a350f9,Enemy_Bokoblin_Guard_Middle,Depths94,,0,"['Weapon_Bow_104', 'BokoblinPipe', 'FireFruit', 'BokoblinBasket_FireFruit']",1,,,"[393.37, -413.41, -3727.76]",Table,['Minus_Arrow']
400108,MinusField,F-1,0x11690c92b9dc7d73,Enemy_Bokoblin_Guard_Middle,Depths94,,0,"['Weapon_Bow_104', 'BokoblinPipe']",1,,,"[406.09, -415.93, -3747.29]",Table,['Minus_Arrow']
400109,MinusField,F-1,0x062ee26158dea109,Enemy_Bokoblin_Guard_Middle,Depths94,,0,"['Weapon_Bow_104', 'BokoblinPipe']",1,,,"[383.9, -415.93, -3748.7]",Table,['Minus_Arrow']
403405,MinusField,F-2,0x983e92d9d888546a,Enemy_Bokoblin_Guard_Middle,Depths16,,0,"['Weapon_Bow_003', 'BokoblinPipe']",1,,,"[533.01, -529.89, -2970.97]",Table,['Minus_Arrow']
406111,MinusField,F-3,0xd6dd79a7581d513f,Enemy_Bokoblin_Guard_Middle_TreeHouseTop,Depths41,,0,"['Weapon_Bow_003', 'BokoblinPipe', 'FireFruit', 'BokoblinBasket_FireFruit']",1,,,"[742.3, -387.11, -1007.62]",Table,['Minus_Arrow']
406160,MinusField,F-3,0xdd296b0b54626bd6,Enemy_Bokoblin_Guard_Middle,Depths60,,0,"['Weapon_Bow_003', 'BokoblinPipe']",1,,,"[561.39, -383.91, -1271.18]",Table,['Minus_Arrow']
409221,MinusField,F-4,0xd6866b4bfd2c001f,Enemy_Bokoblin_Guard_Middle,Depths41,,0,"['Weapon_Bow_003', 'BokoblinPipe']",1,,,"[954.7, -391.35, -225.56]",Table,['Minus_Arrow']
409224,MinusField,F-4,0x5b4bf0148b6c4230,Enemy_Bokoblin_Guard_Middle_TreeHouseTop,Depths41,,0,"['Weapon_Bow_003', 'BokoblinPipe', 'FireFruit', 'BokoblinBasket_FireFruit']",1,,,"[956.94, -384.48, -258.82]",Table,['Minus_Arrow']
409229,MinusField,F-4,0x3c15ad669d120919,Enemy_Bokoblin_Guard_Middle,Depths41,,0,"['Weapon_Bow_003', 'BokoblinPipe', 'BokoblinBasket_Item_Ore_L']",1,,,"[978.59, -387.76, -237.29]",Table,['Minus_Arrow']
409286,MinusField,F-4,0x6618cc68ae642d01,Enemy_Bokoblin_Guard_Middle,Depths41,,0,"['Weapon_Bow_003', 'BokoblinPipe', 'FireFruit', 'BokoblinBasket_FireFruit']",1,,,"[644.29, -420.47, -770.12]",Table,['Minus_Arrow']
415025,MinusField,F-6,0x5a7c448fced3fd72,Enemy_Bokoblin_Guard_Middle,Depths1,,0,"['Weapon_Bow_003', 'BokoblinPipe']",0,,,"[364.89, -353.73, 1362.06]",Table,['Minus_Arrow']
416455,MinusField,F-6,0x3b269129ab6f81ef,Enemy_Bokoblin_Guard_Middle,Depths49,,0,"['Weapon_Bow_003', 'BokoblinPipe', 'FireFruit', 'BokoblinBasket_FireFruit']",1,,,"[181.93, -386.28, 1916.56]",Table,['Minus_Arrow']
416467,MinusField,F-6,0x8f5683790a8e1203,Enemy_Bokoblin_Guard_Middle,Depths1,,0,"['Weapon_Bow_003', 'BokoblinPipe']",1,,,"[800.6, -376.44, 1451]",Table,['Minus_Arrow']
416472,MinusField,F-6,0x594bc16cc877cf51,Enemy_Bokoblin_Guard_Middle,Depths1,,0,"['Weapon_Bow_003', 'BokoblinPipe']",1,,,"[971.42, -352.49, 1109.88]",Table,['Minus_Arrow']
416486,MinusField,F-6,0x2e55401649d242b4,Enemy_Bokoblin_Guard_Middle,Depths49,,0,"['Weapon_Bow_003', 'BokoblinPipe']",1,,,"[495.29, -352.18, 1664.39]",Table,['Minus_Arrow']
416487,MinusField,F-6,0x3a17da655212b8e4,Enemy_Bokoblin_Guard_Middle,Depths49,,0,"['Weapon_Bow_003', 'BokoblinPipe']",1,,,"[515.76, -352.17, 1658.82]",Table,['Minus_Arrow']
420458,MinusField,F-7,0x92a739c88ed568ec,Enemy_Bokoblin_Guard_Middle,Depths29,,0,"['Weapon_Bow_003', 'BokoblinPipe']",1,,,"[720.45, -353.96, 2790.73]",Table,['Minus_Arrow']
420461,MinusField,F-7,0x012c2519423daef9,Enemy_Bokoblin_Guard_Middle_TreeHouseTop,Depths29,,0,"['Weapon_Bow_003', 'BokoblinPipe', 'FireFruit', 'BokoblinBasket_FireFruit']",1,,,"[747.13, -347.1, 2770.73]",Table,['Minus_Arrow']
420466,MinusField,F-7,0xf1f698e2cc861103,Enemy_Bokoblin_Guard_Middle,Depths29,,0,"['Weapon_Bow_003', 'BokoblinPipe', 'BokoblinBasket_Item_Ore_L']",1,,,"[744.59, -350.37, 2801.08]",Table,['Minus_Arrow']
420494,MinusField,F-7,0x0a6d8981537f4f7b,Enemy_Bokoblin_Guard_Middle,Depths49,,0,"['Weapon_Bow_003', 'BokoblinPipe']",1,,,"[425, -364.89, 2861.44]",Table,['Minus_Arrow']
420506,MinusField,F-7,0xd18e759cbd3c8a7a,Enemy_Bokoblin_Guard_Middle,Depths29,,0,"['Weapon_Bow_003', 'BokoblinPipe', 'FireFruit', 'BokoblinBasket_FireFruit']",1,,,"[989.34, -366.33, 2744.97]",Table,['Minus_Arrow']
423690,MinusField,F-8,0x3e2ce30f10ce2d1d,Enemy_Bokoblin_Guard_Middle,Depths24,,0,"['Weapon_Bow_003', 'BokoblinPipe', 'FireFruit', 'BokoblinBasket_FireFruit']",1,,,"[156.82, -384.24, 3422.55]",Table,['Minus_Arrow']
423699,MinusField,F-8,0x2330bd66cba82ed1,Enemy_Bokoblin_Guard_Middle,Depths36,,0,"['Weapon_Bow_003', 'BokoblinPipe', 'FireFruit', 'BokoblinBasket_FireFruit']",1,,,"[350.8, -390.53, 3342.84]",Table,['Minus_Arrow']
423730,MinusField,F-8,0x8620325c69f7ce8f,Enemy_Bokoblin_Guard_Middle,Depths90,,0,"['Weapon_Bow_003', 'BokoblinPipe', 'FireFruit', 'BokoblinBasket_FireFruit']",1,,,"[8.49, -343.95, 3523.8]",Table,['Minus_Arrow']
423742,MinusField,F-8,0xa0d268ee325dc6db,Enemy_Bokoblin_Guard_Middle,Depths59,,0,"['Weapon_Bow_003', 'BokoblinPipe']",1,,,"[1000.29, -403.49, 3068.88]",Table,['Minus_Arrow']
423743,MinusField,F-8,0xe5c4a2988fdb40ef,Enemy_Bokoblin_Guard_Middle,Depths59,,0,"['Weapon_Bow_003', 'BokoblinPipe']",1,,,"[996.69, -403.48, 3089.78]",Table,['Minus_Arrow']
425756,MinusField,G-2,0x4d9969afddaf653e,Enemy_Bokoblin_Guard_Middle,Depths91,,0,"['Weapon_Bow_105', 'BokoblinPipe']",0,,,"[1372.32, -740.18, -2248.82]",Table,['Minus']
431800,MinusField,G-4,0xbc3ef4c56da3342b,Enemy_Bokoblin_Guard_Middle,Depths41,,0,"['Weapon_Bow_002', 'BokoblinPipe', 'FireFruit', 'BokoblinBasket_FireFruit']",1,,,"[1344.75, -366.16, -114.12]",Table,['Minus_Arrow']
431805,MinusField,G-4,0x907140cdcb9416b0,Enemy_Bokoblin_Guard_Middle,Depths41,,0,"['Weapon_Bow_003', 'BokoblinPipe']",1,,,"[1367.27, -368.68, -109.87]",Table,['Minus_Arrow']
431806,MinusField,G-4,0x89ba66862f0704ff,Enemy_Bokoblin_Guard_Middle,Depths41,,0,"['Weapon_Bow_003', 'BokoblinPipe']",1,,,"[1360.27, -368.68, -130.97]",Table,['Minus_Arrow']
433914,MinusField,G-5,0x12648254fd5c5b02,Enemy_Bokoblin_Guard_Middle_TreeHouseTop,Depths65,,0,"['Weapon_Bow_003', 'BokoblinPipe', 'FireFruit', 'BokoblinBasket_FireFruit']",1,,,"[1078.56, -354.62, 524.64]",Table,['Minus_Arrow']
433938,MinusField,G-5,0x148235581a1ff3f8,Enemy_Bokoblin_Guard_Middle,Depths65,,0,"['Weapon_Bow_003', 'BokoblinPipe']",1,,,"[1259.14, -352.61, 409.03]",Table,['Minus_Arrow']
433939,MinusField,G-5,0x28fd1446f1217b30,Enemy_Bokoblin_Guard_Middle,Depths65,,0,"['Weapon_Bow_003', 'BokoblinPipe']",1,,,"[1238.05, -352.6, 406.8]",Table,['Minus_Arrow']
437534,MinusField,G-6,0x1a559b7dd245745a,Enemy_Bokoblin_Guard_Middle,Depths1,,0,"['Weapon_Bow_003', 'BokoblinPipe']",1,,,"[1783.3, -353.73, 1718.95]",Table,['Minus_Arrow']
441086,MinusField,G-7,0xe1054531d40536ca,Enemy_Bokoblin_Guard_Middle,Depths102,,0,"['Weapon_Bow_003', 'BokoblinPipe']",1,,,"[1376.98, -463.26, 2777.28]",Table,['Minus_Arrow']
441110,MinusField,G-7,0x3d4fdf6d527746d7,Enemy_Bokoblin_Guard_Middle,Depths1,,0,"['Weapon_Bow_003', 'BokoblinPipe', 'FireFruit', 'BokoblinBasket_FireFruit']",1,,,"[1832.15, -358.28, 2035.34]",Table,['Minus_Arrow']
441135,MinusField,G-7,0x5ba0637855d9dc8d,Enemy_Bokoblin_Guard_Middle,Depths102,,0,"['Weapon_Bow_003', 'BokoblinPipe']",1,,,"[1828.31, -665.11, 2753.71]",Table,['Minus_Arrow']
441136,MinusField,G-7,0x57ba2a8e445c599d,Enemy_Bokoblin_Guard_Middle,Depths102,,0,"['Weapon_Bow_003', 'BokoblinPipe']",1,,,"[1830.44, -665.1, 2774.82]",Table,['Minus_Arrow']
443085,MinusField,G-8,0x7b13c72b6c4bfc5d,Enemy_Bokoblin_Guard_Middle,Depths62,,0,"['Weapon_Bow_003', 'BokoblinPipe']",0,,,"[1271.47, -343.72, 3626.72]",Table,['Minus_Arrow']
444564,MinusField,G-8,0x2b3ca6f47ba1e30a,Enemy_Bokoblin_Guard_Middle,Depths59,,0,"['Weapon_Bow_003', 'BokoblinPipe']",1,,,"[1336.42, -447, 3450.98]",Table,['Minus_Arrow']
444565,MinusField,G-8,0x3f32a7c6158f6366,Enemy_Bokoblin_Guard_Middle,Depths59,,0,"['Weapon_Bow_003', 'BokoblinPipe']",1,,,"[1351.72, -446.99, 3436.28]",Table,['Minus_Arrow']
444610,MinusField,G-8,0x363b6360bfb7940e,Enemy_Bokoblin_Guard_Middle,Depths59,,0,"['Weapon_Bow_003', 'BokoblinPipe']",1,,,"[1936.57, -465.41, 3721.25]",Table,['Minus_Arrow']
444611,MinusField,G-8,0x323deb0e15f19a66,Enemy_Bokoblin_Guard_Middle,Depths59,,0,"['Weapon_Bow_003', 'BokoblinPipe']",1,,,"[1952.17, -465.4, 3706.87]",Table,['Minus_Arrow']
445061,MinusField,H-1,0xf45a49db42dc9624,Enemy_Bokoblin_Guard_Middle,Depths103,,0,"['Weapon_Bow_105', 'BokoblinPipe']",0,,,"[1965.68, -720.3, -3015.84]",Table,['Minus']
447664,MinusField,H-3,0xffd2b9995f0b562a,Enemy_Bokoblin_Guard_Middle,Depths107,,0,"['Weapon_Bow_003', 'BokoblinPipe']",0,,,"[2527.4, -526.07, -1407.37]",Table,['Minus_Arrow']
451106,MinusField,H-4,0x86738edf9fd0066b,Enemy_Bokoblin_Guard_Middle,Depths84,,0,"['Weapon_Bow_002', 'BokoblinPipe', 'FireFruit', 'BokoblinBasket_FireFruit']",1,,,"[2493.72, -483.35, -408.11]",Table,['Minus_Arrow']
451111,MinusField,H-4,0x6d84bbd201eb67fc,Enemy_Bokoblin_Guard_Middle,Depths84,,0,"['Weapon_Bow_003', 'BokoblinPipe']",1,,,"[2517.29, -485.88, -412.35]",Table,['Minus_Arrow']
451112,MinusField,H-4,0x74093080f1b15ba7,Enemy_Bokoblin_Guard_Middle,Depths84,,0,"['Weapon_Bow_003', 'BokoblinPipe']",1,,,"[2502.34, -485.87, -428.81]",Table,['Minus_Arrow']
451168,MinusField,H-4,0x4ed7b65aeea92cab,Enemy_Bokoblin_Guard_Middle,Depths84,,0,"['Weapon_Bow_003', 'BokoblinPipe', 'FireFruit', 'BokoblinBasket_FireFruit']",1,,,"[2554.22, -483.98, 7.59]",Table,['Minus_Arrow']
451202,MinusField,H-4,0x8753c819439c9d0a,Enemy_Bokoblin_Guard_Middle,Depths17,,0,"['Weapon_Bow_003', 'BokoblinPipe']",1,,,"[1994.61, -356.51, -198.08]",Table,['Minus_Arrow']
454293,MinusField,H-5,0x15805d1de321d25d,Enemy_Bokoblin_Guard_Middle,Depths11,,0,"['Weapon_Bow_003', 'BokoblinPipe', 'BokoblinBasket_Item_Ore_L']",1,,,"[2777.71, -470.12, 628.17]",Table,['Minus_Arrow']
457908,MinusField,H-6,0x4f5c41a6f5a17505,Enemy_Bokoblin_Guard_Middle,Depths13,,0,"['Weapon_Bow_003', 'BokoblinPipe']",1,,,"[2408.11, -455.23, 1624.75]",Table,['Minus_Arrow']
461500,MinusField,H-7,0x75a2b5b447642d99,Enemy_Bokoblin_Guard_Middle,Depths61,,0,"['Weapon_Bow_002', 'BokoblinPipe', 'FireFruit', 'BokoblinBasket_FireFruit']",1,,,"[2592.9, -509.58, 2971.14]",Table,['Minus_Arrow']
461505,MinusField,H-7,0x528baaa53c64c30e,Enemy_Bokoblin_Guard_Middle,Depths61,,0,"['Weapon_Bow_003', 'BokoblinPipe']",1,,,"[2570.02, -512.09, 2972.76]",Table,['Minus_Arrow']
461506,MinusField,H-7,0xa502d389c53adf3a,Enemy_Bokoblin_Guard_Middle,Depths61,,0,"['Weapon_Bow_003', 'BokoblinPipe']",1,,,"[2581.9, -512.09, 2991.55]",Table,['Minus_Arrow']
461586,MinusField,H-7,0x80a47ea444ccd961,Enemy_Bokoblin_Guard_Middle,Depths61,,0,"['Weapon_Bow_003', 'BokoblinPipe']",1,,,"[3039.73, -486.47, 2808.7]",Table,['Minus_Arrow']
462974,MinusField,H-8,0x438d9f6e0a2e6034,Enemy_Bokoblin_Guard_Middle,Depths61,,0,"['Weapon_Bow_003', 'BokoblinPipe']",0,,,"[2269.64, -356.92, 3862.25]",Table,['Minus_Arrow']
464554,MinusField,H-8,0x76ea4fc528784bab,Enemy_Bokoblin_Guard_Middle_TreeHouseTop,Depths62,,0,"['Weapon_Bow_003', 'BokoblinPipe', 'FireFruit', 'BokoblinBasket_FireFruit']",1,,,"[2815.7, -344.63, 3868.83]",Table,['Minus_Arrow']
464615,MinusField,H-8,0x4603cad5e47c2a68,Enemy_Bokoblin_Guard_Middle,Depths61,,0,"['Weapon_Bow_003', 'BokoblinPipe', 'FireFruit', 'BokoblinBasket_FireFruit']",1,,,"[2999.81, -480.68, 3048.13]",Table,['Minus_Arrow']
467278,MinusField,I-1,0xcbe4bb170c735259,Enemy_Bokoblin_Guard_Middle,Depths22,,0,"['Weapon_Bow_003', 'BokoblinPipe', 'BokoblinBasket_Item_Ore_L']",1,,,"[3259.72, -339.6, -3280.9]",Table,['Minus_Arrow']
467320,MinusField,I-1,0xcc2d83dfaccb0e5a,Enemy_Bokoblin_Guard_Middle,Depths20,,0,"['Weapon_Bow_104', 'BokoblinPipe']",1,,,"[3615.71, -527.42, -3431.12]",Table,['Minus_Arrow']
470069,MinusField,I-2,0xa64208e3a459974a,Enemy_Bokoblin_Guard_Middle,Depths20,,0,"['Weapon_Bow_003', 'BokoblinPipe']",1,,,"[3838.86, -391.06, -2775.47]",Table,['Minus_Arrow']
472910,MinusField,I-3,0x948a1cd179c52279,Enemy_Bokoblin_Guard_Middle,Depths2,,0,"['Weapon_Bow_003', 'BokoblinPipe', 'BokoblinBasket_Item_Ore_L']",1,,,"[3269.28, -550.78, -1203.87]",Table,['Minus_Arrow']
472920,MinusField,I-3,0x1f7a3080db71335d,Enemy_Bokoblin_Guard_Middle,Depths2,,0,"['Weapon_Bow_002', 'BokoblinPipe', 'FireFruit', 'BokoblinBasket_FireFruit']",1,,,"[3022.1, -610.45, -1113.68]",Table,['Minus_Arrow']
472925,MinusField,I-3,0xc73cdc8bea6f15d3,Enemy_Bokoblin_Guard_Middle,Depths2,,0,"['Weapon_Bow_003', 'BokoblinPipe']",1,,,"[3046.45, -612.99, -1111.93]",Table,['Minus_Arrow']
472926,MinusField,I-3,0xce77ea5779311ef5,Enemy_Bokoblin_Guard_Middle,Depths2,,0,"['Weapon_Bow_003', 'BokoblinPipe']",1,,,"[3035.69, -612.98, -1131.38]",Table,['Minus_Arrow']
472967,MinusField,I-3,0xd14b58d9cc5ccc4a,Enemy_Bokoblin_Guard_Middle,Depths33,,0,"['Weapon_Bow_003', 'BokoblinPipe', 'FireFruit', 'BokoblinBasket_FireFruit']",1,,,"[3889.1, -582.63, -1275.81]",Table,['Minus_Arrow']
473018,MinusField,I-3,0x53eb6957e340c65e,Enemy_Bokoblin_Guard_Middle,Depths33,,0,"['Weapon_Bow_003', 'BokoblinPipe']",1,,,"[3644.18, -435.01, -1943.79]",Table,['Minus_Arrow']
476162,MinusField,I-4,0x61d27355f6ce10e0,Enemy_Bokoblin_Guard_Middle,Depths85,,0,"['Weapon_Bow_003', 'BokoblinPipe', 'BokoblinBasket_Item_Ore_L']",1,,,"[3452.08, -741.22, -962.58]",Table,['Minus_Arrow']
476241,MinusField,I-4,0x499ce44811b780bb,Enemy_Bokoblin_Guard_Middle,Depths34,,0,"['Weapon_Bow_003', 'BokoblinPipe']",1,,,"[3992.15, -586.12, -194.1]",Table,['Minus_Arrow']
476242,MinusField,I-4,0x458264216f789e8f,Enemy_Bokoblin_Guard_Middle,Depths34,,0,"['Weapon_Bow_003', 'BokoblinPipe']",1,,,"[3973.98, -586.11, -205.03]",Table,['Minus_Arrow']
479110,MinusField,I-5,0xc24918355b0f659c,Enemy_Bokoblin_Guard_Middle_TreeHouseTop,Depths34,,0,"['Weapon_Bow_003', 'BokoblinPipe', 'FireFruit', 'BokoblinBasket_FireFruit']",1,,,"[3700.2, -628.17, 53.87]",Table,['Minus_Arrow']
479148,MinusField,I-5,0x73c4b3089a37600e,Enemy_Bokoblin_Guard_Middle,Depths34,,0,"['Weapon_Bow_003', 'BokoblinPipe']",1,,,"[3659.54, -582.77, 115.04]",Table,['Minus_Arrow']
479158,MinusField,I-5,0x2ad171d0802dcc06,Enemy_Bokoblin_Guard_Middle,Depths68,,0,"['Weapon_Bow_003', 'BokoblinPipe']",1,,,"[3955.94, -371.15, 333.29]",Table,['Minus_Arrow']
479159,MinusField,I-5,0x3fc71ea96ac24a2e,Enemy_Bokoblin_Guard_Middle,Depths68,,0,"['Weapon_Bow_003', 'BokoblinPipe']",1,,,"[3968.74, -371.14, 316.38]",Table,['Minus_Arrow']
482257,MinusField,I-6,0x7b559f3bff835946,Enemy_Bokoblin_Guard_Middle,Depths38,,0,"['Weapon_Bow_003', 'BokoblinPipe']",1,,,"[3480.28, -537.06, 1070.21]",Table,['Minus_Arrow']
482258,MinusField,I-6,0xfbb9add49ce1756f,Enemy_Bokoblin_Guard_Middle,Depths38,,0,"['Weapon_Bow_003', 'BokoblinPipe']",1,,,"[3474.6, -537.2, 1090.63]",Table,['Minus_Arrow']
482268,MinusField,I-6,0x36ae81b028272fdb,Enemy_Bokoblin_Guard_Middle,Depths38,,0,"['Weapon_Bow_003', 'BokoblinPipe']",1,,,"[3341.1, -514.39, 1298.24]",Table,['Minus_Arrow']
482269,MinusField,I-6,0xbf0fbedfd006c61c,Enemy_Bokoblin_Guard_Middle,Depths38,,0,"['Weapon_Bow_003', 'BokoblinPipe']",1,,,"[3324, -514.36, 1285.73]",Table,['Minus_Arrow']
485215,MinusField,I-7,0x4cbf9b1313d7838d,Enemy_Bokoblin_Guard_Middle,Depths13,,0,"['Weapon_Bow_003', 'BokoblinPipe']",1,,,"[3368.68, -469.25, 1999.23]",Table,['Minus_Arrow']
485216,MinusField,I-7,0x78a1838af8957bfd,Enemy_Bokoblin_Guard_Middle,Depths13,,0,"['Weapon_Bow_003', 'BokoblinPipe']",1,,,"[3375.56, -469.24, 1979.16]",Table,['Minus_Arrow']
485226,MinusField,I-7,0xac8563e14b7e1613,Enemy_Bokoblin_Guard_Middle,Depths13,,0,"['Weapon_Bow_003', 'BokoblinPipe']",1,,,"[3233.8, -552.3, 2493.67]",Table,['Minus_Arrow']
485227,MinusField,I-7,0xb893ac1855be1836,Enemy_Bokoblin_Guard_Middle,Depths13,,0,"['Weapon_Bow_003', 'BokoblinPipe']",1,,,"[3217.84, -552.29, 2507.65]",Table,['Minus_Arrow']
486868,MinusField,I-8,0x229e381b3fcd84a6,Enemy_Bokoblin_Guard_Middle_Cliff,Depths61,,0,['Weapon_Bow_003'],1,,,"[3273.24, -371.06, 3406.25]",Table,['Minus_Arrow']
486869,MinusField,I-8,0x980cac598044a8e7,Enemy_Bokoblin_Guard_Middle,Depths61,,0,"['Weapon_Bow_003', 'BokoblinPipe']",1,,,"[3276.54, -367.36, 3406.49]",Table,['Minus_Arrow']
486870,MinusField,I-8,0x6a7ee6bec3f13bf5,Enemy_Bokoblin_Guard_Middle_Cliff,Depths61,,0,['BokoblinBasket_FireFruit'],1,,,"[3281.42, -373.01, 3401.77]",Table,['Minus']
486918,MinusField,I-8,0x2420b83c2090c5ec,Enemy_Bokoblin_Guard_Middle,Depths61,,0,"['Weapon_Bow_003', 'BokoblinPipe']",1,,,"[3573.5, -571.67, 3304.51]",Table,['Minus_Arrow']
486921,MinusField,I-8,0xb7a0bf53a8781cf8,Enemy_Bokoblin_Guard_Middle_TreeHouseTop,Depths61,,0,"['Weapon_Bow_003', 'BokoblinPipe', 'FireFruit', 'BokoblinBasket_FireFruit']",1,,,"[3584.57, -564.64, 3273.09]",Table,['Minus_Arrow']
486926,MinusField,I-8,0x429f08629ae54c0f,Enemy_Bokoblin_Guard_Middle,Depths61,,0,"['Weapon_Bow_003', 'BokoblinPipe', 'BokoblinBasket_Item_Ore_L']",1,,,"[3599.36, -568.46, 3299.63]",Table,['Minus_Arrow']
486959,MinusField,I-8,0x200537f781d4630e,Enemy_Bokoblin_Guard_Middle,Depths62,,0,"['Weapon_Bow_003', 'BokoblinPipe']",1,,,"[3494.83, -346.72, 3424.27]",Table,['Minus_Arrow']
486979,MinusField,I-8,0x5a82665c67532795,Enemy_Bokoblin_Guard_Middle,Depths62,,0,"['Weapon_Bow_003', 'BokoblinPipe']",1,,,"[3351.3, -344.13, 3811.18]",Table,['Minus_Arrow']
489785,MinusField,J-2,0xf5a647858546e0c1,Enemy_Bokoblin_Guard_Middle,Depths20,,0,"['Weapon_Bow_003', 'BokoblinPipe']",1,,,"[4057.82, -488.08, -2948.46]",Table,['Minus_Arrow']
489808,MinusField,J-2,0x04b93392a572e40d,Enemy_Bokoblin_Guard_Middle,Depths2,,0,"['Weapon_Bow_003', 'BokoblinPipe']",1,,,"[4069.83, -414.25, -2471.19]",Table,['Minus_Arrow']
493266,MinusField,J-4,0xad78972a47a843ef,Enemy_Bokoblin_Guard_Middle,Depths56,,0,"['Weapon_Bow_003', 'BokoblinPipe', 'FireFruit', 'BokoblinBasket_FireFruit']",1,,,"[4068.86, -568.33, -711.83]",Table,['Minus_Arrow']
493297,MinusField,J-4,0xdbe4d592a5159f87,Enemy_Bokoblin_Guard_Middle,Depths85,,0,"['Weapon_Bow_003', 'BokoblinPipe']",1,,,"[4150.46, -656.56, -146.84]",Table,['Minus_Arrow']
494753,MinusField,J-5,0xc0db62efedfaf379,Enemy_Bokoblin_Guard_Middle,Depths68,,0,"['Weapon_Bow_003', 'BokoblinPipe']",1,,,"[4363.07, -383.61, 116.12]",Table,['Minus_Arrow']
494754,MinusField,J-5,0xc421da9f37ba8b30,Enemy_Bokoblin_Guard_Middle,Depths68,,0,"['Weapon_Bow_003', 'BokoblinPipe']",1,,,"[4384.22, -383.6, 114.41]",Table,['Minus_Arrow']
496006,MinusField,J-6,0x7917a94b7a3556fa,Enemy_Bokoblin_Guard_Middle,Depths38,,0,"['Weapon_Bow_003', 'BokoblinPipe']",1,,,"[4020.48, -698.41, 1555.07]",Table,['Minus_Arrow']
496007,MinusField,J-6,0xf1b47b319ecb6d8b,Enemy_Bokoblin_Guard_Middle,Depths38,,0,"['Weapon_Bow_003', 'BokoblinPipe']",1,,,"[4015.31, -698.48, 1534.51]",Table,['Minus_Arrow']
496255,MinusField,J-7,0xce9805904a74a5e6,Enemy_Bokoblin_Guard_Middle,Depths78,,0,"['Weapon_Bow_003', 'BokoblinPipe']",0,,,"[4167.83, -345.28, 2443.72]",Table,['Minus_Arrow']
496674,MinusField,J-7,0x3461cb9a75646058,Enemy_Bokoblin_Guard_Middle_TreeHouseTop,Depths78,,0,"['Weapon_Bow_003', 'BokoblinPipe', 'FireFruit', 'BokoblinBasket_FireFruit']",1,,,"[4667.3, -390.67, 2368.57]",Table,['Minus_Arrow']
496690,MinusField,J-7,0x02ca92768f88c023,Enemy_Bokoblin_Guard_Middle,Depths78,,0,"['Weapon_Bow_003', 'BokoblinPipe']",1,,,"[4461.28, -370.46, 2475.05]",Table,['Minus_Arrow']
496691,MinusField,J-7,0x1fccb47715ac5a4f,Enemy_Bokoblin_Guard_Middle,Depths78,,0,"['Weapon_Bow_003', 'BokoblinPipe']",1,,,"[4444, -370.44, 2487.35]",Table,['Minus_Arrow']
