ActorName,Name,Type,Object Map Link,X,Y,Height,X,Y,Height,X,Y,Height,X,Y,Height,X,Y,Height,X,Y,Height,X,Y,Height,X,Y,Height,X,Y,Height,X,Y,Height,X,Y,Height,X,Y,Height
MapRegion_Eldin_Sky,Eldin Sky,Location,Eldin Sky,1978.9487,2088.8088,1894.5,,,,,,,,,,,,,,,,,,,,,,,,,,,,,,,,,
MapRegion_Eldin,Eldin,Location,Eldin,1934.8647,2232.061,-105.5,,,,,,,,,,,,,,,,,,,,,,,,,,,,,,,,,
MapRegion_Firone_Sky,Faron Sky,Location,Faron Sky,969.32825,-2825.316,894.5,,,,,,,,,,,,,,,,,,,,,,,,,,,,,,,,,
MapRegion_Firone,Faron,Location,Faron,969.32825,-2825.316,-105.5,,,,,,,,,,,,,,,,,,,,,,,,,,,,,,,,,
MapRegion_Gerudo_Sky,Gerudo Sky,Location,Gerudo Sky,-3624.8682,-2759.0654,1894.5,,,,,,,,,,,,,,,,,,,,,,,,,,,,,,,,,
MapRegion_Gerudo,Gerudo,Location,Gerudo,-3989.0056,-3257.3423,-105.5,,,,,,,,,,,,,,,,,,,,,,,,,,,,,,,,,
MapRegion_Hateru_Sky,Necluda Sky,Location,Necluda Sky,2642.6465,-1964.2283,1894.5,,,,,,,,,,,,,,,,,,,,,,,,,,,,,,,,,
MapRegion_Hateru,Necluda,Location,Necluda,2500.505,-1685.2559,-105.5,,,,,,,,,,,,,,,,,,,,,,,,,,,,,,,,,
MapRegion_Hebura_Sky,Hebra Sky,Location,Hebra Sky,-3357.8232,2442.1362,894.5,,,,,,,,,,,,,,,,,,,,,,,,,,,,,,,,,
MapRegion_Hebura,Hebra,Location,Hebra,-3357.8232,2704.6104,-105.5,,,,,,,,,,,,,,,,,,,,,,,,,,,,,,,,,
MapRegion_HyrulePrairie_Sky,Central Hyrule Sky,Location,Central Hyrule Sky,-247.97748,77.934204,1894.5,,,,,,,,,,,,,,,,,,,,,,,,,,,,,,,,,
MapRegion_HyrulePrairie,Central Hyrule,Location,Central Hyrule,-256.19678,-116.21338,-105.5,,,,,,,,,,,,,,,,,,,,,,,,,,,,,,,,,
MapRegion_Lanayru_Sky,Lanayru Sky,Location,Lanayru Sky,3174.9326,-499.82422,1894.5,,,,,,,,,,,,,,,,,,,,,,,,,,,,,,,,,
MapRegion_Lanayru,Lanayru,Location,Lanayru,3174.9326,-615.16205,-105.5,,,,,,,,,,,,,,,,,,,,,,,,,,,,,,,,,
MapRegion_Tamul_Sky,Akkala Sky,Location,Akkala Sky,3950.0586,2575.9775,1894.5,,,,,,,,,,,,,,,,,,,,,,,,,,,,,,,,,
MapRegion_Tamul,Akkala,Location,Akkala,3556.7686,3039.2314,-105.5,,,,,,,,,,,,,,,,,,,,,,,,,,,,,,,,,
BeginningIsland,Great Sky Island,Location,Great Sky Island,394.477,-1259.8545,1831.9567,,,,,,,,,,,,,,,,,,,,,,,,,,,,,,,,,
Rito_SkyHighIsland,Guardian of the Rising Island Chain,Location,Guardian of the Rising Island Chain,-3156,3215,1894.5,,,,,,,,,,,,,,,,,,,,,,,,,,,,,,,,,
SkyIslands_Eldin01,Eldin Sky Archipelago,Location,Eldin Sky Archipelago,1777,2705.5,1894.5,,,,,,,,,,,,,,,,,,,,,,,,,,,,,,,,,
SkyIslands_Eldin02,South Eldin Sky Archipelago,Location,South Eldin Sky Archipelago,1924.841,798.7323,1894.5,,,,,,,,,,,,,,,,,,,,,,,,,,,,,,,,,
SkyIslands_Firone01,Faron Sky Archipelago,Location,Faron Sky Archipelago,-68.03299,-2751.132,894.5,,,,,,,,,,,,,,,,,,,,,,,,,,,,,,,,,
SkyIslands_Firone02,West Necluda Sky Archipelago,Location,West Necluda Sky Archipelago,1295.387,-2346.836,1896.1287,,,,,,,,,,,,,,,,,,,,,,,,,,,,,,,,,
SkyIslands_Gerudo01,East Gerudo Sky Archipelago,Location,East Gerudo Sky Archipelago,-1866.2982,-2316.1748,1894.5,,,,,,,,,,,,,,,,,,,,,,,,,,,,,,,,,
SkyIslands_Gerudo02,North Gerudo Sky Archipelago,Location,North Gerudo Sky Archipelago,-3573.1611,-607.9292,1894.5,,,,,,,,,,,,,,,,,,,,,,,,,,,,,,,,,
SkyIslands_Hateru01,Necluda Sky Archipelago,Location,Necluda Sky Archipelago,2540.858,-2270.683,1894.5,,,,,,,,,,,,,,,,,,,,,,,,,,,,,,,,,
SkyIslands_Hateru02,South Necluda Sky Archipelago,Location,South Necluda Sky Archipelago,2559.246,-3751.438,894.5,,,,,,,,,,,,,,,,,,,,,,,,,,,,,,,,,
SkyIslands_Hebra02,East Hebra Sky Archipelago,Location,East Hebra Sky Archipelago,-1729.4684,3171.4014,1894.5,,,,,,,,,,,,,,,,,,,,,,,,,,,,,,,,,
SkyIslands_Hebra03,South Hebra Sky Archipelago,Location,South Hebra Sky Archipelago,-3136.992,2019.0597,1894.5,,,,,,,,,,,,,,,,,,,,,,,,,,,,,,,,,
SkyIslands_Hebra04,West Hebra Sky Archipelago,Location,West Hebra Sky Archipelago,-3845.8484,2300,1894.5,,,,,,,,,,,,,,,,,,,,,,,,,,,,,,,,,
SkyIslands_Hyrule01,Central Hyrule Sky Archipelago,Location,Central Hyrule Sky Archipelago,131.831,-92.04001,1949.2285,,,,,,,,,,,,,,,,,,,,,,,,,,,,,,,,,
SkyIslands_Hyrule02,North Necluda Sky Archipelago,Location,North Necluda Sky Archipelago,1795.117,-864.054,1894.5,,,,,,,,,,,,,,,,,,,,,,,,,,,,,,,,,
SkyIslands_Hyrule03,South Hyrule Sky Archipelago,Location,South Hyrule Sky Archipelago,-901.231,-1380,1894.5,,,,,,,,,,,,,,,,,,,,,,,,,,,,,,,,,
SkyIslands_Hyrule04,North Hyrule Sky Archipelago,Location,North Hyrule Sky Archipelago,349.93207,2354.2976,1894.5,,,,,,,,,,,,,,,,,,,,,,,,,,,,,,,,,
SkyIslands_Hyrule05,West Hyrule Sky Archipelago,Location,West Hyrule Sky Archipelago,-2292.0156,-538.68945,894.5,,,,,,,,,,,,,,,,,,,,,,,,,,,,,,,,,
SkyIslands_Lanayru02,South Lanayru Sky Archipelago,Location,South Lanayru Sky Archipelago,4368.396,-1254.572,1894.5,,,,,,,,,,,,,,,,,,,,,,,,,,,,,,,,,
SkyIslands_Lanayru03,Lanayru Sky Archipelago,Location,Lanayru Sky Archipelago,3010.0723,83.19644,1894.5,,,,,,,,,,,,,,,,,,,,,,,,,,,,,,,,,
SkyIslands_Tabanta01,Tabantha Sky Archipelago,Location,Tabantha Sky Archipelago,-2942.5188,558.38806,1894.5,,,,,,,,,,,,,,,,,,,,,,,,,,,,,,,,,
SkyIslands_Tabanta02,North Tabantha Sky Archipelago,Location,North Tabantha Sky Archipelago,-3600.504,1333.86,1894.4995,,,,,,,,,,,,,,,,,,,,,,,,,,,,,,,,,
SkyIslands_Tamul01,Sokkala Sky Archipelago,Location,Sokkala Sky Archipelago,3738.987,1688.586,1894.5,,,,,,,,,,,,,,,,,,,,,,,,,,,,,,,,,
SkyIslands_Tamul02,North Akkala Sky Archipelago,Location,North Akkala Sky Archipelago,3703.71,2998.647,1744.5,,,,,,,,,,,,,,,,,,,,,,,,,,,,,,,,,
ZonauThunderSkyIsland,Thunderhead Isles,Location,Thunderhead Isles,911.688,-3064.658,1894.5,,,,,,,,,,,,,,,,,,,,,,,,,,,,,,,,,
AncientTimeShrine,Temple of Time,Location,Temple of Time,453.45944,-800.34515,1556.0502,,,,,,,,,,,,,,,,,,,,,,,,,,,,,,,,,
HopesPlateau,Great Plateau,Location,Great Plateau,-938.11707,-1905.6602,129.9645,,,,,,,,,,,,,,,,,,,,,,,,,,,,,,,,,
TimesShrine,Temple of Time Ruins,Location,Temple of Time Ruins,-818.08215,-2002.0026,116.50029,,,,,,,,,,,,,,,,,,,,,,,,,,,,,,,,,
LostForest,Lurker in the Lost Woods,Location,Lurker in the Lost Woods,723,1918.5,138,,,,,,,,,,,,,,,,,,,,,,,,,,,,,,,,,
EX_LowGravityIsland,Wellspring Island,Location,Wellspring Island,3520.25,535.5,1894.5,,,,,,,,,,,,,,,,,,,,,,,,,,,,,,,,,
GerudoDesertCrack,Desert Rift,Location,Desert Rift,-3515.1423,-2731.3923,-26.34299,,,,,,,,,,,,,,,,,,,,,,,,,,,,,,,,,
SkyIsland0001,Courage Island,Location,Courage Island,-2265.9956,728,1894.5,-2265.996,745,1894.5,,,,,,,,,,,,,,,,,,,,,,,,,,,,,,
SkyIsland0002,Bravery Island,Location,Bravery Island,206.706,1937,1984.15,204.55377,1915,1984.1497,,,,,,,,,,,,,,,,,,,,,,,,,,,,,,
SkyIsland0003,Valor Island,Location,Valor Island,4579.1104,-919.4617,2618.5212,4562.08,-906.6121,1618.521,,,,,,,,,,,,,,,,,,,,,,,,,,,,,,
SkyIsland0004,Sky Mine,Location,Sky Mine,4603.174,2129.3264,1302.0305,,,,,,,,,,,,,,,,,,,,,,,,,,,,,,,,,
SkyIsland0009,Lightcast Island,Location,Lightcast Island,-3607.174,1032,1894.5,,,,,,,,,,,,,,,,,,,,,,,,,,,,,,,,,
SkyIsland0010,Zonaite Forge Island,Location,Zonaite Forge Island,2349.019,-1869.35,10894.489,2349.044,-1879,10894.5,,,,,,,,,,,,,,,,,,,,,,,,,,,,,,
SkyIsland0011,Starview Island,Location,Starview Island,-3488.5,-317,1906.2151,-3488,-264,1894.5,,,,,,,,,,,,,,,,,,,,,,,,,,,,,,
SkyIsland0012,North Lomei Castle Top Floor,Location,North Lomei Castle Top Floor,-825,3370,1184.5,,,,,,,,,,,,,,,,,,,,,,,,,,,,,,,,,
SkyIsland0013,South Lomei Castle Top Floor,Location,South Lomei Castle Top Floor,-1795,-3605.5,1185.1163,,,,,,,,,,,,,,,,,,,,,,,,,,,,,,,,,
SkyIsland0014,Lomei Sky Labyrinth,Location,Lomei Sky Labyrinth,4656.199,3789.028,1007.7902,,,,,,,,,,,,,,,,,,,,,,,,,,,,,,,,,
ZonauTriedForceSkyIsland,Dragonhead Island,Location,Dragonhead Island,1460,-3380.75,1894.5,,,,,,,,,,,,,,,,,,,,,,,,,,,,,,,,,
Zora_FishIsland,Floating Scales Island,Location,Floating Scales Island,4077.0554,535.5341,895.5,,,,,,,,,,,,,,,,,,,,,,,,,,,,,,,,,
BraveFountain,Spring of Courage,Location,Spring of Courage,879.5,-2371.8196,-2.5,,,,,,,,,,,,,,,,,,,,,,,,,,,,,,,,,
DragonMarsh,Dragon Bone Mire,Location,Dragon Bone Mire,-4144.5,1698.5,108.5,,,,,,,,,,,,,,,,,,,,,,,,,,,,,,,,,
FlamingoSpa,Goflam's Secret Hot Spring,Location,Goflam's Secret Hot Spring,-3442.3696,3545.5022,-105.5,-3418.9233,3539.3965,368.7313,,,,,,,,,,,,,,,,,,,,,,,,,,,,,,
FlowerSandbank,Floret Sandbar,Location,Floret Sandbar,853.6,-837.30005,-45.7,,,,,,,,,,,,,,,,,,,,,,,,,,,,,,,,,
KingfisherSpa,Sherfin's Secret Hot Spring,Location,Sherfin's Secret Hot Spring,-4319.5,3495,355,,,,,,,,,,,,,,,,,,,,,,,,,,,,,,,,,
KumSpa,Sturnida Secret Hot Spring,Location,Sturnida Secret Hot Spring,-4089,2731.5,-22,,,,,,,,,,,,,,,,,,,,,,,,,,,,,,,,,
PowerFountain,Spring of Power,Location,Spring of Power,3756.1265,2672.1367,-4.30495,,,,,,,,,,,,,,,,,,,,,,,,,,,,,,,,,
WiseFountain,Spring of Wisdom,Location,Spring of Wisdom,3926.4417,-1335.4703,450.4635,,,,,,,,,,,,,,,,,,,,,,,,,,,,,,,,,
AdeyaVillage,Deya Village Ruins,Location,Deya Village Ruins,354.53073,-1962.5132,9.504196,,,,,,,,,,,,,,,,,,,,,,,,,,,,,,,,,
AkkareBigBridge,Akkala Span,Location,Akkala Span,3009.3467,1231.5564,225.66614,,,,,,,,,,,,,,,,,,,,,,,,,,,,,,,,,
AkkareGarrison,Akkala Parade Ground Ruins,Location,Akkala Parade Ground Ruins,3307.7832,1235.5178,111.96124,,,,,,,,,,,,,,,,,,,,,,,,,,,,,,,,,
AkkareZhai,Akkala Citadel Ruins,Location,Akkala Citadel Ruins,3323.8662,1534.9125,507.9504,3324.2095,1502.8242,503.1224,,,,,,,,,,,,,,,,,,,,,,,,,,,,,,
AkkareZhaiBridge,Akkala Bridge Ruins,Location,Akkala Bridge Ruins,3161.5957,1416.6415,277.3829,,,,,,,,,,,,,,,,,,,,,,,,,,,,,,,,,
BigBrotherBridge,Big Twin Bridge,Location,Big Twin Bridge,1673.1136,-2032.8193,-21.527954,,,,,,,,,,,,,,,,,,,,,,,,,,,,,,,,,
CastleTownMark,Hyrule Castle Town Ruins,Location,Hyrule Castle Town Ruins,-254.41684,375.6508,-147.43979,,,,,,,,,,,,,,,,,,,,,,,,,,,,,,,,,
CentralExchange,Exchange Ruins,Location,Exchange Ruins,-750.0175,-859.66016,190.8422,-751.6704,-821.4497,22.82971,,,,,,,,,,,,,,,,,,,,,,,,,,,,,,
ChirakaVillage,Goponga Village Ruins,Location,Goponga Village Ruins,1619.9369,-281.86096,4.29549,,,,,,,,,,,,,,,,,,,,,,,,,,,,,,,,,
Corosseo,Coliseum Ruins,Location,Coliseum Ruins,-1151,-1262.5,-55.5,,,,,,,,,,,,,,,,,,,,,,,,,,,,,,,,,
DeathMountainWestWorkshop,Death Mountain West Site,Location,Death Mountain West Site,2169,2729.9233,530,,,,,,,,,,,,,,,,,,,,,,,,,,,,,,,,,
DodoraBridge,Luto's Crossing,Location,Luto's Crossing,3067.7861,3.1120605,157.4678,,,,,,,,,,,,,,,,,,,,,,,,,,,,,,,,,
EastGerudoRuins,East Gerudo Ruins,Location,East Gerudo Ruins,-2696.0173,-2843.4111,98.47874,-2693.2366,-2851.4136,7.65087,,,,,,,,,,,,,,,,,,,,,,,,,,,,,,
EastPostTownRuin,East Post Ruins,Location,East Post Ruins,17.563965,-1560.6714,-47.4701,,,,,,,,,,,,,,,,,,,,,,,,,,,,,,,,,
Execution,Castle Town Prison,Location,Castle Town Prison,-676.786,836.9833,-13.12038,,,,,,,,,,,,,,,,,,,,,,,,,,,,,,,,,
EzzuBridge,Eagus Bridge,Location,Eagus Bridge,969.6924,-942.83386,-6.368065,,,,,,,,,,,,,,,,,,,,,,,,,,,,,,,,,
FloriaBridge,Floria Bridge,Location,Floria Bridge,1731.4282,-3454.8416,54.25516,,,,,,,,,,,,,,,,,,,,,,,,,,,,,,,,,
FrontGatePosttown,Gatepost Town Ruins,Location,Gatepost Town Ruins,-537.875,-1445.4766,1.18594,,,,,,,,,,,,,,,,,,,,,,,,,,,,,,,,,
GameBitalockGolf,Ultra Ball Haul Check-In,Location,Ultra Ball Haul Check-In,-3128.2317,611.1468,-79.176306,,,,,,,,,,,,,,,,,,,,,,,,,,,,,,,,,
GameShiledSurf,Selmie's Spot,Location,Selmie's Spot,-2952.0266,3142.8638,550.69714,,,,,,,,,,,,,,,,,,,,,,,,,,,,,,,,,
GarakishiVillage,Shadow Hamlet Ruins,Location,Shadow Hamlet Ruins,3044.9724,2281.275,339.4368,,,,,,,,,,,,,,,,,,,,,,,,,,,,,,,,,
GatakaraGarrison,Kolomo Garrison Ruins,Location,Kolomo Garrison Ruins,-464.38986,-1272.5507,23.49136,,,,,,,,,,,,,,,,,,,,,,,,,,,,,,,,,
GoronBridge,Stolock Bridge,Location,Stolock Bridge,1627.1952,2478.004,453.8783,1648.506,2437.7305,453.7886,,,,,,,,,,,,,,,,,,,,,,,,,,,,,,
HachijoBridge,Owlan Bridge,Location,Owlan Bridge,325.47586,-1273.4111,-42.377525,,,,,,,,,,,,,,,,,,,,,,,,,,,,,,,,,
HatenoGate,Fort Hateno,Location,Fort Hateno,2323.9536,-1837.3923,-28.42524,,,,,,,,,,,,,,,,,,,,,,,,,,,,,,,,,
HeburaLodge,Hebra Trailhead Lodge,Location,Hebra Trailhead Lodge,-3572.0227,2258.135,122.33005,,,,,,,,,,,,,,,,,,,,,,,,,,,,,,,,,
HyralBridge,Bridge of Hylia,Location,Bridge of Hylia,-37.40747,-2518.4812,26.33594,,,,,,,,,,,,,,,,,,,,,,,,,,,,,,,,,
HyruleCastle_Hall_0,Sanctum,Location,Sanctum,-254,1076.9401,339.281,-253.7012,1100.9507,374.1435,,,,,,,,,,,,,,,,,,,,,,,,,,,,,,
HyruleCastle_Hall_1,Second Gatehouse,Location,Second Gatehouse,-166.64355,859.45654,283.311,,,,,,,,,,,,,,,,,,,,,,,,,,,,,,,,,
HyruleCastle_Hall_2,First Gatehouse,Location,First Gatehouse,-356.233,829.18115,109.601,-354.25586,818.895,109.61101,,,,,,,,,,,,,,,,,,,,,,,,,,,,,,
HyruleCastle_Room_0,Observation Room,Location,Observation Room,-253.97627,778.50775,97.97403,,,,,,,,,,,,,,,,,,,,,,,,,,,,,,,,,
HyruleCastle_Room_1,Dining Hall,Location,Dining Hall,-111.857925,852.1389,104.89326,,,,,,,,,,,,,,,,,,,,,,,,,,,,,,,,,
HyruleCastle_Room_10,East Passage,Location,East Passage,-120.38574,974.5464,26.97244,,,,,,,,,,,,,,,,,,,,,,,,,,,,,,,,,
HyruleCastle_Room_11,West Passage,Location,West Passage,-448.9934,858.28,12.78906,,,,,,,,,,,,,,,,,,,,,,,,,,,,,,,,,
HyruleCastle_Room_2,Guards' Chamber,Location,Guards' Chamber,-368.7,846.5673,71.71791,,,,,,,,,,,,,,,,,,,,,,,,,,,,,,,,,
HyruleCastle_Room_3,Library,Location,Library,-157.92178,1067.4507,218.01038,,,,,,,,,,,,,,,,,,,,,,,,,,,,,,,,,
HyruleCastle_Room_5,Lockup,Location,Lockup,-443.9,1062.2673,24.59047,,,,,,,,,,,,,,,,,,,,,,,,,,,,,,,,,
HyruleCastle_Room_6,Princess Zelda's Room,Location,Princess Zelda's Room,-327.72067,995.21356,300.984,,,,,,,,,,,,,,,,,,,,,,,,,,,,,,,,,
HyruleCastle_Room_7,Docks,Location,Docks,-252.18289,1188.027,20.91304,-270.45837,1203.1006,-4.66578,,,,,,,,,,,,,,,,,,,,,,,,,,,,,,
HyruleCastle_Room_8,Princess Zelda's Study,Location,Princess Zelda's Study,-384.15045,991.9032,314.3883,-384.27304,1004.0381,362.64474,,,,,,,,,,,,,,,,,,,,,,,,,,,,,,
HyruleCastle_Room_9,King's Study,Location,King's Study,-173.50546,1119.7725,214.9563,,,,,,,,,,,,,,,,,,,,,,,,,,,,,,,,,
HyruleCentralPlace,Central Square,Location,Central Square,-254.25182,416.74133,25.27347,-253.48792,423.12448,29.69955,,,,,,,,,,,,,,,,,,,,,,,,,,,,,,
HyruleGarrison,Hyrule Garrison Ruins,Location,Hyrule Garrison Ruins,-596.5,-571.5,-53,,,,,,,,,,,,,,,,,,,,,,,,,,,,,,,,,
HyrulePlace,Military Training Camp,Location,Military Training Camp,855,1427,91,,,,,,,,,,,,,,,,,,,,,,,,,,,,,,,,,
HyruleTemple,Hyrule Cathedral,Location,Hyrule Cathedral,80.041016,628.2456,-5.64604,,,,,,,,,,,,,,,,,,,,,,,,,,,,,,,,,
HyruleTower,Castle Town Watchtower,Location,Castle Town Watchtower,80.49707,410.95535,11.65135,,,,,,,,,,,,,,,,,,,,,,,,,,,,,,,,,
HyruleWater,Water Reservoir,Location,Water Reservoir,-596.67413,525.3185,-9.52261,,,,,,,,,,,,,,,,,,,,,,,,,,,,,,,,,
IceHouse,Northern Icehouse,Location,Northern Icehouse,-3748.944,-2290.9067,26.31854,,,,,,,,,,,,,,,,,,,,,,,,,,,,,,,,,
JogoBridge,Rebonae Bridge,Location,Rebonae Bridge,823.5714,-20.509705,-0.31914,,,,,,,,,,,,,,,,,,,,,,,,,,,,,,,,,
JokuBridge,Proxim Bridge,Location,Proxim Bridge,207.05984,-1604.3884,-42.377525,,,,,,,,,,,,,,,,,,,,,,,,,,,,,,,,,
KaturaCastle,Sage Temple Ruins,Location,Sage Temple Ruins,-1352.4236,-216.81708,-105.5,-1357.712,-201.61075,27.13864,,,,,,,,,,,,,,,,,,,,,,,,,,,,,,
KochuBridge,Kakariko Bridge,Location,Kakariko Bridge,1784.9972,-1532.9131,-7.059364,,,,,,,,,,,,,,,,,,,,,,,,,,,,,,,,,
KunaiBridge,Aquame Bridge,Location,Aquame Bridge,-1128.8059,-1017.0533,6.9491,,,,,,,,,,,,,,,,,,,,,,,,,,,,,,,,,
LanayruEastEntrance,Lanayru Road - East Gate,Location,Lanayru Road - East Gate,3186.6448,-1152.4255,239.24512,,,,,,,,,,,,,,,,,,,,,,,,,,,,,,,,,
LanayruWestEntrance,Lanayru Road - West Gate,Location,Lanayru Road - West Gate,2299.1926,-713.86884,191.78333,,,,,,,,,,,,,,,,,,,,,,,,,,,,,,,,,
LeMarbeBridge,Jeddo Bridge,Location,Jeddo Bridge,-1689.8582,-130.83578,84.5,,,,,,,,,,,,,,,,,,,,,,,,,,,,,,,,,
LittleBrotherBridge,Little Twin Bridge,Location,Little Twin Bridge,1713.9957,-2147.9443,9.79159,1726.0586,-2125.3914,-105.5,,,,,,,,,,,,,,,,,,,,,,,,,,,,,,
LomeiIslands,Lomei Labyrinth Island,Location,Lomei Labyrinth Island,4655.4453,3527.4072,51.38916,,,,,,,,,,,,,,,,,,,,,,,,,,,,,,,,,
MarritaExchange,Maritta Exchange Ruins,Location,Maritta Exchange Ruins,-1781.5714,1685.0668,94.5,,,,,,,,,,,,,,,,,,,,,,,,,,,,,,,,,
MasazuBridge,Moat Bridge,Location,Moat Bridge,-613.16754,666.8855,3.13425,,,,,,,,,,,,,,,,,,,,,,,,,,,,,,,,,
MinakkareBridge,Sokkala Bridge,Location,Sokkala Bridge,3686.2654,1004.0167,205.92157,,,,,,,,,,,,,,,,,,,,,,,,,,,,,,,,,
MinakkareBridgeEast,East Sokkala Bridge,Location,East Sokkala Bridge,3860.8142,1095.1052,205.74188,,,,,,,,,,,,,,,,,,,,,,,,,,,,,,,,,
MinakkareBridgeWest,West Sokkala Bridge,Location,West Sokkala Bridge,3588,1024,-105.5,3588,1044,-105.5,,,,,,,,,,,,,,,,,,,,,,,,,,,,,,
NantanCastle,South Lomei Labyrinth,Location,South Lomei Labyrinth,-1794.9999,-3541,85.61765,,,,,,,,,,,,,,,,,,,,,,,,,,,,,,,,,
NishojiBridge,Gleeok Bridge,Location,Gleeok Bridge,-1310.0334,-786.8482,-8.7577,,,,,,,,,,,,,,,,,,,,,,,,,,,,,,,,,
NorthGerudoRuins,North Gerudo Ruins,Location,North Gerudo Ruins,-3763,-2530,44.5,,,,,,,,,,,,,,,,,,,,,,,,,,,,,,,,,
OrdinBridge,Bridge of Eldin,Location,Bridge of Eldin,2213.6404,2356.2996,526,,,,,,,,,,,,,,,,,,,,,,,,,,,,,,,,,
OsanjoBridge,Helmhead Bridge,Location,Helmhead Bridge,398.2904,1167.3074,4.74659,,,,,,,,,,,,,,,,,,,,,,,,,,,,,,,,,
PostTownRuin,Outpost Ruins,Location,Outpost Ruins,-248.44038,-1688.3232,-105.5,-259.89075,-1673.9082,6.114876,,,,,,,,,,,,,,,,,,,,,,,,,,,,,,
RingLegacy,Ring Ruins,Location,Ring Ruins,1810.3679,-906.7127,185.15985,,,,,,,,,,,,,,,,,,,,,,,,,,,,,,,,,
RirikendoBridge,Oren Bridge,Location,Oren Bridge,2875.4521,-19.954102,82,,,,,,,,,,,,,,,,,,,,,,,,,,,,,,,,,
RonronCity,Mabe Village Ruins,Location,Mabe Village Ruins,-37.202637,-185.71606,-105.5,-26.371094,-222.60791,-105.5,,,,,,,,,,,,,,,,,,,,,,,,,,,,,,
SaihokuCastle,North Lomei Labyrinth,Location,North Lomei Labyrinth,-824.2593,3407.2078,236.64478,,,,,,,,,,,,,,,,,,,,,,,,,,,,,,,,,
SarjonBridge,Sarjon Bridge,Location,Sarjon Bridge,1025.1462,-3235.4595,19.52843,,,,,,,,,,,,,,,,,,,,,,,,,,,,,,,,,
ShichijoBridge,Horwell Bridge,Location,Horwell Bridge,680.18823,-977.8678,-19.05912,,,,,,,,,,,,,,,,,,,,,,,,,,,,,,,,,
ShigonDam,Lanayru Promenade,Location,Lanayru Promenade,2718.1865,-1116.6448,-23.83276,,,,,,,,,,,,,,,,,,,,,,,,,,,,,,,,,
ShijoBridge,Orsedd Bridge,Location,Orsedd Bridge,517.1074,497.24396,-15.10849,,,,,,,,,,,,,,,,,,,,,,,,,,,,,,,,,
ShinyarkiVillage,Rauru Settlement Ruins,Location,Rauru Settlement Ruins,675.8198,1282.6924,40.1201,689.8762,1307.7172,-105.5,,,,,,,,,,,,,,,,,,,,,,,,,,,,,,
SnowStatue,Statue of the Eighth Heroine,Location,Statue of the Eighth Heroine,-4362.7446,-502,464.9813,-4365,-492,-105.5,,,,,,,,,,,,,,,,,,,,,,,,,,,,,,
SojijiPark,Sanidin Park Ruins,Location,Sanidin Park Ruins,-1630,-695.5642,141.24261,,,,,,,,,,,,,,,,,,,,,,,,,,,,,,,,,
SotonkaBridge,Manhala Bridge,Location,Manhala Bridge,-1611.0278,-1023.41797,3.0708,,,,,,,,,,,,,,,,,,,,,,,,,,,,,,,,,
SouthGerudoLegacy,Arbiter's Grounds,Location,Arbiter's Grounds,-4157.439,-3803.0579,27.94499,-4157.43,-3753.1467,-105.5,,,,,,,,,,,,,,,,,,,,,,,,,,,,,,
StonePillers,Ancient Columns,Location,Ancient Columns,-3574.3079,436.8629,363.74103,,,,,,,,,,,,,,,,,,,,,,,,,,,,,,,,,
SusukadiBridge,Inogo Bridge,Location,Inogo Bridge,2344.239,249.4776,14,,,,,,,,,,,,,,,,,,,,,,,,,,,,,,,,,
TabantaBridge,Tabantha Great Bridge,Location,Tabantha Great Bridge,-3110.7688,583.62305,158.67493,,,,,,,,,,,,,,,,,,,,,,,,,,,,,,,,,
TabantaVillage,Tabantha Village Ruins,Location,Tabantha Village Ruins,-2324,1895,171.5,,,,,,,,,,,,,,,,,,,,,,,,,,,,,,,,,
TaserakaBridge,Thims Bridge,Location,Thims Bridge,1283.6816,690.14014,21.5,,,,,,,,,,,,,,,,,,,,,,,,,,,,,,,,,
ToriaBridge,Boneyard Bridge,Location,Boneyard Bridge,270.28714,711.8924,4.16495,,,,,,,,,,,,,,,,,,,,,,,,,,,,,,,,,
TotsugeBridge,Carok Bridge,Location,Carok Bridge,-1087.7875,474.6085,24.5,,,,,,,,,,,,,,,,,,,,,,,,,,,,,,,,,
TurasuBridge,Horse God Bridge,Location,Horse God Bridge,596.94653,-3722.3862,57.15384,,,,,,,,,,,,,,,,,,,,,,,,,,,,,,,,,
WetGarrison,Moor Garrison Ruins,Location,Moor Garrison Ruins,1527,218,-37.5,1527,208,-37.5,,,,,,,,,,,,,,,,,,,,,,,,,,,,,,
XekuBridge,Digdogg Suspension Bridge,Location,Digdogg Suspension Bridge,-1661.37,-1531.3278,54.79068,,,,,,,,,,,,,,,,,,,,,,,,,,,,,,,,,
YashinoLegacy,Palmorae Ruins,Location,Palmorae Ruins,3462.3003,-3378.5364,-101.6958618,,,,,,,,,,,,,,,,,,,,,,,,,,,,,,,,,
ZonauLegacy,Zonai Ruins,Location,Zonai Ruins,889.8622,-2937.3486,-31.42348,,,,,,,,,,,,,,,,,,,,,,,,,,,,,,,,,
GameGutsCriff,Gut Check Rock,Location,Gut Check Rock,2685.9343,3471.1516,196.54785,,,,,,,,,,,,,,,,,,,,,,,,,,,,,,,,,
BigTree,Ancient Tree Stump,Location,Ancient Tree Stump,-1111.9902,-415.22052,63.37401,-1120.1992,-386.68478,-105.5,,,,,,,,,,,,,,,,,,,,,,,,,,,,,,
FironeForestEntrance,Faron Woods,Location,Faron Woods,413.52988,-3030.3894,-38.981186,,,,,,,,,,,,,,,,,,,,,,,,,,,,,,,,,
HyrulePark,Hyrule Forest Park,Location,Hyrule Forest Park,192.41907,937.7456,-0.037,,,,,,,,,,,,,,,,,,,,,,,,,,,,,,,,,
DeathMountain_Entrance,Maw of Death Mountain,Location,Maw of Death Mountain,2390.9136,1316.3468,40.62503,,,,,,,,,,,,,,,,,,,,,,,,,,,,,,,,,
GerudoCanyon_Entrance,Gerudo Canyon Pass,Location,Gerudo Canyon Pass,-1665,-2028,-25.5,,,,,,,,,,,,,,,,,,,,,,,,,,,,,,,,,
Kakariko_EastHill,East Hill,Location,East Hill,1867.9307,-804.0288,61.18553,,,,,,,,,,,,,,,,,,,,,,,,,,,,,,,,,
BlindForest,Thyphlo Ruins,Location,Thyphlo Ruins,327.00436,3079.971,-105.5,,,,,,,,,,,,,,,,,,,,,,,,,,,,,,,,,
Cohorint,Eventide Island,Location,Eventide Island,4586.1587,-3629.8577,34.92606,,,,,,,,,,,,,,,,,,,,,,,,,,,,,,,,,
EastDam,East Reservoir Lake,Location,East Reservoir Lake,3667.748,179.84644,218.82303,,,,,,,,,,,,,,,,,,,,,,,,,,,,,,,,,
GerudoDesert_Entrance,Gerudo Desert Gateway,Location,Gerudo Desert Gateway,-2924.1182,-2329.39,32.91763,,,,,,,,,,,,,,,,,,,,,,,,,,,,,,,,,
GutinizaPlainTomb,Guchini Plain Barrows,Location,Guchini Plain Barrows,1004.24384,-3456.9558,-91.060242,,,,,,,,,,,,,,,,,,,,,,,,,,,,,,,,,
HyruleLabo,Royal Ancient Lab Ruins,Location,Royal Ancient Lab Ruins,-1249.5009,1023.3812,94.5,,,,,,,,,,,,,,,,,,,,,,,,,,,,,,,,,
LightningPlateau,Thundra Plateau,Location,Thundra Plateau,-2265.8643,921.8176,-105.5,-2268.5188,955.52637,127.03212,,,,,,,,,,,,,,,,,,,,,,,,,,,,,,
OrdinFossil,Eldin Great Skeleton,Location,Eldin Great Skeleton,1502.24,3762.9666,103.53925,,,,,,,,,,,,,,,,,,,,,,,,,,,,,,,,,
SouthGerudoRuinsCamp,Southern Oasis Training Area,Location,Southern Oasis Training Area,-3647.4285,-3668.182,15.829506,,,,,,,,,,,,,,,,,,,,,,,,,,,,,,,,,
TabantaCrater,Gisa Crater,Location,Gisa Crater,-3930.9382,1067.8035,92.79855,,,,,,,,,,,,,,,,,,,,,,,,,,,,,,,,,
Zora_Belvedere,Mipha Court,Location,Mipha Court,3837.922,566.45776,490.63696,3830.8115,547.3777,485.474,,,,,,,,,,,,,,,,,,,,,,,,,,,,,,
AdeyaLake,Deya Lake,Location,Deya Lake,365.77982,-1882.565,-105.5,496.1175,-2285.5107,-105.5,455.00003,-1999.5756,-105.5,,,,,,,,,,,,,,,,,,,,,,,,,,,
AgunaiLake,Darunia Lake,Location,Darunia Lake,1405.3325,2841.8623,-105.5,,,,,,,,,,,,,,,,,,,,,,,,,,,,,,,,,
AmonenePlateau,Ralis Pond,Location,Ralis Pond,2926.604,263.8579,-105.5,2931.0889,231.76123,-105.5,,,,,,,,,,,,,,,,,,,,,,,,,,,,,,
AnoleLake,Gorko Lake,Location,Gorko Lake,2097.2947,2150.3538,-105.5,,,,,,,,,,,,,,,,,,,,,,,,,,,,,,,,,
AraisoBeach,Aris Beach,Location,Aris Beach,1936.0973,-3878.8467,-105.5,,,,,,,,,,,,,,,,,,,,,,,,,,,,,,,,,
BanmezaLake,Harker Lake,Location,Harker Lake,904.4924,-2873.2678,-105.5,,,,,,,,,,,,,,,,,,,,,,,,,,,,,,,,,
BigalLake,Medingo Pool,Location,Medingo Pool,2212.7102,1773.6628,-105.5,,,,,,,,,,,,,,,,,,,,,,,,,,,,,,,,,
BokoboLake,Gero Pond,Location,Gero Pond,2427.5232,1728.584,-105.5,,,,,,,,,,,,,,,,,,,,,,,,,,,,,,,,,
BoraraCape,Tarm Point,Location,Tarm Point,4480.136,-897.2372,-105.5,,,,,,,,,,,,,,,,,,,,,,,,,,,,,,,,,
BottuBay,Spool Bight,Location,Spool Bight,4403.177,192.52295,-105.5,,,,,,,,,,,,,,,,,,,,,,,,,,,,,,,,,
BuidaLake,Rassla Lake,Location,Rassla Lake,1854.7019,-3679.6672,-105.5,,,,,,,,,,,,,,,,,,,,,,,,,,,,,,,,,
ChagaraMt,Gogobi Shores,Location,Gogobi Shores,3194.0957,-3559.9326,-105.5,,,,,,,,,,,,,,,,,,,,,,,,,,,,,,,,,
ChuonoPond,Zelkoa Pond,Location,Zelkoa Pond,3493.344,-1964.7734,-105.5,,,,,,,,,,,,,,,,,,,,,,,,,,,,,,,,,
DarinoPond,Nirvata Lake,Location,Nirvata Lake,3208.8003,-1698.877,-105.5,,,,,,,,,,,,,,,,,,,,,,,,,,,,,,,,,
DokuroPond,Skull Lake,Location,Skull Lake,3313.5579,3498.7183,-105.5,,,,,,,,,,,,,,,,,,,,,,,,,,,,,,,,,
DonLake,Lulu Lake,Location,Lulu Lake,3709.504,587.6111,-105.5,,,,,,,,,,,,,,,,,,,,,,,,,,,,,,,,,
ElegLake,Nabi Lake,Location,Nabi Lake,1098.4723,-1162.9218,-105.5,,,,,,,,,,,,,,,,,,,,,,,,,,,,,,,,,
EnRiver,Menoat River,Location,Menoat River,-15.196289,-3251.9248,-105.5,,,,,,,,,,,,,,,,,,,,,,,,,,,,,,,,,
FeoreRiver,Lake Mekar,Location,Lake Mekar,337.236,2749.984,-105.5,-224.73596,2056.397,-105.5,277.05142,1632.1807,-105.5,893.1265,2537.4187,-105.5,,,,,,,,,,,,,,,,,,,,,,,,
FlogPond,Hopper Pond,Location,Hopper Pond,-1191.4772,-1659.2834,-105.5,,,,,,,,,,,,,,,,,,,,,,,,,,,,,,,,,
FloriaFalls,Floria Falls,Location,Floria Falls,1772.7584,-3256.4968,-105.5,,,,,,,,,,,,,,,,,,,,,,,,,,,,,,,,,
FloriaRiver,Floria River,Location,Floria River,1277.0026,-3327.131,-105.5,869.362,-3143.61,-105.5,,,,,,,,,,,,,,,,,,,,,,,,,,,,,,
FuruboLake,Lake Intenoch,Location,Lake Intenoch,2598.2202,1719.2148,-105.5,2420.754,1421.7026,-105.5,2519.544,1516.6483,-105.5,,,,,,,,,,,,,,,,,,,,,,,,,,,
GaneLake,Purifier Lake,Location,Purifier Lake,3261.3813,-1314.1152,-105.5,,,,,,,,,,,,,,,,,,,,,,,,,,,,,,,,,
GasemaDam,Rutala Dam,Location,Rutala Dam,3557.4536,-78.21869,-105.5,,,,,,,,,,,,,,,,,,,,,,,,,,,,,,,,,
GasemaRiver,Rutala River,Location,Rutala River,3206.1938,-352.75214,-105.5,2518.1003,-198.97699,-105.5,,,,,,,,,,,,,,,,,,,,,,,,,,,,,,
GatakaraPond,Lake Kolomo,Location,Lake Kolomo,-487.485,-1163.0908,-105.5,,,,,,,,,,,,,,,,,,,,,,,,,,,,,,,,,
GatinLake,Cephla Lake,Location,Cephla Lake,2750.7034,1480.5386,-105.5,2769.9443,989.49023,-105.5,2753.6794,1274.4198,-105.5,,,,,,,,,,,,,,,,,,,,,,,,,,,
GenLake,Lake Ferona,Location,Lake Ferona,2186.5237,1193.0283,-105.5,,,,,,,,,,,,,,,,,,,,,,,,,,,,,,,,,
GeraRiver,Fir River,Location,Fir River,2821.5454,-1952.351,-105.5,,,,,,,,,,,,,,,,,,,,,,,,,,,,,,,,,
GigiLake,Boné Pond,Location,Boné Pond,2083.9473,13.672485,-105.5,,,,,,,,,,,,,,,,,,,,,,,,,,,,,,,,,
GiminoPond,Lake Sumac,Location,Lake Sumac,3721.6108,-1905.7122,-105.5,,,,,,,,,,,,,,,,,,,,,,,,,,,,,,,,,
GoyoLake,Bloodleaf Lake,Location,Bloodleaf Lake,4268.1465,3017.4836,-105.5,,,,,,,,,,,,,,,,,,,,,,,,,,,,,,,,,
HagoromoLake,Lantern Lake,Location,Lantern Lake,1710.6403,-948.33246,-105.5,,,,,,,,,,,,,,,,,,,,,,,,,,,,,,,,,
HarayaLake,Haran Lake,Location,Haran Lake,376.62482,-3477.8857,-105.5,,,,,,,,,,,,,,,,,,,,,,,,,,,,,,,,,
HashibiroLake,Strock Lake,Location,Strock Lake,-3383.4763,1233.7885,-105.5,-3248.7734,1436.4025,-105.5,,,,,,,,,,,,,,,,,,,,,,,,,,,,,,
HatenoBay,Kitano Bay,Location,Kitano Bay,3684.6482,-2503.4668,-105.5,,,,,,,,,,,,,,,,,,,,,,,,,,,,,,,,,
HigakkareBeach,East Akkala Beach,Location,East Akkala Beach,4353.725,2400.4111,-105.5,4273.578,2072.3997,-105.5,,,,,,,,,,,,,,,,,,,,,,,,,,,,,,
HigashinoBay,Deepback Bay,Location,Deepback Bay,4283.439,-2355.3435,-105.5,,,,,,,,,,,,,,,,,,,,,,,,,,,,,,,,,
HopeBridge,Bank of Wishes,Location,Bank of Wishes,2751.7227,87.14343,-105.5,,,,,,,,,,,,,,,,,,,,,,,,,,,,,,,,,
HyliaRiver,River of the Dead,Location,River of the Dead,-1227.8818,-1981.25,-105.5,,,,,,,,,,,,,,,,,,,,,,,,,,,,,,,,,
Hyrule_Out,Hyrule Castle Moat,Location,Hyrule Castle Moat,-326.03992,650.64795,-105.5,-291.41528,1257.6892,-105.5,-3.6827393,1228.5322,-105.5,53.319427,762.68677,-105.5,-583.5325,947.4524,-105.5,-475.42493,1171.53,-105.5,-532.4271,756.79004,-105.5,51.35385,1028.0417,-105.5,,,,,,,,,,,,
IrimoLake,Goronbi Lake,Location,Goronbi Lake,1801.1567,1482.7943,-105.5,,,,,,,,,,,,,,,,,,,,,,,,,,,,,,,,,
IrimoRiver,Goronbi River,Location,Goronbi River,1566.6991,1842.9304,-105.5,,,,,,,,,,,,,,,,,,,,,,,,,,,,,,,,,
IsakiCape,Soka Point,Location,Soka Point,3800.0117,-3656.9583,-105.5,,,,,,,,,,,,,,,,,,,,,,,,,,,,,,,,,
JiuRiver,Zora River,Location,Zora River,2657.7761,364.3933,-105.5,2112.2498,163.70892,-105.5,,,,,,,,,,,,,,,,,,,,,,,,,,,,,,
KakamoLake,Telta Lake,Location,Telta Lake,1714.2354,-764.18555,-105.5,1712.8828,-777.0475,-105.5,,,,,,,,,,,,,,,,,,,,,,,,,,,,,,
KarimikiLake,Camphor Pond,Location,Camphor Pond,3061.6787,-2042.0637,-105.5,,,,,,,,,,,,,,,,,,,,,,,,,,,,,,,,,
KaturaRiver,Regencia River,Location,Regencia River,-1767.8926,-1222.1437,-105.5,-1557.5244,-921.486,-105.5,-1657.8899,-1121.0767,-105.5,-1293.3462,-434.82825,-105.5,-1863.418,-1399.3282,-105.5,-1365.7607,-681.3458,-105.5,-1455.1233,-177.52551,-105.5,-1243.6659,124.34314,-105.5,,,,,,,,,,,,
KauLake,Hebra Plunge,Location,Hebra Plunge,-2866.764,2008.3376,-105.5,-3072.1836,2134.8208,-105.5,,,,,,,,,,,,,,,,,,,,,,,,,,,,,,
KazuryuLake,Dracozu Lake,Location,Dracozu Lake,928.17365,-2583.1191,-105.5,,,,,,,,,,,,,,,,,,,,,,,,,,,,,,,,,
KazuryuRiver,Dracozu River,Location,Dracozu River,1023.65497,-2762.5396,-105.5,,,,,,,,,,,,,,,,,,,,,,,,,,,,,,,,,
KibakkaSnow,Hebra Headspring,Location,Hebra Headspring,-2830.4207,2415.83,-105.5,,,,,,,,,,,,,,,,,,,,,,,,,,,,,,,,,
KibinaLake,Herin Lake,Location,Herin Lake,1017.2119,-3512.1016,-105.5,,,,,,,,,,,,,,,,,,,,,,,,,,,,,,,,,
KitakkareBeach,North Akkala Beach,Location,North Akkala Beach,4717.2964,2923.5142,-105.5,,,,,,,,,,,,,,,,,,,,,,,,,,,,,,,,,
KitanoBay,Hateno Bay,Location,Hateno Bay,4021.11,-2422.6846,-105.5,,,,,,,,,,,,,,,,,,,,,,,,,,,,,,,,,
KoganeyaLake,Keya Pond,Location,Keya Pond,2995.0415,-2916.2478,-105.5,,,,,,,,,,,,,,,,,,,,,,,,,,,,,,,,,
KokuwaLake,Ash Swamp,Location,Ash Swamp,1977.8481,-1842.4929,-105.5,,,,,,,,,,,,,,,,,,,,,,,,,,,,,,,,,
KondanaLake,Darb Pond,Location,Darb Pond,2336.4668,2042.6836,-105.5,,,,,,,,,,,,,,,,,,,,,,,,,,,,,,,,,
KuhanLake,Hanu Pond,Location,Hanu Pond,2787.8066,-2730.7444,-105.5,,,,,,,,,,,,,,,,,,,,,,,,,,,,,,,,,
KunaiLake,Aquame Lake,Location,Aquame Lake,-1304.1285,-1095.3358,-105.5,-993.44324,-1163.1805,-105.5,,,,,,,,,,,,,,,,,,,,,,,,,,,,,,
KutenLake,Uten Marsh,Location,Uten Marsh,2700.9373,-2944.8423,-105.5,,,,,,,,,,,,,,,,,,,,,,,,,,,,,,,,,
LakeFloria,Lake Floria,Location,Lake Floria,1737.8597,-3532.0127,-105.5,,,,,,,,,,,,,,,,,,,,,,,,,,,,,,,,,
LakeHylia,Lake Hylia,Location,Lake Hylia,-255.5434,-2430.4255,-105.5,17.375702,-2262.132,-105.5,261.76752,-2712.565,-105.5,146.22937,-2481.1104,-105.5,-431.0963,-2302.1946,-105.5,-312.90015,-2781.2449,-105.5,,,,,,,,,,,,,,,,,,
LanayruBay,Lanayru Bay,Location,Lanayru Bay,3449.1982,-752.7706,-105.5,3813.8928,-612.9576,-105.5,,,,,,,,,,,,,,,,,,,,,,,,,,,,,,
ManbaLake,Goro Cove,Location,Goro Cove,1864.9131,2453.815,-105.5,,,,,,,,,,,,,,,,,,,,,,,,,,,,,,,,,
MapArea_FironeSea,Faron Sea,Location,Faron Sea,-51.15857,-3986.3625,-105.5,,,,,,,,,,,,,,,,,,,,,,,,,,,,,,,,,
MapArea_HateruSea,Necluda Sea,Location,Necluda Sea,4141.2075,-2845.0447,-105.5,,,,,,,,,,,,,,,,,,,,,,,,,,,,,,,,,
MapArea_HyliaLake,Lake Hylia,Location,Lake Hylia,-149.24744,-2521.087,-105.5,,,,,,,,,,,,,,,,,,,,,,,,,,,,,,,,,
MapArea_LanayruSea,Lanayru Sea,Location,Lanayru Sea,4674.5444,196.79657,-105.5,,,,,,,,,,,,,,,,,,,,,,,,,,,,,,,,,
MapArea_LanayruWaterSources,Lanayru Great Spring,Location,Lanayru Great Spring,3568.6436,-108.86597,-105.5,,,,,,,,,,,,,,,,,,,,,,,,,,,,,,,,,
MapArea_TamulSea,Akkala Sea,Location,Akkala Sea,4811.545,3428.552,-105.5,,,,,,,,,,,,,,,,,,,,,,,,,,,,,,,,,
MenadaBeach,Afromsia Coast,Location,Afromsia Coast,4603.3115,-1830.0884,-105.5,,,,,,,,,,,,,,,,,,,,,,,,,,,,,,,,,
MihekoBay,Malin Bay,Location,Malin Bay,4405.705,1900.773,-105.5,,,,,,,,,,,,,,,,,,,,,,,,,,,,,,,,,
MinakkareFalls,Akkala Falls,Location,Akkala Falls,3732.2344,1171.4526,-105.5,,,,,,,,,,,,,,,,,,,,,,,,,,,,,,,,,
MinakkareLake,South Lake Akkala,Location,South Lake Akkala,3586.3398,1126.5767,-105.5,,,,,,,,,,,,,,,,,,,,,,,,,,,,,,,,,
MinaminoBay,Loshlo Harbor,Location,Loshlo Harbor,3480.9062,-2879.9397,-105.5,,,,,,,,,,,,,,,,,,,,,,,,,,,,,,,,,
MoroLake,Mikau Lake,Location,Mikau Lake,3548.668,563.77637,-105.5,,,,,,,,,,,,,,,,,,,,,,,,,,,,,,,,,
NangoPond,Zelo Pond,Location,Zelo Pond,1646.4128,511.10638,-105.5,,,,,,,,,,,,,,,,,,,,,,,,,,,,,,,,,
NiiLake,Cora Lake,Location,Cora Lake,-48.05896,-3056.3643,-105.5,,,,,,,,,,,,,,,,,,,,,,,,,,,,,,,,,
NutsLake,Lake Saria,Location,Lake Saria,64.06232,1883.1592,-105.5,,,,,,,,,,,,,,,,,,,,,,,,,,,,,,,,,
OkuwaLake,Lake Siela,Location,Lake Siela,2129.8086,-1451.4823,-105.5,1627.2805,-1383.4065,-104.1552124,,,,,,,,,,,,,,,,,,,,,,,,,,,,,,
OshoromaLake,Ruto Lake,Location,Ruto Lake,3171.1523,162.50677,-105.5,,,,,,,,,,,,,,,,,,,,,,,,,,,,,,,,,
PafaBeach,Puffer Beach,Location,Puffer Beach,231.50653,-3897.292,-105.5,,,,,,,,,,,,,,,,,,,,,,,,,,,,,,,,,
PaiyuBay,Horon Lagoon,Location,Horon Lagoon,4234.2026,-314.3643,-105.5,,,,,,,,,,,,,,,,,,,,,,,,,,,,,,,,,
PstaLake,Mido Swamp,Location,Mido Swamp,812.01465,2353.9492,-105.5,,,,,,,,,,,,,,,,,,,,,,,,,,,,,,,,,
PukuntoMt,Bottomless Pond,Location,Bottomless Pond,509.91846,-581.55493,-105.5,,,,,,,,,,,,,,,,,,,,,,,,,,,,,,,,,
PupukoreFalls,Veiled Falls,Location,Veiled Falls,3082.758,455.61804,-105.5,,,,,,,,,,,,,,,,,,,,,,,,,,,,,,,,,
RaruLake,Calora Lake,Location,Calora Lake,2019.8923,-3215.872,-105.5,,,,,,,,,,,,,,,,,,,,,,,,,,,,,,,,,
RiritotoLake,Lake Totori,Location,Lake Totori,-3753.8667,1745.084,-105.5,-3444.8818,1724.9788,-105.5,-3607.6758,1941.1006,-105.5,,,,,,,,,,,,,,,,,,,,,,,,,,,
RodaiLake,Rodai Lake,Location,Rodai Lake,1864.0039,-3129.849,-105.5,,,,,,,,,,,,,,,,,,,,,,,,,,,,,,,,,
RogyLake,Lake Jarrah,Location,Lake Jarrah,2967.4458,-2223.7002,-105.5,,,,,,,,,,,,,,,,,,,,,,,,,,,,,,,,,
RonronRiver,Hylia River,Location,Hylia River,783.3584,127.94531,-105.5,486.45242,-1090.9208,-105.5,337.73953,656.6373,-105.5,819.09955,-412.65115,-105.5,125.79364,-1755.1829,-105.5,,,,,,,,,,,,,,,,,,,,,
RoshiganLake,South Nabi Lake,Location,South Nabi Lake,870.3967,-1604.0012,-105.5,,,,,,,,,,,,,,,,,,,,,,,,,,,,,,,,,
RosomaLake,Toto Lake,Location,Toto Lake,3478.03,889.8486,409.6305,,,,,,,,,,,,,,,,,,,,,,,,,,,,,,,,,
RutesLake,Corta Lake,Location,Corta Lake,1685.5896,-3089.0378,-105.5,,,,,,,,,,,,,,,,,,,,,,,,,,,,,,,,,
SanrosaLake,Pico Pond,Location,Pico Pond,1201.6989,1144.2507,-105.5,,,,,,,,,,,,,,,,,,,,,,,,,,,,,,,,,
ShitanoPond,Firly Pond,Location,Firly Pond,3266.479,-2232.8833,-105.5,,,,,,,,,,,,,,,,,,,,,,,,,,,,,,,,,
SouthGerudoRuins,Southern Oasis,Location,Southern Oasis,-3721.7266,-3581.0767,-105.5,,,,,,,,,,,,,,,,,,,,,,,,,,,,,,,,,
SusonoLake,Rutile Lake,Location,Rutile Lake,-2531.6458,-633.1318,-105.5,,,,,,,,,,,,,,,,,,,,,,,,,,,,,,,,,
SusonoPond,Lake Illumeni,Location,Lake Illumeni,-3536.961,-149.46045,-105.5,,,,,,,,,,,,,,,,,,,,,,,,,,,,,,,,,
SusonoRiver,Tamio River,Location,Tamio River,-2465.394,-200.18527,-105.5,-2350.7256,-84.72537,-105.5,-2935.318,-546.8506,-105.5,,,,,,,,,,,,,,,,,,,,,,,,,,,
SwanLake,Hebra Falls,Location,Hebra Falls,-2756.67,2328.2097,-105.5,,,,,,,,,,,,,,,,,,,,,,,,,,,,,,,,,
TamaLake,Tama Pond,Location,Tama Pond,-2963.5115,1897.9802,-105.5,,,,,,,,,,,,,,,,,,,,,,,,,,,,,,,,,
TatsubaLake,Batrea Lake,Location,Batrea Lake,562.98334,-1233.8383,-105.5,,,,,,,,,,,,,,,,,,,,,,,,,,,,,,,,,
TohikiLake,Koto Pond,Location,Koto Pond,2397.3071,-2533.541,-105.5,,,,,,,,,,,,,,,,,,,,,,,,,,,,,,,,,
TotenLake,Oakle's Navel,Location,Oakle's Navel,2473.8613,-2085.7803,-105.5,2483.4697,-2059.794,-105.5,,,,,,,,,,,,,,,,,,,,,,,,,,,,,,
TryCape,Shatterback Point,Location,Shatterback Point,3757.118,397,-105.5,,,,,,,,,,,,,,,,,,,,,,,,,,,,,,,,,
TurasuLake,Lake of the Horse God,Location,Lake of the Horse God,635.19073,-3635.1138,-105.5,,,,,,,,,,,,,,,,,,,,,,,,,,,,,,,,,
UkkoPond,Lake Kilsie,Location,Lake Kilsie,-3927.746,2544.069,-105.5,-3903.2441,2757.8367,-105.5,-4099.687,2370.2788,-105.5,,,,,,,,,,,,,,,,,,,,,,,,,,,
UraitoLake,Riola Spring,Location,Riola Spring,1789.1,-2942.5522,-105.5,,,,,,,,,,,,,,,,,,,,,,,,,,,,,,,,,
UrokoCape,Cape Cales,Location,Cape Cales,3544.8135,-3261.2712,-105.5,,,,,,,,,,,,,,,,,,,,,,,,,,,,,,,,,
WabiLake,Lake Akkala,Location,Lake Akkala,3924.2898,1496.9026,-105.5,3939.0696,1757.6511,-105.5,3709.521,1286.9932,-105.5,,,,,,,,,,,,,,,,,,,,,,,,,,,
YamabiLake,Yambi Lake,Location,Yambi Lake,2475.1802,-3583.5164,-105.5,,,,,,,,,,,,,,,,,,,,,,,,,,,,,,,,,
YamariRiver,Squabble River,Location,Squabble River,496.78476,-1533.9364,-105.5,2397.9749,-1887.8186,-105.5,917.0587,-1784.0917,-105.5,2129.2234,-2246.6802,-105.5,,,,,,,,,,,,,,,,,,,,,,,,
YarimoRiver,Golow River,Location,Golow River,1486.099,2549.5781,-105.5,,,,,,,,,,,,,,,,,,,,,,,,,,,,,,,,,
ZaridoLake,Lake Darman,Location,Lake Darman,2005.7406,3031.6663,-105.5,,,,,,,,,,,,,,,,,,,,,,,,,,,,,,,,,
AncientLabo,Akkala Ancient Tech Lab,Location,Akkala Ancient Tech Lab,4522.0146,3166.6328,198.7327,,,,,,,,,,,,,,,,,,,,,,,,,,,,,,,,,
EagleBridge,Kolami Bridge,Location,Kolami Bridge,-3117.187,1287.5734,-105.5,,,,,,,,,,,,,,,,,,,,,,,,,,,,,,,,,
EastShrine,Eastern Abbey,Location,Eastern Abbey,-530.6277,-1959.6763,-105.5,,,,,,,,,,,,,,,,,,,,,,,,,,,,,,,,,
HyruleEastTown,East Castle Town,Location,East Castle Town,-14.095215,457.56494,-105.5,,,,,,,,,,,,,,,,,,,,,,,,,,,,,,,,,
HyruleWestTown,West Castle Town,Location,West Castle Town,-514.2282,450,-105.5,,,,,,,,,,,,,,,,,,,,,,,,,,,,,,,,,
KingValley,Forgotten Temple,Location,Forgotten Temple,-1578.4408,2106.54,-105.5,,,,,,,,,,,,,,,,,,,,,,,,,,,,,,,,,
MasazuRock,Quarry Ruins,Location,Quarry Ruins,-726.199,413.94202,-105.5,,,,,,,,,,,,,,,,,,,,,,,,,,,,,,,,,
PeridoBarrier,Champion's Gate,Location,Champion's Gate,-2042.2573,-3194.0706,-105.5,,,,,,,,,,,,,,,,,,,,,,,,,,,,,,,,,
RonronFarm,Ranch Ruins,Location,Ranch Ruins,108.12793,-275.6665,-105.5,,,,,,,,,,,,,,,,,,,,,,,,,,,,,,,,,
WestGerudoRuins,West Gerudo Ruins,Location,West Gerudo Ruins,-4468.5576,-2296.87,-105.5,,,,,,,,,,,,,,,,,,,,,,,,,,,,,,,,,
ZoraBridge,Great Zora Bridge,Location,Great Zora Bridge,3233.1833,314.30225,-105.5,,,,,,,,,,,,,,,,,,,,,,,,,,,,,,,,,
Akkare_OctaPond,Octorok Lake,Location,Octorok Lake,4069.0063,2460.2385,31.82935,,,,,,,,,,,,,,,,,,,,,,,,,,,,,,,,,
AnoleTunnel,Gorko Tunnel,Location,Gorko Tunnel,2007.9613,2013.301,-105.5,,,,,,,,,,,,,,,,,,,,,,,,,,,,,,,,,
DeathCaldera,Death Caldera,Location,Death Caldera,2563.403,2971.021,-105.5,,,,,,,,,,,,,,,,,,,,,,,,,,,,,,,,,
GoronSpa,Goron Hot Springs,Location,Goron Hot Springs,1775.9618,2255.6782,-105.5,,,,,,,,,,,,,,,,,,,,,,,,,,,,,,,,,
BarakkiPlain,Dalite Forest,Location,Dalite Forest,-2051.041,-1138.946,-105.5,,,,,,,,,,,,,,,,,,,,,,,,,,,,,,,,,
BiginaTrees,Ginner Woods,Location,Ginner Woods,3202.2024,-2083.38,-105.5,,,,,,,,,,,,,,,,,,,,,,,,,,,,,,,,,
BonrasForest,Bronas Forest,Location,Bronas Forest,1477.9392,-3254.4382,-105.5,,,,,,,,,,,,,,,,,,,,,,,,,,,,,,,,,
BuibuiTrees,Bubinga Forest,Location,Bubinga Forest,2085.3906,-2094.244,-105.5,,,,,,,,,,,,,,,,,,,,,,,,,,,,,,,,,
DamzelForest,Damel Forest,Location,Damel Forest,832.0786,-2700.0796,-105.5,,,,,,,,,,,,,,,,,,,,,,,,,,,,,,,,,
ExpaTrees,Retsam Forest,Location,Retsam Forest,3853.0227,-2011.5885,-105.5,,,,,,,,,,,,,,,,,,,,,,,,,,,,,,,,,
FairyForest,Forest of Spirits,Location,Forest of Spirits,-962.7612,-1705.2804,-105.5,,,,,,,,,,,,,,,,,,,,,,,,,,,,,,,,,
FinrasForest,Finra Woods,Location,Finra Woods,423.3096,-2952.6252,-105.5,,,,,,,,,,,,,,,,,,,,,,,,,,,,,,,,,
GibogaHill,Rok Woods,Location,Rok Woods,3352.4658,3089.0872,-105.5,,,,,,,,,,,,,,,,,,,,,,,,,,,,,,,,,
KiyanbaTrees,Minshi Woods,Location,Minshi Woods,1015.7352,1770.9055,-105.5,1081.771,1503.86,-105.5,,,,,,,,,,,,,,,,,,,,,,,,,,,,,,
MapArea_HyruleForest,Great Hyrule Forest,Location,Great Hyrule Forest,363.82925,2545.783,-105.5,,,,,,,,,,,,,,,,,,,,,,,,,,,,,,,,,
MiddleTrees,Midla Woods,Location,Midla Woods,3100.8196,-2163.6345,-105.5,,,,,,,,,,,,,,,,,,,,,,,,,,,,,,,,,
NezuppoTrees,Pappetto Grove,Location,Pappetto Grove,-339.3401,-3567.0925,-105.5,,,,,,,,,,,,,,,,,,,,,,,,,,,,,,,,,
OngiForest,Applean Forest,Location,Applean Forest,552.6283,288.83276,-105.5,,,,,,,,,,,,,,,,,,,,,,,,,,,,,,,,,
RiaroTrees,Hickaly Woods,Location,Hickaly Woods,1951.004,-2441.7815,-105.5,,,,,,,,,,,,,,,,,,,,,,,,,,,,,,,,,
RiberaForest,Ebara Forest,Location,Ebara Forest,1885.2363,-3326.098,-105.5,,,,,,,,,,,,,,,,,,,,,,,,,,,,,,,,,
SarjonForest,Sarjon Woods,Location,Sarjon Woods,1131.6309,-3279.0986,-105.5,,,,,,,,,,,,,,,,,,,,,,,,,,,,,,,,,
ShinikkyoForest,Giant's Forest,Location,Giant's Forest,-1184.64,-114.00159,-105.5,,,,,,,,,,,,,,,,,,,,,,,,,,,,,,,,,
SugrantForest,Pagos Woods,Location,Pagos Woods,689.8911,-3058.266,-105.5,,,,,,,,,,,,,,,,,,,,,,,,,,,,,,,,,
TagonaTrees,Tabahl Woods,Location,Tabahl Woods,2572.5447,176.81873,-105.5,,,,,,,,,,,,,,,,,,,,,,,,,,,,,,,,,
ZifForest,Forest of Time,Location,Forest of Time,-367.9718,-1525.3655,-105.5,,,,,,,,,,,,,,,,,,,,,,,,,,,,,,,,,
AagetoMt,Mount Agaat,Location,Mount Agaat,-4931.034,-861.76044,-105.5,,,,,,,,,,,,,,,,,,,,,,,,,,,,,,,,,
AgePlateau,Jia Highlands,Location,Jia Highlands,1506.6082,-2465.7075,-105.5,,,,,,,,,,,,,,,,,,,,,,,,,,,,,,,,,
AkazaMt,Lanayru Range,Location,Lanayru Range,3993.5183,-1596.3353,-105.5,,,,,,,,,,,,,,,,,,,,,,,,,,,,,,,,,
BachimakuMt,Solewood Range,Location,Solewood Range,4403.436,-2205.3933,-105.5,,,,,,,,,,,,,,,,,,,,,,,,,,,,,,,,,
BameHill,Passer Hill,Location,Passer Hill,-3998.9048,1614.1091,-105.5,,,,,,,,,,,,,,,,,,,,,,,,,,,,,,,,,
BiridinHill,Birida Lookout,Location,Birida Lookout,-3475.8167,-1868.02,-105.5,,,,,,,,,,,,,,,,,,,,,,,,,,,,,,,,,
BuramuPlateau,Popla Foothills,Location,Popla Foothills,812.7005,-2177.1309,-105.5,,,,,,,,,,,,,,,,,,,,,,,,,,,,,,,,,
DasukidaMt,Mount Dunsel,Location,Mount Dunsel,3197.3926,-3170.665,-105.5,,,,,,,,,,,,,,,,,,,,,,,,,,,,,,,,,
DasukidaPlateau,Dunsel Plateau,Location,Dunsel Plateau,3002.681,-3081.7515,-105.5,,,,,,,,,,,,,,,,,,,,,,,,,,,,,,,,,
EastEunpoHighlands,East Deplian Badlands,Location,East Deplian Badlands,1126.0508,3673.3691,-105.5,1677.9221,3670.0684,-105.5,,,,,,,,,,,,,,,,,,,,,,,,,,,,,,
EastGerudoPlateau,East Gerudo Mesa,Location,East Gerudo Mesa,-1576.9058,-2987.6006,-105.5,,,,,,,,,,,,,,,,,,,,,,,,,,,,,,,,,
EunpoHighlands,Deplian Badlands,Location,Deplian Badlands,335.73495,3693.1484,-105.5,,,,,,,,,,,,,,,,,,,,,,,,,,,,,,,,,
FenaMt,Mount Nabooru,Location,Mount Nabooru,-1885.7395,-1920.1152,-105.5,,,,,,,,,,,,,,,,,,,,,,,,,,,,,,,,,
GamettaPlateau,Cliffs of Quince,Location,Cliffs of Quince,2600.7773,-1779.888,-105.5,,,,,,,,,,,,,,,,,,,,,,,,,,,,,,,,,
GarakishiPass,Shadow Pass,Location,Shadow Pass,3382.508,2273.783,-105.5,,,,,,,,,,,,,,,,,,,,,,,,,,,,,,,,,
GashamaHill,Crenel Hills,Location,Crenel Hills,680.5388,909.2051,-105.5,,,,,,,,,,,,,,,,,,,,,,,,,,,,,,,,,
GashamahiMt,Crenel Peak,Location,Crenel Peak,1169.8965,418.94092,-105.5,,,,,,,,,,,,,,,,,,,,,,,,,,,,,,,,,
GerudoCanyon,Gerudo Canyon,Location,Gerudo Canyon,-2308.2344,-2216.004,-105.5,,,,,,,,,,,,,,,,,,,,,,,,,,,,,,,,,
GerudoSummit,Gerudo Summit,Location,Gerudo Summit,-4104.676,-699.1396,-105.5,,,,,,,,,,,,,,,,,,,,,,,,,,,,,,,,,
GibururuMt,Ruto Mountain,Location,Ruto Mountain,3243.232,-94.80029,-105.5,,,,,,,,,,,,,,,,,,,,,,,,,,,,,,,,,
GimpoMt,Mount Floria,Location,Mount Floria,1931.0382,-2777.7593,-105.5,,,,,,,,,,,,,,,,,,,,,,,,,,,,,,,,,
GisaHill,Nero Hill,Location,Nero Hill,-3638.6348,948.8678,-105.5,,,,,,,,,,,,,,,,,,,,,,,,,,,,,,,,,
GishiHill,Piper Ridge,Location,Piper Ridge,-3478.0706,679.18066,-105.5,,,,,,,,,,,,,,,,,,,,,,,,,,,,,,,,,
GobyMt,Tuft Mountain,Location,Tuft Mountain,2566.6294,-3474.8127,-105.5,,,,,,,,,,,,,,,,,,,,,,,,,,,,,,,,,
GoinaPlateau,Pierre Plateau,Location,Pierre Plateau,2213.0557,-944.0733,-105.5,,,,,,,,,,,,,,,,,,,,,,,,,,,,,,,,,
HawkMt,Cuho Mountain,Location,Cuho Mountain,-3834.2827,1326.9097,-105.5,,,,,,,,,,,,,,,,,,,,,,,,,,,,,,,,,
HeburaEastSummit,Hebra East Summit,Location,Hebra East Summit,-2752.838,3053.6663,-105.5,,,,,,,,,,,,,,,,,,,,,,,,,,,,,,,,,
HeburaIcicle,Icefall Foothills,Location,Icefall Foothills,-4311.6025,3792.5413,-105.5,,,,,,,,,,,,,,,,,,,,,,,,,,,,,,,,,
HeburaMt_North,Hebra North Crest,Location,Hebra North Crest,-3539.2683,3740.2095,-105.5,,,,,,,,,,,,,,,,,,,,,,,,,,,,,,,,,
HeburaNorthSummit,Hebra North Summit,Location,Hebra North Summit,-3983.6406,3612.7207,-105.5,,,,,,,,,,,,,,,,,,,,,,,,,,,,,,,,,
HeburaPeak,Hebra Peak,Location,Hebra Peak,-2770.6824,2913.745,-105.5,,,,,,,,,,,,,,,,,,,,,,,,,,,,,,,,,
HeburaSouthSummit,Hebra South Summit,Location,Hebra South Summit,-3471.1555,2576.249,-105.5,,,,,,,,,,,,,,,,,,,,,,,,,,,,,,,,,
HeburaWestSummit,Hebra West Summit,Location,Hebra West Summit,-4422.7983,2722.941,-105.5,-4455.3276,3171.2236,-105.5,,,,,,,,,,,,,,,,,,,,,,,,,,,,,,
HemaHill,Hemaar's Descent,Location,Hemaar's Descent,-4239.648,-152.97552,-105.5,,,,,,,,,,,,,,,,,,,,,,,,,,,,,,,,,
HimeidaMt,Meda Mountain,Location,Meda Mountain,2548.4478,-2461.164,-105.5,,,,,,,,,,,,,,,,,,,,,,,,,,,,,,,,,
HyliaMt,Mount Hylia,Location,Mount Hylia,-1277.1523,-2180.2441,-105.5,,,,,,,,,,,,,,,,,,,,,,,,,,,,,,,,,
IbaraPlateau,Ibara Butte,Location,Ibara Butte,765.2322,-3789.279,-105.5,,,,,,,,,,,,,,,,,,,,,,,,,,,,,,,,,
IkokoPlateau,Talus Plateau,Location,Talus Plateau,4444.8457,-365.49,-105.5,,,,,,,,,,,,,,,,,,,,,,,,,,,,,,,,,
ImeruMt,Elma Knolls,Location,Elma Knolls,-415.30298,1796.7875,-105.5,,,,,,,,,,,,,,,,,,,,,,,,,,,,,,,,,
JijigegeMt,Mount Rozudo,Location,Mount Rozudo,2377.4458,-2195.2505,-105.5,,,,,,,,,,,,,,,,,,,,,,,,,,,,,,,,,
KagossaMt,Zokassa Ridge,Location,Zokassa Ridge,-556.5149,-3222.2815,-105.5,,,,,,,,,,,,,,,,,,,,,,,,,,,,,,,,,
KakufusaPlain,Whistling Hill,Location,Whistling Hill,151.76251,-851.83875,-105.5,,,,,,,,,,,,,,,,,,,,,,,,,,,,,,,,,
KapporeMt,Mount Faloraa,Location,Mount Faloraa,-925.6411,-2629.127,-105.5,,,,,,,,,,,,,,,,,,,,,,,,,,,,,,,,,
KasuraMt,Corvash Peak,Location,Corvash Peak,-3243.397,2422.5327,-105.5,,,,,,,,,,,,,,,,,,,,,,,,,,,,,,,,,
KazusuPass,Kaepora Pass,Location,Kaepora Pass,4114.774,1206.4218,-105.5,,,,,,,,,,,,,,,,,,,,,,,,,,,,,,,,,
KikinosaMt,Lindor's Brow,Location,Lindor's Brow,-1939.7249,1340.1826,-105.5,,,,,,,,,,,,,,,,,,,,,,,,,,,,,,,,,
KikinosaPlain,Upland Lindor,Location,Upland Lindor,-2544.851,1279.4142,-105.5,-2231.495,1344.8691,-105.5,,,,,,,,,,,,,,,,,,,,,,,,,,,,,,
KimarikaMt,Peak of Awakening,Location,Peak of Awakening,2912.347,-1463.0337,-105.5,,,,,,,,,,,,,,,,,,,,,,,,,,,,,,,,,
KimarikaPlateau,Nirvata Plateau,Location,Nirvata Plateau,3200.9785,-1385.7667,-105.5,,,,,,,,,,,,,,,,,,,,,,,,,,,,,,,,,
KinshoiMt,Mount Daphnes,Location,Mount Daphnes,-1105,-556.2332,-105.5,,,,,,,,,,,,,,,,,,,,,,,,,,,,,,,,,
KirisasaPlateau,Lanayru Bluff,Location,Lanayru Bluff,2929.4978,-1244.7957,-105.5,,,,,,,,,,,,,,,,,,,,,,,,,,,,,,,,,
KiriyabuMt,Bonooru's Stand,Location,Bonooru's Stand,2153.1897,-1130.3082,-105.5,,,,,,,,,,,,,,,,,,,,,,,,,,,,,,,,,
KitakkarePlateau,North Akkala Foothill,Location,North Akkala Foothill,4177.499,2915.455,-105.5,,,,,,,,,,,,,,,,,,,,,,,,,,,,,,,,,
KuroidaPlateau,Breman Peak,Location,Breman Peak,2134.7354,-2577.8232,-105.5,,,,,,,,,,,,,,,,,,,,,,,,,,,,,,,,,
KutiffMt,Mount Rhoam,Location,Mount Rhoam,-2690.956,776.0194,-105.5,,,,,,,,,,,,,,,,,,,,,,,,,,,,,,,,,
MapArea_DeathMountain,Death Mountain,Location,Death Mountain,2530.13,2479.4666,-105.5,,,,,,,,,,,,,,,,,,,,,,,,,,,,,,,,,
MapArea_EldinMountains,Eldin Mountains,Location,Eldin Mountains,1310.0756,3375.6157,-105.5,,,,,,,,,,,,,,,,,,,,,,,,,,,,,,,,,
MapArea_GerudoHighlands,Gerudo Highlands,Location,Gerudo Highlands,-4088.5078,-843.23987,-105.5,,,,,,,,,,,,,,,,,,,,,,,,,,,,,,,,,
MapArea_HeburaMountains,Hebra Mountains,Location,Hebra Mountains,-3079.067,3024.6821,-105.5,,,,,,,,,,,,,,,,,,,,,,,,,,,,,,,,,
MapArea_HyruleHill,Hyrule Ridge,Location,Hyrule Ridge,-2382.6243,407.07727,-105.5,,,,,,,,,,,,,,,,,,,,,,,,,,,,,,,,,
MapArea_LiveMountain,Mount Lanayru,Location,Mount Lanayru,3882.3994,-1120.2402,-105.5,,,,,,,,,,,,,,,,,,,,,,,,,,,,,,,,,
MapArea_TamulPlateau,Akkala Highlands,Location,Akkala Highlands,3476.8496,2205.8804,-105.5,,,,,,,,,,,,,,,,,,,,,,,,,,,,,,,,,
MarittaHill,Salari Hill,Location,Salari Hill,-1443.9471,1343.8732,-105.5,-1339.3524,1522.522,-105.5,,,,,,,,,,,,,,,,,,,,,,,,,,,,,,
MemeMt,Ploymus Mountain,Location,Ploymus Mountain,3853.2507,660.0387,480.7334,,,,,,,,,,,,,,,,,,,,,,,,,,,,,,,,,
MezusuPass,Rospro Pass,Location,Rospro Pass,-3574.702,2363.096,-105.5,,,,,,,,,,,,,,,,,,,,,,,,,,,,,,,,,
MizemakuMt,Walnot Mountain,Location,Walnot Mountain,4170.002,-1922.0071,-105.5,,,,,,,,,,,,,,,,,,,,,,,,,,,,,,,,,
MomoMt,Scout's Hill,Location,Scout's Hill,-20.78064,-1898.3446,-105.5,,,,,,,,,,,,,,,,,,,,,,,,,,,,,,,,,
MoriMt,Ulri Mountain,Location,Ulri Mountain,3612.613,2093.094,-105.5,,,,,,,,,,,,,,,,,,,,,,,,,,,,,,,,,
MorudaMt,Daval Peak,Location,Daval Peak,-1391.4855,-3599.8108,-105.5,,,,,,,,,,,,,,,,,,,,,,,,,,,,,,,,,
MorugaMt,Mount Granajh,Location,Mount Granajh,-1376.0925,-3361.4353,-105.5,,,,,,,,,,,,,,,,,,,,,,,,,,,,,,,,,
NaganizaHill,Temto Hill,Location,Temto Hill,2381.7632,-3400.4102,-105.5,,,,,,,,,,,,,,,,,,,,,,,,,,,,,,,,,
NefraHill,Nephra Hill,Location,Nephra Hill,-2166.3547,-1509.3517,-105.5,,,,,,,,,,,,,,,,,,,,,,,,,,,,,,,,,
NishakkarePlain,Kanalet Ridge,Location,Kanalet Ridge,3308.855,1906.9763,-105.5,,,,,,,,,,,,,,,,,,,,,,,,,,,,,,,,,
PongagaMt,Ebon Mountain,Location,Ebon Mountain,3350.909,-2531.1516,-105.5,,,,,,,,,,,,,,,,,,,,,,,,,,,,,,,,,
PoponMt,Satori Mountain,Location,Satori Mountain,-2259.383,-288.2556,-105.5,,,,,,,,,,,,,,,,,,,,,,,,,,,,,,,,,
PukiroroMt,Zodobon Highlands,Location,Zodobon Highlands,2728.6086,-119.19498,-105.5,,,,,,,,,,,,,,,,,,,,,,,,,,,,,,,,,
RinosPass,Dronoc's Pass,Location,Dronoc's Pass,-3793.1533,2236.1294,-105.5,,,,,,,,,,,,,,,,,,,,,,,,,,,,,,,,,
RirimukuHighlands,Drenan Highlands,Location,Drenan Highlands,-344.38074,3120.9983,-105.5,,,,,,,,,,,,,,,,,,,,,,,,,,,,,,,,,
RirimukuMt,Mount Drena,Location,Mount Drena,-561.4199,2635.1152,-105.5,-571.42114,2308.8418,-105.5,-355.3164,2767.049,-105.5,-825.6262,2764.2717,-105.5,-1247.4896,3262.8518,-105.5,,,,,,,,,,,,,,,,,,,,,
RishakutoPlateau,Pillars of Levia,Location,Pillars of Levia,1849.9119,-1243.9044,-105.5,,,,,,,,,,,,,,,,,,,,,,,,,,,,,,,,,
RokomakuMt,Madorna Mountain,Location,Madorna Mountain,3821.5686,-1688.9856,-105.5,,,,,,,,,,,,,,,,,,,,,,,,,,,,,,,,,
RuberaHill,Cliffs of Ruvara,Location,Cliffs of Ruvara,-3392.4097,-609.5185,-105.5,,,,,,,,,,,,,,,,,,,,,,,,,,,,,,,,,
RutimaHill,Rutimala Hill,Location,Rutimala Hill,-4527.0254,-1417.0447,-105.5,,,,,,,,,,,,,,,,,,,,,,,,,,,,,,,,,
SaiMt,Mount Gustaf,Location,Mount Gustaf,-915.31274,210.85791,-105.5,,,,,,,,,,,,,,,,,,,,,,,,,,,,,,,,,
SanaePlateau,Hills of Baumer,Location,Hills of Baumer,429.7239,-1760.0726,-105.5,,,,,,,,,,,,,,,,,,,,,,,,,,,,,,,,,
SaohPoint,Ternio Trail,Location,Ternio Trail,2687.7,764.1218,-105.5,,,,,,,,,,,,,,,,,,,,,,,,,,,,,,,,,
ShariverMt,Talonto Peak,Location,Talonto Peak,-3171.5427,2682.1592,-105.5,,,,,,,,,,,,,,,,,,,,,,,,,,,,,,,,,
ShinyarkiPlateau,Rauru Hillside,Location,Rauru Hillside,497.74777,1537.6544,-105.5,,,,,,,,,,,,,,,,,,,,,,,,,,,,,,,,,
SojijiHill,Safula Hill,Location,Safula Hill,-1756.4575,-856.55695,-105.5,,,,,,,,,,,,,,,,,,,,,,,,,,,,,,,,,
TabantaHill,Tabantha Hills,Location,Tabantha Hills,-2464.5144,1843.002,-105.5,,,,,,,,,,,,,,,,,,,,,,,,,,,,,,,,,
TafeaHill,Taafei Hill,Location,Taafei Hill,-2807.4714,-1819.1892,-105.5,,,,,,,,,,,,,,,,,,,,,,,,,,,,,,,,,
TargarPlain,Brynna Plain,Location,Brynna Plain,3927.2566,-382.12332,-105.5,,,,,,,,,,,,,,,,,,,,,,,,,,,,,,,,,
TennoMt,Washa's Bluff,Location,Washa's Bluff,-2731.7954,-87.183014,-105.5,,,,,,,,,,,,,,,,,,,,,,,,,,,,,,,,,
TerumeMt,Mount Taran,Location,Mount Taran,2483.598,-2676.389,-105.5,,,,,,,,,,,,,,,,,,,,,,,,,,,,,,,,,
TerumePass,Taran Pass,Location,Taran Pass,2713.6943,-2853.93,-105.5,,,,,,,,,,,,,,,,,,,,,,,,,,,,,,,,,
TorumaDesert,Toruma Dunes,Location,Toruma Dunes,-4762.801,-2730.9995,-105.5,,,,,,,,,,,,,,,,,,,,,,,,,,,,,,,,,
TwinsMountain,Dueling Peaks,Location,Dueling Peaks,1358.1024,-1781.7185,-105.5,1269.3143,-2038.7462,-105.5,,,,,,,,,,,,,,,,,,,,,,,,,,,,,,
UchoPlateau,Mable Ridge,Location,Mable Ridge,1336.5887,-1424.1989,-105.5,,,,,,,,,,,,,,,,,,,,,,,,,,,,,,,,,
WestEunpoHighlands,West Deplian Badlands,Location,West Deplian Badlands,16.800262,3454.644,-105.5,,,,,,,,,,,,,,,,,,,,,,,,,,,,,,,,,
AmimePlateau,Nette Plateau,Location,Nette Plateau,219.73828,-3631.8901,-105.5,,,,,,,,,,,,,,,,,,,,,,,,,,,,,,,,,
AnbonBeach,Martha's Landing,Location,Martha's Landing,1206.6833,-3728.9216,-105.5,,,,,,,,,,,,,,,,,,,,,,,,,,,,,,,,,
AnchoBeach,Toronbo Beach,Location,Toronbo Beach,4498.385,-3552.553,-105.5,,,,,,,,,,,,,,,,,,,,,,,,,,,,,,,,,
ArafuraPlain,Fural Plain,Location,Fural Plain,446.59302,-3335.2817,-105.5,,,,,,,,,,,,,,,,,,,,,,,,,,,,,,,,,
AzimetosPlateau,Mystathi's Shelf,Location,Mystathi's Shelf,-4044.9194,-405.9199,-105.5,,,,,,,,,,,,,,,,,,,,,,,,,,,,,,,,,
BaconCliff,Gortram Cliff,Location,Gortram Cliff,1818.7449,1890.8843,-105.5,,,,,,,,,,,,,,,,,,,,,,,,,,,,,,,,,
BantaValley,Breach of Demise,Location,Breach of Demise,-1437.2133,554.4126,-105.5,,,,,,,,,,,,,,,,,,,,,,,,,,,,,,,,,
BarumePlain,Barula Plain,Location,Barula Plain,193.44873,-3134.5454,-105.5,,,,,,,,,,,,,,,,,,,,,,,,,,,,,,,,,
BironSnow,Biron Snowshelf,Location,Biron Snowshelf,-3719.0518,2982.0652,-105.5,-3929.0078,3319.0752,-105.5,-4052.7617,3010.6724,-105.5,,,,,,,,,,,,,,,,,,,,,,,,,,,
BituoValley,Tobio's Hollow,Location,Tobio's Hollow,1329.2715,-2564.3208,-105.5,,,,,,,,,,,,,,,,,,,,,,,,,,,,,,,,,
BlizzarValley,Coldsnap Hollow,Location,Coldsnap Hollow,-3065.7603,2954.228,-105.5,,,,,,,,,,,,,,,,,,,,,,,,,,,,,,,,,
BrostarPlain,Samasa Plain,Location,Samasa Plain,3238.9143,-567.59,-105.5,,,,,,,,,,,,,,,,,,,,,,,,,,,,,,,,,
BuhaIslands,Broca Island,Location,Broca Island,2701.1992,1769.6309,-105.5,2698.522,1762.5836,139.07495,,,,,,,,,,,,,,,,,,,,,,,,,,,,,,
BuichadaPlateau,Tumlea Heights,Location,Tumlea Heights,4166.957,3153.4443,-105.5,,,,,,,,,,,,,,,,,,,,,,,,,,,,,,,,,
BumiPlain,Windvane Meadow,Location,Windvane Meadow,-264.64856,-605.4452,-105.5,-664.16626,-750.4846,-105.5,,,,,,,,,,,,,,,,,,,,,,,,,,,,,,
CresiaPeninsula,Cape Cresia,Location,Cape Cresia,3420.639,-3807.4753,-105.5,,,,,,,,,,,,,,,,,,,,,,,,,,,,,,,,,
DanioPlain,Ukuku Plains,Location,Ukuku Plains,3950.5142,977.12134,-105.5,,,,,,,,,,,,,,,,,,,,,,,,,,,,,,,,,
DatsuPlain,Parache Plains,Location,Parache Plains,-348.24304,-3298.6335,-105.5,,,,,,,,,,,,,,,,,,,,,,,,,,,,,,,,,
DekamuPlain,Marblod Plain,Location,Marblod Plain,2770.1958,-2282.414,-105.5,,,,,,,,,,,,,,,,,,,,,,,,,,,,,,,,,
DokamamaPlain,Sahasra Slope,Location,Sahasra Slope,1265.7698,-772.6583,-105.5,1378.1572,-1050.0826,-105.5,,,,,,,,,,,,,,,,,,,,,,,,,,,,,,
DotiBeach,Rimba Beach,Location,Rimba Beach,3167.1404,-3721.0876,-105.5,,,,,,,,,,,,,,,,,,,,,,,,,,,,,,,,,
DragonsFar,Dragon's Exile,Location,Dragon's Exile,-4785.0776,-3508.5737,-105.5,,,,,,,,,,,,,,,,,,,,,,,,,,,,,,,,,
EastGerudo,East Barrens,Location,East Barrens,-2537.6533,-3539.3044,-105.5,,,,,,,,,,,,,,,,,,,,,,,,,,,,,,,,,
EquePlateau,Angel Peak,Location,Angel Peak,1715.5012,-2619.629,-105.5,,,,,,,,,,,,,,,,,,,,,,,,,,,,,,,,,
ErumedaPlateau,Meadela's Mantle,Location,Meadela's Mantle,-4100.3423,-1296.489,-105.5,,,,,,,,,,,,,,,,,,,,,,,,,,,,,,,,,
GakanakkyoPlain,West Hyrule Plains,Location,West Hyrule Plains,-1605.5342,202.0661,-105.5,-1946.5764,117.13403,-105.5,-1408.1262,342.21313,-105.5,,,,,,,,,,,,,,,,,,,,,,,,,,,
GiankonIsland,Mekar Island,Location,Mekar Island,-259.56085,2193.719,-105.5,,,,,,,,,,,,,,,,,,,,,,,,,,,,,,,,,
GoanaValley,Gama Cove,Location,Gama Cove,3273.6216,-3412.0698,-105.5,,,,,,,,,,,,,,,,,,,,,,,,,,,,,,,,,
GumaroValley,Atun Valley,Location,Atun Valley,2469.4192,-3259.8618,-105.5,,,,,,,,,,,,,,,,,,,,,,,,,,,,,,,,,
GutinizaPlain,Guchini Plain,Location,Guchini Plain,869.9221,-3363.7185,-105.5,,,,,,,,,,,,,,,,,,,,,,,,,,,,,,,,,
GyunaIsland,Ankel Island,Location,Ankel Island,4651.7036,1026.9918,-105.5,,,,,,,,,,,,,,,,,,,,,,,,,,,,,,,,,
HamiyonPlain,Ovli Plain,Location,Ovli Plain,3060.0105,-1883.2943,-105.5,,,,,,,,,,,,,,,,,,,,,,,,,,,,,,,,,
HatenoBeach,Hateno Beach,Location,Hateno Beach,4016.5518,-2314.7,-105.5,,,,,,,,,,,,,,,,,,,,,,,,,,,,,,,,,
HatenokoIsland,Tenoko Island,Location,Tenoko Island,4008.3691,-2944.7773,-105.5,,,,,,,,,,,,,,,,,,,,,,,,,,,,,,,,,
HeburaTundera,Hebra Tundra,Location,Hebra Tundra,-3395.0532,3297.968,-105.5,-3310.2375,3077.4602,-105.5,,,,,,,,,,,,,,,,,,,,,,,,,,,,,,
HesonaiValley,Yarna Valley,Location,Yarna Valley,-1867.9241,-2816.8167,-105.5,,,,,,,,,,,,,,,,,,,,,,,,,,,,,,,,,
HigakkarePlain,East Akkala Plains,Location,East Akkala Plains,4096.214,2148.7083,-105.5,,,,,,,,,,,,,,,,,,,,,,,,,,,,,,,,,
HyralIslands,Hylia Island,Location,Hylia Island,-329.83508,-2638.2441,-105.5,,,,,,,,,,,,,,,,,,,,,,,,,,,,,,,,,
IooValley,Trilby Valley,Location,Trilby Valley,2272.2803,709.5625,-105.5,,,,,,,,,,,,,,,,,,,,,,,,,,,,,,,,,
IsakuIslands,Millennio Sandbar,Location,Millennio Sandbar,1418.596,-44.872864,-105.5,1934.1353,-323.28854,-105.5,1311.4379,-535.17914,-105.5,,,,,,,,,,,,,,,,,,,,,,,,,,,
JedaPlateau,Koukot Plateau,Location,Koukot Plateau,-2197.6956,-1787.0361,-105.5,,,,,,,,,,,,,,,,,,,,,,,,,,,,,,,,,
KaiyanPlain,Rabia Plain,Location,Rabia Plain,2614.5588,-590.4836,-105.5,,,,,,,,,,,,,,,,,,,,,,,,,,,,,,,,,
KakaomePlain,Irch Plain,Location,Irch Plain,-901.645,1434.8931,-105.5,,,,,,,,,,,,,,,,,,,,,,,,,,,,,,,,,
KamasuPlateau,Kamah Plateau,Location,Kamah Plateau,1436.4528,-2988.9978,-105.5,,,,,,,,,,,,,,,,,,,,,,,,,,,,,,,,,
KamutariPlateau,Phalian Highlands,Location,Phalian Highlands,2509.431,-1225.7291,-105.5,,,,,,,,,,,,,,,,,,,,,,,,,,,,,,,,,
KarusaValley,Karusa Valley,Location,Karusa Valley,-4308.1943,-1854.4979,-105.5,,,,,,,,,,,,,,,,,,,,,,,,,,,,,,,,,
KattoriPlateau,Farosh Hills,Location,Farosh Hills,556.17633,-2487.625,-105.5,,,,,,,,,,,,,,,,,,,,,,,,,,,,,,,,,
KazanaDungeon,Tempest Gulch,Location,Tempest Gulch,3454.6848,3254.7407,-105.5,,,,,,,,,,,,,,,,,,,,,,,,,,,,,,,,,
KihirePlain,Keelay Plain,Location,Keelay Plain,1492.766,-2867.2695,-105.5,,,,,,,,,,,,,,,,,,,,,,,,,,,,,,,,,
KinmePlateau,Koholit Rock,Location,Koholit Rock,4654.1533,-3742.7495,-105.5,,,,,,,,,,,,,,,,,,,,,,,,,,,,,,,,,
KitakkarePlain,North Akkala Valley,Location,North Akkala Valley,3803.3428,2823.346,-105.5,,,,,,,,,,,,,,,,,,,,,,,,,,,,,,,,,
KokuppiSnow,Kopeeki Drifts,Location,Kopeeki Drifts,-2345.4355,2508.5098,-105.5,,,,,,,,,,,,,,,,,,,,,,,,,,,,,,,,,
KomoreBeach,Komo Shoreline,Location,Komo Shoreline,698.7559,-3932.4897,-105.5,,,,,,,,,,,,,,,,,,,,,,,,,,,,,,,,,
KoshaIsland,Davdi Island,Location,Davdi Island,4636.826,608.1184,-105.5,,,,,,,,,,,,,,,,,,,,,,,,,,,,,,,,,
KukujaValley,Tanagar Canyon,Location,Tanagar Canyon,-2918.1792,1180.6229,-105.5,-2292.558,1583.5935,-105.5,-3112.0698,485.27704,-105.5,-3485.0183,179.34375,-105.5,-3939.646,186.95837,-105.5,,,,,,,,,,,,,,,,,,,,,
KumPlateau,Sturnida Basin,Location,Sturnida Basin,-4109.8423,2850.5027,-105.5,,,,,,,,,,,,,,,,,,,,,,,,,,,,,,,,,
KurindaPrairie,Darybon Plains,Location,Darybon Plains,-332.9032,-3682.9153,-105.5,,,,,,,,,,,,,,,,,,,,,,,,,,,,,,,,,
KurisobeSnow,Risoka Snowfield,Location,Risoka Snowfield,-4556.4023,-1090.7507,-105.5,-4528.1577,-743.46313,-105.5,,,,,,,,,,,,,,,,,,,,,,,,,,,,,,
LaveBeach,Laverra Beach,Location,Laverra Beach,-174.45685,-3850.024,-105.5,,,,,,,,,,,,,,,,,,,,,,,,,,,,,,,,,
MacusePeninsula,Rist Peninsula,Location,Rist Peninsula,4616.3994,2242.9976,-105.5,,,,,,,,,,,,,,,,,,,,,,,,,,,,,,,,,
MakuminoValley,Harfin Valley,Location,Harfin Valley,95.26318,-3394.4514,-105.5,,,,,,,,,,,,,,,,,,,,,,,,,,,,,,,,,
MapArea_CentralHyrule,Hyrule Field,Location,Hyrule Field,-458.72003,-581.59576,-105.5,,,,,,,,,,,,,,,,,,,,,,,,,,,,,,,,,
MapArea_EastHateru,East Necluda,Location,East Necluda,2679.2944,-2507.2803,-105.5,,,,,,,,,,,,,,,,,,,,,,,,,,,,,,,,,
MapArea_EldinCanyon,Eldin Canyon,Location,Eldin Canyon,1852.762,1400.6433,-105.5,,,,,,,,,,,,,,,,,,,,,,,,,,,,,,,,,
MapArea_FironeGrassland,Faron Grasslands,Location,Faron Grasslands,-423.30347,-3156.432,-105.5,,,,,,,,,,,,,,,,,,,,,,,,,,,,,,,,,
MapArea_GerudoDesert,Gerudo Desert,Location,Gerudo Desert,-3681.5793,-3428.9043,-105.5,,,,,,,,,,,,,,,,,,,,,,,,,,,,,,,,,
MapArea_LanayruWetlands,Lanayru Wetlands,Location,Lanayru Wetlands,1825.7256,-58.98047,-105.5,,,,,,,,,,,,,,,,,,,,,,,,,,,,,,,,,
MapArea_TabantaFrontier,Tabantha Frontier,Location,Tabantha Frontier,-3476.1707,1220.9668,-105.5,,,,,,,,,,,,,,,,,,,,,,,,,,,,,,,,,
MapArea_TamulOutback,Deep Akkala,Location,Deep Akkala,3602.1533,3186.161,-105.5,,,,,,,,,,,,,,,,,,,,,,,,,,,,,,,,,
MapArea_WestHateru,West Necluda,Location,West Necluda,1297.487,-1524.7384,-105.5,,,,,,,,,,,,,,,,,,,,,,,,,,,,,,,,,
MarittaPrairie,Salari Plain,Location,Salari Plain,-1669.7483,1736.6343,-105.5,-1253.685,1761.2681,-105.5,,,,,,,,,,,,,,,,,,,,,,,,,,,,,,
MedakaValley,Ulria Grotto,Location,Ulria Grotto,4186.461,807.6626,-105.5,4186.461,787.93896,-105.5,,,,,,,,,,,,,,,,,,,,,,,,,,,,,,
MeganeRock,Spectacle Rock,Location,Spectacle Rock,-2222.0833,-2538.037,-105.5,,,,,,,,,,,,,,,,,,,,,,,,,,,,,,,,,
MerkayaLowTrees,Taobab Grassland,Location,Taobab Grassland,-1227.8927,-2725.529,-105.5,,,,,,,,,,,,,,,,,,,,,,,,,,,,,,,,,
MinakkarePlain,South Akkala Plains,Location,South Akkala Plains,3272.705,1352.085,-105.5,,,,,,,,,,,,,,,,,,,,,,,,,,,,,,,,,
MuguriPlain,Blatchery Plain,Location,Blatchery Plain,2133.1692,-1913.8054,-105.5,,,,,,,,,,,,,,,,,,,,,,,,,,,,,,,,,
NagyuPlateau,Tal Tal Peak,Location,Tal Tal Peak,4147.1143,339.14575,-105.5,,,,,,,,,,,,,,,,,,,,,,,,,,,,,,,,,
NaierunPeninsula,Lodrum Headland,Location,Lodrum Headland,4444.7544,-641.6023,-105.5,,,,,,,,,,,,,,,,,,,,,,,,,,,,,,,,,
NanaimoPlain,Rowan Plain,Location,Rowan Plain,-1218.6693,2025.6387,-105.5,-1108.8816,2267.2368,-105.5,,,,,,,,,,,,,,,,,,,,,,,,,,,,,,
NaruguPeninsula,Mapla Point,Location,Mapla Point,4663.0767,-2372.1997,-105.5,,,,,,,,,,,,,,,,,,,,,,,,,,,,,,,,,
NikakaIsland,Isle of Rabac,Location,Isle of Rabac,1542.1678,3073.9888,-105.5,,,,,,,,,,,,,,,,,,,,,,,,,,,,,,,,,
NitariBeach,Korne Beach,Location,Korne Beach,2940.91,-3656.1912,-105.5,,,,,,,,,,,,,,,,,,,,,,,,,,,,,,,,,
NomyPlain,Ludfo's Bog,Location,Ludfo's Bog,-2131.8093,675.50903,-105.5,-1917.1543,397.7965,-105.5,,,,,,,,,,,,,,,,,,,,,,,,,,,,,,
NorthHugeStone,Great Cliffs,Location,Great Cliffs,-3321.6924,-2247.3538,-105.5,,,,,,,,,,,,,,,,,,,,,,,,,,,,,,,,,
OkuAkkarePlain,Akkala Wilds,Location,Akkala Wilds,3743.5774,3348.9634,-105.5,3485.7751,3632.7236,-105.5,,,,,,,,,,,,,,,,,,,,,,,,,,,,,,
OoosePlain,Oseira Plains,Location,Oseira Plains,-882.0316,-3141.2383,-105.5,-779.3098,-3564.308,-105.5,,,,,,,,,,,,,,,,,,,,,,,,,,,,,,
OrupaPlateau,Laparoh Mesa,Location,Laparoh Mesa,-2939.7905,-1207.2308,-105.5,,,,,,,,,,,,,,,,,,,,,,,,,,,,,,,,,
OtsukoWet,Torin Wetland,Location,Torin Wetland,3601.3076,1636.7739,-105.5,,,,,,,,,,,,,,,,,,,,,,,,,,,,,,,,,
PakanchiIsland,Knuckel Island,Location,Knuckel Island,4653.2007,815.5294,-105.5,,,,,,,,,,,,,,,,,,,,,,,,,,,,,,,,,
PaparaPlateau,Stalry Plateau,Location,Stalry Plateau,-1571.5347,-2714.9177,-105.5,,,,,,,,,,,,,,,,,,,,,,,,,,,,,,,,,
PearlWaste,Palu Wasteland,Location,Palu Wasteland,-3117.933,-2981.8296,-105.5,,,,,,,,,,,,,,,,,,,,,,,,,,,,,,,,,
RaberaWet,Rabella Wetlands,Location,Rabella Wetlands,2419.998,-2782.405,-105.5,,,,,,,,,,,,,,,,,,,,,,,,,,,,,,,,,
RapikuruPlateau,Ja'Abu Ridge,Location,Ja'Abu Ridge,3910.343,-58.048126,-105.5,,,,,,,,,,,,,,,,,,,,,,,,,,,,,,,,,
RapinyaPlateau,Ruto Precipice,Location,Ruto Precipice,3408.8374,235.48303,-105.5,,,,,,,,,,,,,,,,,,,,,,,,,,,,,,,,,
RashamaPlain,North Hyrule Plain,Location,North Hyrule Plain,-1313.6733,824.82446,-105.5,-1169.2703,1132.8716,-105.5,,,,,,,,,,,,,,,,,,,,,,,,,,,,,,
RazezePlateau,Lanayru Heights,Location,Lanayru Heights,2798.9546,-917.7661,-105.5,,,,,,,,,,,,,,,,,,,,,,,,,,,,,,,,,
RibuchaPlateau,Aldor Foothills,Location,Aldor Foothills,-735.7195,2079.7983,-105.5,,,,,,,,,,,,,,,,,,,,,,,,,,,,,,,,,
Rikona_Peninshra,Rikoka Hills,Location,Rikoka Hills,1605.5176,-679.87805,-105.5,,,,,,,,,,,,,,,,,,,,,,,,,,,,,,,,,
RutsuPlain,Rayne Highlands,Location,Rayne Highlands,-3805.8892,481.11682,-105.5,-3892.5278,721.7849,-105.5,,,,,,,,,,,,,,,,,,,,,,,,,,,,,,
SaphiasPlateau,Sapphia's Table,Location,Sapphia's Table,-3169.781,-1574.2133,-105.5,,,,,,,,,,,,,,,,,,,,,,,,,,,,,,,,,
SasamuroBeach,Clarnet Coast,Location,Clarnet Coast,2585.3809,-3897.38,-105.5,2211.6318,-3886.7456,-105.5,,,,,,,,,,,,,,,,,,,,,,,,,,,,,,
ShikuriIslands,Wintre Island,Location,Wintre Island,4517.701,-987.9492,-105.5,,,,,,,,,,,,,,,,,,,,,,,,,,,,,,,,,
ShimukaPlateau,Robred Dropoff,Location,Robred Dropoff,2700.2515,-1570.958,-105.5,,,,,,,,,,,,,,,,,,,,,,,,,,,,,,,,,
SonoPrairie,Trilby Plain,Location,Trilby Plain,1392.1669,914.9768,-105.5,,,,,,,,,,,,,,,,,,,,,,,,,,,,,,,,,
SoridaPeninsula,Tingel Island,Location,Tingel Island,4705.7393,1374.0048,-105.5,,,,,,,,,,,,,,,,,,,,,,,,,,,,,,,,,
SusonoPlain,Illumeni Plateau,Location,Illumeni Plateau,-3105.9832,-14.734619,-105.5,,,,,,,,,,,,,,,,,,,,,,,,,,,,,,,,,
TabantaSnow_North,North Tabantha Snowfield,Location,North Tabantha Snowfield,-1792.1804,3689.4814,-105.5,-1701.8301,3290.757,-105.5,,,,,,,,,,,,,,,,,,,,,,,,,,,,,,
TabantaSnow_South,South Tabantha Snowfield,Location,South Tabantha Snowfield,-1763.6138,2933.2104,-105.5,-1961.8896,2288.7075,-105.5,-1529.0984,2652.5518,-105.5,-1849.0591,2494.106,-105.5,,,,,,,,,,,,,,,,,,,,,,,,
TabantaSnow,Tabantha Tundra,Location,Tabantha Tundra,-1811.8921,2792.6084,-105.5,,,,,,,,,,,,,,,,,,,,,,,,,,,,,,,,,
TakkikaPlain,Nima Plain,Location,Nima Plain,-1608.4292,-445,-105.5,-1877.3933,-711.0603,-105.5,,,,,,,,,,,,,,,,,,,,,,,,,,,,,,
TamulPlain,Ordorac Quarry,Location,Ordorac Quarry,3654.4792,2525.2424,-105.5,,,,,,,,,,,,,,,,,,,,,,,,,,,,,,,,,
TaruhoPlateau,Firly Plateau,Location,Firly Plateau,2949.4204,-2380.3027,-105.5,,,,,,,,,,,,,,,,,,,,,,,,,,,,,,,,,
TeguriPlain,Grinnden Plains,Location,Grinnden Plains,-754.04065,-2916.179,-105.5,,,,,,,,,,,,,,,,,,,,,,,,,,,,,,,,,
TehotaWet,Nautelle Wetlands,Location,Nautelle Wetlands,-629.771,-3839.2893,-105.5,,,,,,,,,,,,,,,,,,,,,,,,,,,,,,,,,
TeraPlain,Mabe Prairie,Location,Mabe Prairie,123.711914,193.85498,-105.5,,,,,,,,,,,,,,,,,,,,,,,,,,,,,,,,,
TomiyoPlateau,Trotter's Downfall,Location,Trotter's Downfall,3089.4094,-830.2271,-105.5,,,,,,,,,,,,,,,,,,,,,,,,,,,,,,,,,
TompoPlain,Romani Plains,Location,Romani Plains,338.48456,358.1859,-105.5,,,,,,,,,,,,,,,,,,,,,,,,,,,,,,,,,
TrakaIsland_Big,Mercay Island,Location,Mercay Island,1712.6807,131.01904,-105.5,,,,,,,,,,,,,,,,,,,,,,,,,,,,,,,,,
TrakaIsland_Center,Goponga Island,Location,Goponga Island,1554.4883,-355.05713,-105.5,,,,,,,,,,,,,,,,,,,,,,,,,,,,,,,,,
TrakaIsland_East,Kincean Island,Location,Kincean Island,2024.5897,-145.83124,-105.5,,,,,,,,,,,,,,,,,,,,,,,,,,,,,,,,,
TrakaIsland_New,Molida Island,Location,Molida Island,1843.0944,-206.69257,-105.5,,,,,,,,,,,,,,,,,,,,,,,,,,,,,,,,,
TrakaIsland_North,Shrine Island,Location,Shrine Island,1661.437,-439.16162,-105.5,,,,,,,,,,,,,,,,,,,,,,,,,,,,,,,,,
TrakaIsland_Small,Bannan Island,Location,Bannan Island,1774.1655,-383.66675,-105.5,,,,,,,,,,,,,,,,,,,,,,,,,,,,,,,,,
TrakaIsland_South,Zauz Island,Location,Zauz Island,1451.7739,-169.61243,-105.5,,,,,,,,,,,,,,,,,,,,,,,,,,,,,,,,,
TrakaIsland_West,Wes Island,Location,Wes Island,1393.8252,-300.22723,-105.5,,,,,,,,,,,,,,,,,,,,,,,,,,,,,,,,,
TrakaIsland,Linebeck Island,Location,Linebeck Island,1745.886,-90.733765,-105.5,,,,,,,,,,,,,,,,,,,,,,,,,,,,,,,,,
TsukaiePlateau,Stinger Cliffs,Location,Stinger Cliffs,2855.9607,-2616.398,-105.5,,,,,,,,,,,,,,,,,,,,,,,,,,,,,,,,,
TuaboSnow,Vatorsa Snowfield,Location,Vatorsa Snowfield,-3473.6216,-1127.5192,-105.5,,,,,,,,,,,,,,,,,,,,,,,,,,,,,,,,,
TunbriPlain,Courage Steppe,Location,Courage Steppe,2270.2727,-2942.1252,-105.5,,,,,,,,,,,,,,,,,,,,,,,,,,,,,,,,,
TutukikiSnow,Pikida Stonegrove,Location,Pikida Stonegrove,-2198.2195,2901.4897,-105.5,-2285.8445,3161.549,-105.5,,,,,,,,,,,,,,,,,,,,,,,,,,,,,,
UbotsuPlateau,Ubota Point,Location,Ubota Point,1608.704,-3629.5479,-105.5,,,,,,,,,,,,,,,,,,,,,,,,,,,,,,,,,
VPlateau,Zirco Mesa,Location,Zirco Mesa,-2616.1824,-1556.1372,-105.5,,,,,,,,,,,,,,,,,,,,,,,,,,,,,,,,,
WatakaPlateau,Quatta's Shelf,Location,Quatta's Shelf,2157.723,-557.7363,-105.5,,,,,,,,,,,,,,,,,,,,,,,,,,,,,,,,,
WestGerudo,West Barrens,Location,West Barrens,-4541.142,-2502.2737,-105.5,,,,,,,,,,,,,,,,,,,,,,,,,,,,,,,,,
XehaPlateau,Upland Zorana,Location,Upland Zorana,3137.3079,876.86487,-105.5,,,,,,,,,,,,,,,,,,,,,,,,,,,,,,,,,
YashinoBeach,Palmorae Beach,Location,Palmorae Beach,3496.5398,-3459.7527,-105.5,,,,,,,,,,,,,,,,,,,,,,,,,,,,,,,,,
YuaSnow,Naydra Snowfield,Location,Naydra Snowfield,3508.3857,-1418.4702,-105.5,,,,,,,,,,,,,,,,,,,,,,,,,,,,,,,,,
ZamaPlain,Seres Scablands,Location,Seres Scablands,-2323.8994,449.8285,-105.5,,,,,,,,,,,,,,,,,,,,,,,,,,,,,,,,,
ZaridoPlateau,Eldin's Flank,Location,Eldin's Flank,2292.7239,3678.5469,-105.5,,,,,,,,,,,,,,,,,,,,,,,,,,,,,,,,,
ZitoGreens,Passeri Greenbelt,Location,Passeri Greenbelt,-596.4114,-204.79382,-105.5,,,,,,,,,,,,,,,,,,,,,,,,,,,,,,,,,
MinusField_BraveFountain,Wellspring of Courage,Location,Wellspring of Courage,903.53613,-2488.2598,-358.48978,,,,,,,,,,,,,,,,,,,,,,,,,,,,,,,,,
MinusField_PowerFountain,Wellspring of Power,Location,Wellspring of Power,3733.143,2562.8035,-351.588,,,,,,,,,,,,,,,,,,,,,,,,,,,,,,,,,
MinusField_StartPoint,Secret Spring of Revival,Location,Secret Spring of Revival,-1098.5548,-1898.0345,-744.8072,,,,,,,,,,,,,,,,,,,,,,,,,,,,,,,,,
MinusField_WiseFountain,Wellspring of Wisdom,Location,Wellspring of Wisdom,3836.8357,-1272.762,-519.515,3859.9116,-1283.1376,-816.6708,,,,,,,,,,,,,,,,,,,,,,,,,,,,,,
MinusField_AagetoMt,Agaat Canyon Mine,Location,Agaat Canyon Mine,-4785.7134,-728.295,-1214.8073,,,,,,,,,,,,,,,,,,,,,,,,,,,,,,,,,
MinusField_AkkareZhai,Ancient Underground Fortress,Location,Ancient Underground Fortress,3310.2847,1523.05,-478.24426,3306.675,1565.5931,-509.9297,,,,,,,,,,,,,,,,,,,,,,,,,,,,,,
MinusField_AncientColosseum,Floating Coliseum,Location,Floating Coliseum,-1151.502,-1204.95,-376.68765,-1151.8556,-1239.0526,-381.02063,,,,,,,,,,,,,,,,,,,,,,,,,,,,,,
MinusField_BlindForest,Gleeok Den,Location,Gleeok Den,330.9718,3111.2417,-458.11475,328.125,3079.5579,-462.3595,,,,,,,,,,,,,,,,,,,,,,,,,,,,,,
MinusField_Cohorint,Lone Island Coliseum,Location,Lone Island Coliseum,4563.0615,-3603.5818,-348.80322,4562.702,-3565.6814,-354.22385,,,,,,,,,,,,,,,,,,,,,,,,,,,,,,
MinusField_CresiaPeninsula,Cresia Pit Mine,Location,Cresia Pit Mine,3728.7488,-3734.8457,-606.78677,,,,,,,,,,,,,,,,,,,,,,,,,,,,,,,,,
MinusField_DasukidaMt,Dunsel Canyon Mine,Location,Dunsel Canyon Mine,3152.5273,-3276.3486,-709.2607,,,,,,,,,,,,,,,,,,,,,,,,,,,,,,,,,
MinusField_DesertGrave,Gerudo Underground Cemetery,Location,Gerudo Underground Cemetery,-4098.507,-3737.1597,-529.55365,,,,,,,,,,,,,,,,,,,,,,,,,,,,,,,,,
MinusField_FenaMt,Nabooru Canyon Mine,Location,Nabooru Canyon Mine,-1801.62,-2088.6938,-602.75037,,,,,,,,,,,,,,,,,,,,,,,,,,,,,,,,,
MinusField_ForestColosseum,Forest Coliseum,Location,Forest Coliseum,-114.67874,2433.0027,-633.3065,,,,,,,,,,,,,,,,,,,,,,,,,,,,,,,,,
MinusField_GashamahiMt,Crenel Canyon Mine,Location,Crenel Canyon Mine,1154.0752,381.12607,-522.67737,1165.1945,414.82364,-533.49353,,,,,,,,,,,,,,,,,,,,,,,,,,,,,,
MinusField_GerudoSummit,Gerudo Canyon Mine,Location,Gerudo Canyon Mine,-4175.1567,-738.78564,-1063.4181,-4174.1826,-710.39246,-1069.0939,,,,,,,,,,,,,,,,,,,,,,,,,,,,,,
MinusField_GibururuMt,Ruto Canyon Mine,Location,Ruto Canyon Mine,3294.2876,-31.532593,-840.6995,,,,,,,,,,,,,,,,,,,,,,,,,,,,,,,,,
MinusField_GimpoMt,Floria Canyon Mine,Location,Floria Canyon Mine,1936.3674,-2779.3003,-854.1091,,,,,,,,,,,,,,,,,,,,,,,,,,,,,,,,,
MinusField_GobyLake,Ancient Observation Deck,Location,Ancient Observation Deck,2589.2595,-3504.1262,-629.78235,,,,,,,,,,,,,,,,,,,,,,,,,,,,,,,,,
MinusField_GobyMt,Tuft Canyon Mine,Location,Tuft Canyon Mine,2557.084,-3611.381,-515.755,2557.2832,-3637.8545,-515.68396,,,,,,,,,,,,,,,,,,,,,,,,,,,,,,
MinusField_HatenoGate,Secluded Coliseum,Location,Secluded Coliseum,2242.2722,-1877.8699,-345.4028,2242.474,-1838.0494,-356.22836,,,,,,,,,,,,,,,,,,,,,,,,,,,,,,
MinusField_HawkMt,Cuho Canyon Mine,Location,Cuho Canyon Mine,-3810.8833,1407.2789,-577.4934,-3790.792,1364.3389,-611.52563,,,,,,,,,,,,,,,,,,,,,,,,,,,,,,
MinusField_HeburaPeak,Hebra Canyon Mine,Location,Hebra Canyon Mine,-2766.5667,2897.8662,-875.0468,-2740.86,2861.4324,-967.43665,,,,,,,,,,,,,,,,,,,,,,,,,,,,,,
MinusField_HimeidaMt,Meda Canyon Mine,Location,Meda Canyon Mine,2511.9854,-2483.174,-502.7268,,,,,,,,,,,,,,,,,,,,,,,,,,,,,,,,,
MinusField_HyliaMt,Hylia Canyon Mine,Location,Hylia Canyon Mine,-1293.4381,-2193.8374,-604.66565,-1290.349,-2229.2004,-611.00027,,,,,,,,,,,,,,,,,,,,,,,,,,,,,,
MinusField_JijigegeMt,Rozudo Canyon Mine,Location,Rozudo Canyon Mine,2367.6387,-2200.7256,-597.21686,,,,,,,,,,,,,,,,,,,,,,,,,,,,,,,,,
MinusField_KapporeMt,Faloraa Canyon Mine,Location,Faloraa Canyon Mine,-970.56116,-2601.312,-682.77234,,,,,,,,,,,,,,,,,,,,,,,,,,,,,,,,,
MinusField_KasuraMt,Corvash Canyon Mine,Location,Corvash Canyon Mine,-3322.1846,2359.2644,-775.79517,-3336.834,2329.3296,-781.4513,,,,,,,,,,,,,,,,,,,,,,,,,,,,,,
MinusField_KazuryuLake,Dracozu Altar,Location,Dracozu Altar,905.98486,-2556.2576,-467.30402,,,,,,,,,,,,,,,,,,,,,,,,,,,,,,,,,
MinusField_KikinosaMt,Lindor Canyon Mine,Location,Lindor Canyon Mine,-2006.3743,1326.7168,-711.01086,-2010.6904,1372.7405,-705.1418,,,,,,,,,,,,,,,,,,,,,,,,,,,,,,
MinusField_KimarikaMt,Canyon of Awakening Mine,Location,Canyon of Awakening Mine,2934.7896,-1403.8622,-839.3805,,,,,,,,,,,,,,,,,,,,,,,,,,,,,,,,,
MinusField_KinshoiMt,Daphnes Canyon Mine,Location,Daphnes Canyon Mine,-1065.3785,-573.93225,-481.89215,-1063.8962,-599.7541,-491.3512,,,,,,,,,,,,,,,,,,,,,,,,,,,,,,
MinusField_KutiffMt,Rhoam Canyon Mine,Location,Rhoam Canyon Mine,-2687.1948,785.143,-783.2058,,,,,,,,,,,,,,,,,,,,,,,,,,,,,,,,,
MinusField_LiveMountain,Lanayru Canyon Mine,Location,Lanayru Canyon Mine,4003.338,-1379.1693,-743.1533,3964.3599,-1360.3782,-535.5982,,,,,,,,,,,,,,,,,,,,,,,,,,,,,,
MinusField_LizardLake,Scorching Coliseum,Location,Scorching Coliseum,2142.926,3173.7725,-714.5412,2143.0564,3146.45,-734.1443,,,,,,,,,,,,,,,,,,,,,,,,,,,,,,
MinusField_LomeiIsland,Lomei Depths Labyrinth,Location,Lomei Depths Labyrinth,4661.5664,3564.735,-400.96985,,,,,,,,,,,,,,,,,,,,,,,,,,,,,,,,,
MinusField_LomeiNorth,North Lomei Depths Labyrinth,Location,North Lomei Depths Labyrinth,-814.7457,3433.9722,-682.75214,,,,,,,,,,,,,,,,,,,,,,,,,,,,,,,,,
MinusField_LomeiSouth,South Lomei Depths Labyrinth,Location,South Lomei Depths Labyrinth,-1794.9999,-3579.201,-538.77902,,,,,,,,,,,,,,,,,,,,,,,,,,,,,,,,,
MinusField_MacusePeninsula,Rist Mine,Location,Rist Mine,4579.9395,2143.2786,-286.79901,4589.8853,2077.7085,-286.79901,,,,,,,,,,,,,,,,,,,,,,,,,,,,,,
MinusField_MemeMt,Ploymus Canyon Mine,Location,Ploymus Canyon Mine,3780.8564,504.0714,-1036.2666,,,,,,,,,,,,,,,,,,,,,,,,,,,,,,,,,
MinusField_MizemakuMt,Walnot Canyon Mine,Location,Walnot Canyon Mine,4222.83,-1911.8334,-803.8811,,,,,,,,,,,,,,,,,,,,,,,,,,,,,,,,,
MinusField_MoriMt,Ulri Canyon Mine,Location,Ulri Canyon Mine,3682.9514,2043.7223,-659.9607,,,,,,,,,,,,,,,,,,,,,,,,,,,,,,,,,
MinusField_MorudaMt,Daval Canyon Mine,Location,Daval Canyon Mine,-1390.6173,-3603.8623,-917.4657,,,,,,,,,,,,,,,,,,,,,,,,,,,,,,,,,
MinusField_MorugaMt,Granajh Canyon Mine,Location,Granajh Canyon Mine,-1380.501,-3363.4607,-952.27264,,,,,,,,,,,,,,,,,,,,,,,,,,,,,,,,,
MinusField_PongagaMt,Ebon Canyon Mine,Location,Ebon Canyon Mine,3328.7153,-2513.8555,-777.1073,,,,,,,,,,,,,,,,,,,,,,,,,,,,,,,,,
MinusField_RirimukuMt,Drena Canyon Mine,Location,Drena Canyon Mine,-561.29395,2583.9307,-843.6673,,,,,,,,,,,,,,,,,,,,,,,,,,,,,,,,,
MinusField_RokomakuMt,Madorna Canyon Mine,Location,Madorna Canyon Mine,3888.8225,-1668.4602,-865.407,,,,,,,,,,,,,,,,,,,,,,,,,,,,,,,,,
MinusField_SaiMt,Gustaf Canyon Mine,Location,Gustaf Canyon Mine,-962.3762,210.05063,-593.47125,,,,,,,,,,,,,,,,,,,,,,,,,,,,,,,,,
MinusField_SouthGerudoLegacy,Desert Coliseum,Location,Desert Coliseum,-4314.001,-3802.0674,-361.65167,-4313.4224,-3849.5664,-363.03314,,,,,,,,,,,,,,,,,,,,,,,,,,,,,,
MinusField_TerumeMt,Taran Canyon Mine,Location,Taran Canyon Mine,2500.4915,-2672.8723,-733.0709,,,,,,,,,,,,,,,,,,,,,,,,,,,,,,,,,
MinusField_TwinsMountain,Dueling Canyons Mine,Location,Dueling Canyons Mine,1294.5271,-1850.0632,-685.6859,1291.7009,-1824.4067,-762.74817,,,,,,,,,,,,,,,,,,,,,,,,,,,,,,
ZonauCentralShrine,Construct Factory,Location,Construct Factory,868.6846,-2174.232,-570.69604,,,,,,,,,,,,,,,,,,,,,,,,,,,,,,,,,
ZonauSatelliteShrine_LeftArm,Left-Arm Depot,Location,Left-Arm Depot,706.11255,-2431.6738,-524.0629,,,,,,,,,,,,,,,,,,,,,,,,,,,,,,,,,
ZonauSatelliteShrine_LeftLeg,Left-Leg Depot,Location,Left-Leg Depot,1016.37054,-2292.6355,-533.276,,,,,,,,,,,,,,,,,,,,,,,,,,,,,,,,,
ZonauSatelliteShrine_RightArm,Right-Arm Depot,Location,Right-Arm Depot,569.0836,-2111.5532,-508.90247,,,,,,,,,,,,,,,,,,,,,,,,,,,,,,,,,
ZonauSatelliteShrine_RightLeg,Right-Leg Depot,Location,Right-Leg Depot,1143.6384,-2116.5522,-440.08038,,,,,,,,,,,,,,,,,,,,,,,,,,,,,,,,,
MinusField_FlamingoSpa,Goflam's Lavafalls,Location,Goflam's Lavafalls,-3398.8882,3612,-810.1223,-3399.8542,3575,-811.5044,,,,,,,,,,,,,,,,,,,,,,,,,,,,,,
MinusField_HimeidaSpa,Meda Lavafalls,Location,Meda Lavafalls,2253,-2366,-555.5,2234,-2340,-556.01,,,,,,,,,,,,,,,,,,,,,,,,,,,,,,
MinusField_KingfisherSpa,Sherfin's Lavafalls,Location,Sherfin's Lavafalls,-4342.7637,3465.2197,-920.61957,,,,,,,,,,,,,,,,,,,,,,,,,,,,,,,,,
MinusField_KumSpa,Sturnida Lavafalls,Location,Sturnida Lavafalls,-4083.8726,2714.6814,-563.12054,,,,,,,,,,,,,,,,,,,,,,,,,,,,,,,,,
MinusField_BarakkPlain,Dalite Grove,Location,Dalite Grove,-2119.9312,-1088.7832,-444.63434,,,,,,,,,,,,,,,,,,,,,,,,,,,,,,,,,
MinusField_BiginaTrees,Ginner Grove,Location,Ginner Grove,3219.906,-2056.6765,-594.69806,,,,,,,,,,,,,,,,,,,,,,,,,,,,,,,,,
MinusField_BuibuiTrees,Bubinga Grove,Location,Bubinga Grove,2019.7175,-2102.2988,-601.3176,,,,,,,,,,,,,,,,,,,,,,,,,,,,,,,,,
MinusField_ExpaTrees,Retsam Grove,Location,Retsam Grove,3832.0847,-2027.6825,-458.22247,,,,,,,,,,,,,,,,,,,,,,,,,,,,,,,,,
MinusField_FairyForest,Grove of Spirits,Location,Grove of Spirits,-945.2036,-1680.3839,-669.70056,,,,,,,,,,,,,,,,,,,,,,,,,,,,,,,,,
MinusField_GibogaHill,Rok Grove,Location,Rok Grove,3358.719,3079.2803,-604.69855,,,,,,,,,,,,,,,,,,,,,,,,,,,,,,,,,
MinusField_KiyanbaTrees,Minshi Grove,Location,Minshi Grove,1042.214,1544.4504,-632.6543,,,,,,,,,,,,,,,,,,,,,,,,,,,,,,,,,
MinusField_KorokForest,Korok Grove,Location,Korok Grove,405.6769,2100,-560.18524,,,,,,,,,,,,,,,,,,,,,,,,,,,,,,,,,
MinusField_MiddleTrees,Midla Grove,Location,Midla Grove,3114.3066,-2187.1416,-572.78464,,,,,,,,,,,,,,,,,,,,,,,,,,,,,,,,,
MinusField_NezuppoTrees,Pappetto Grove,Location,Pappetto Grove,-343.4563,-3539.607,-574.64627,,,,,,,,,,,,,,,,,,,,,,,,,,,,,,,,,
MinusField_OngiForest,Applean Grove,Location,Applean Grove,553.4682,259.8237,-610.32877,,,,,,,,,,,,,,,,,,,,,,,,,,,,,,,,,
MinusField_RiaroTrees,Hickaly Grove,Location,Hickaly Grove,1943.2024,-2391.839,-595.07153,,,,,,,,,,,,,,,,,,,,,,,,,,,,,,,,,
MinusField_ShinikkyoForest,Giant's Grove,Location,Giant's Grove,-1165.3845,-151.71701,-601.86102,,,,,,,,,,,,,,,,,,,,,,,,,,,,,,,,,
MinusField_TagonaTrees,Tabahl Grove,Location,Tabahl Grove,2618.5151,171.5556,-631.1222,,,,,,,,,,,,,,,,,,,,,,,,,,,,,,,,,
MinusField_ZifForest,Grove of Time,Location,Grove of Time,-383.36493,-1544.1213,-515.70392,,,,,,,,,,,,,,,,,,,,,,,,,,,,,,,,,
MinusField_AncientTimeShrine,Plains Bargainer Statue,Location,Plains Bargainer Statue,455.98837,-830.9155,-456.61115,457.06128,-807.1681,-444.20328,,,,,,,,,,,,,,,,,,,,,,,,,,,,,,
MinusField_BluePrintShrine,Great Abandoned Central Mine,Location,Great Abandoned Central Mine,-730.7637,-1861.1469,-404.58865,-856.54443,-1715,-435.26785,-734.5423,-1701.1278,-426.153,-732.69824,-1829.0629,-459.01144,,,,,,,,,,,,,,,,,,,,,,,,
MinusField_DokuroPond,Akkala House of Bones,Location,Akkala House of Bones,3253.873,3493.0627,-319.77295,3253.963,3458.825,-319.77295,,,,,,,,,,,,,,,,,,,,,,,,,,,,,,
MinusField_Gerudo,Abandoned Gerudo Mine,Location,Abandoned Gerudo Mine,-3815.9082,-2889.5166,-382.5645,-3807.3325,-2786.23,-389.02515,-3834.433,-2719.5264,-492.02332,-3806.952,-2885.2441,-382.02063,,,,,,,,,,,,,,,,,,,,,,,,
MinusField_GerudoFossil,Gerudo Dark Skeleton,Location,Gerudo Dark Skeleton,-4619.013,-3684.9473,-529.9135,,,,,,,,,,,,,,,,,,,,,,,,,,,,,,,,,
MinusField_Goron,Abandoned Eldin Mine,Location,Abandoned Eldin Mine,1649.1343,2363.8667,-749.17694,1642.1858,2295.2893,-740.1726,1637.4623,2345.8723,-742.95624,1684.5889,2052.2373,-751.57007,,,,,,,,,,,,,,,,,,,,,,,,
MinusField_Hateno,Abandoned Hateno Mine,Location,Abandoned Hateno Mine,3548.3176,-2228.4568,-485.1405,3548.6086,-2237.1902,-477.22385,3581.1826,-2387.5012,-496.47845,3555.0254,-2509.5125,-457.1941,,,,,,,,,,,,,,,,,,,,,,,,
MinusField_HeburaFossil,Hebra Dark Skeleton,Location,Hebra Dark Skeleton,-3850.5298,3635.7146,-940.9458,,,,,,,,,,,,,,,,,,,,,,,,,,,,,,,,,
MinusField_Kakariko,Abandoned Kakariko Mine,Location,Abandoned Kakariko Mine,1818.7472,-1299.0657,-566.42764,1823.9197,-1197.8562,-522.10977,1828.0233,-1229.9459,-522.33322,1816.765,-1406.1343,-561.0078,,,,,,,,,,,,,,,,,,,,,,,,
MinusField_KingValley,Cliff Bargainer Statue,Location,Cliff Bargainer Statue,-1034.0446,2679.1396,-237.87889,-1026.3228,2660.6597,-372.37436,,,,,,,,,,,,,,,,,,,,,,,,,,,,,,
MinusField_Oasis,Abandoned Kara Kara Mine,Location,Abandoned Kara Kara Mine,-3171.493,-2311.0361,-475.47595,-3218.258,-2426.706,-422.6995,-3094.2095,-1987.8835,-444.39807,-3226.562,-2462.621,-398.373,,,,,,,,,,,,,,,,,,,,,,,,
MinusField_OrdinFossil,Eldin Dark Skeleton,Location,Eldin Dark Skeleton,1518.0557,3707.104,-668.53485,,,,,,,,,,,,,,,,,,,,,,,,,,,,,,,,,
MinusField_PoponMt,Blupee Burrow,Location,Blupee Burrow,-2288.0127,-367.0058,-893.57495,,,,,,,,,,,,,,,,,,,,,,,,,,,,,,,,,
MinusField_Rito,Abandoned Hebra Mine,Location,Abandoned Hebra Mine,-3457.4038,1862.2012,-315.66122,-3467.7947,2167.8032,-381.2707,-3479.3184,2079.5723,-397.41956,-3460.7478,1852.8569,-317.11789,,,,,,,,,,,,,,,,,,,,,,,,
MinusField_Taura,Abandoned Lurelin Mine,Location,Abandoned Lurelin Mine,2966.978,-3605.9216,-305.5,2964.5413,-3479.959,-353.4813,2899.822,-3388.3206,-344.95563,2902.3687,-3422.9097,-349.73036,,,,,,,,,,,,,,,,,,,,,,,,
MinusField_UMiiVillage,Abandoned Tarrey Mine,Location,Abandoned Tarrey Mine,3968.7969,1715.3091,-305.5,3966.2861,1722.29,-305.5,3966.72,1618.9353,-553.5093,3967.4404,1627.7559,-554.09497,,,,,,,,,,,,,,,,,,,,,,,,
MinusField_WhiteZora,Abandoned Lanayru Mine,Location,Abandoned Lanayru Mine,3170.4575,935.9246,-676.7809,3302.3877,611.3874,-478.57755,3295.016,577.84125,-594.11835,3293.8198,719.36035,-478.57755,,,,,,,,,,,,,,,,,,,,,,,,
Tower01,Lookout Landing Skyview Tower,Tower,Lookout Landing Skyview Tower,-298.85,142.85,18.440506,,,,,,,,,,,,,,,,,,,,,,,,,,,,,,,,,
Tower02,Lindor's Brow Skyview Tower,Tower,Lindor's Brow Skyview Tower,-1909.5884,1245.3047,290.2063,,,,,,,,,,,,,,,,,,,,,,,,,,,,,,,,,
Tower03,Pikida Stonegrove Skyview Tower,Tower,Pikida Stonegrove Skyview Tower,-2311.4949,3062.4949,436.5,,,,,,,,,,,,,,,,,,,,,,,,,,,,,,,,,
Tower04,Eldin Canyon Skyview Tower,Tower,Eldin Canyon Skyview Tower,1641.8053,1190.8201,218.91782,,,,,,,,,,,,,,,,,,,,,,,,,,,,,,,,,
Tower05,Ulri Mountain Skyview Tower,Tower,Ulri Mountain Skyview Tower,3499,2026,181.35944,,,,,,,,,,,,,,,,,,,,,,,,,,,,,,,,,
Tower06,Sahasra Slope Skyview Tower,Tower,Sahasra Slope Skyview Tower,1341.1093,-1177.8577,159.7559,,,,,,,,,,,,,,,,,,,,,,,,,,,,,,,,,
Tower07,Upland Zorana Skyview Tower,Tower,Upland Zorana Skyview Tower,2866.0615,581.1915,372.83115,,,,,,,,,,,,,,,,,,,,,,,,,,,,,,,,,
Tower08,Hyrule Field Skyview Tower,Tower,Hyrule Field Skyview Tower,-761.27655,-1019.22784,57.91574,,,,,,,,,,,,,,,,,,,,,,,,,,,,,,,,,
Tower09,Gerudo Canyon Skyview Tower,Tower,Gerudo Canyon Skyview Tower,-2438.8506,-2182.7644,300.11884,,,,,,,,,,,,,,,,,,,,,,,,,,,,,,,,,
Tower10,Gerudo Highlands Skyview Tower,Tower,Gerudo Highlands Skyview Tower,-3960.8772,-1305.5958,415.8694,,,,,,,,,,,,,,,,,,,,,,,,,,,,,,,,,
Tower11,Rabella Wetlands Skyview Tower,Tower,Rabella Wetlands Skyview Tower,2420,-2754.8906,215.5,,,,,,,,,,,,,,,,,,,,,,,,,,,,,,,,,
Tower12,Thyphlo Ruins Skyview Tower,Tower,Thyphlo Ruins Skyview Tower,343.67453,3141.648,173.0617,,,,,,,,,,,,,,,,,,,,,,,,,,,,,,,,,
Tower13,Popla Foothills Skyview Tower,Tower,Popla Foothills Skyview Tower,604.8388,-2126.8757,91.83266,,,,,,,,,,,,,,,,,,,,,,,,,,,,,,,,,
Tower14,Mount Lanayru Skyview Tower,Tower,Mount Lanayru Skyview Tower,3847.6384,-1314.911,532.30786,,,,,,,,,,,,,,,,,,,,,,,,,,,,,,,,,
Tower15,Rospro Pass Skyview Tower,Tower,Rospro Pass Skyview Tower,-3679.585,2346.4043,226.2388,,,,,,,,,,,,,,,,,,,,,,,,,,,,,,,,,
LargeDungeonThunder,"The Mural's Myth, Risen from the Sands",Temple,"The Mural's Myth, Risen from the Sands",-4518.5537,-3611.5615,129.16544,-4518.5537,-3611.5615,112.16544,-4598.4565,-3531.6584,60.16544,-4518.5537,-3611.5615,95.16544,-4518.5537,-3611.5615,60.16544,-4418.1445,-3511.1523,23.16544,-4518.5537,-3611.5615,33.16544,-4518.5537,-3611.5615,146.16544,-4518.5537,-3611.5615,-53.834557,,,,,,,,,
LargeDungeonWater,The Great Wellspring of Hyrule,Temple,The Great Wellspring of Hyrule,3265.3838,685.57715,1689.8899,3357.436,771.62897,1632.8676,3479.2163,780.9813,1719.8237,,,,,,,,,,,,,,,,,,,,,,,,,,,
LargeDungeonWind,The Legendary Stormwind Ark,Temple,The Legendary Stormwind Ark,-2859.5,3005.5,1411.3888,-2859.5,3005.5,1379.9341,-2859.5,3005.5,1389.9341,,,,,,,,,,,,,,,,,,,,,,,,,,,
LargeDungeonFire,Lost Gorondia Rediscovered,Temple,Lost Gorondia Rediscovered,1457,2847,-855,1271.5,2817.5,-883.5,,,,,,,,,,,,,,,,,,,,,,,,,,,,,,
LargeDungeonSoul,The Vessel of Spirit's Resting Place,Temple,The Vessel of Spirit's Resting Place,1418.6921,-3170.3987,-619.0999,1372.5708,-3297.1162,-753,1358.5602,-3177.7239,-607.7001,1454.0311,-3218.325,-607.7001,1397.658,-3228.1897,-753,,,,,,,,,,,,,,,,,,,,,
Cave_Akkala_0000,Ulria Grotto South Cave,Cave,Ulria Grotto South Cave,4122.2295,662.295,187.67896,,,,,,,,,,,,,,,,,,,,,,,,,,,,,,,,,
Cave_Akkala_0003,Ulria Grotto East Cave,Cave,Ulria Grotto East Cave,4505.0005,705.16174,96.4406,4272.9897,774.3162,144.35106,,,,,,,,,,,,,,,,,,,,,,,,,,,,,,
Cave_Akkala_0005,Tarrey Town Tunnel,Cave,Tarrey Town Tunnel,3925.9268,1576.4231,107.06046,,,,,,,,,,,,,,,,,,,,,,,,,,,,,,,,,
Cave_Akkala_0007,Construction Site Cave,Cave,Construction Site Cave,3678.7227,1538.2518,74.01079,3735.4365,1534.0846,80.81665,,,,,,,,,,,,,,,,,,,,,,,,,,,,,,
Cave_Akkala_0010,Akkala Citadel Ruins Cave,Cave,Akkala Citadel Ruins Cave,3243.7158,1456.8245,294.03503,,,,,,,,,,,,,,,,,,,,,,,,,,,,,,,,,
Cave_Akkala_0011,Skull Lake Cave,Cave,Skull Lake Cave,3321.5,3424,171,,,,,,,,,,,,,,,,,,,,,,,,,,,,,,,,,
Cave_Akkala_0014,North Akkala Beach Cave,Cave,North Akkala Beach Cave,4650.6704,3584.9077,-51,4645.5034,3206.834,6.4944,,,,,,,,,,,,,,,,,,,,,,,,,,,,,,
Cave_Akkala_0017,Akkala Citadel Ruins Summit Cave,Cave,Akkala Citadel Ruins Summit Cave,3292.5,1492,394.5642,,,,,,,,,,,,,,,,,,,,,,,,,,,,,,,,,
Cave_CentralHyrule_0008,Ranch Ruins Cave,Cave,Ranch Ruins Cave,37.30195,-198.8625,18.68213,6.0097876,-157.93187,30.56676,,,,,,,,,,,,,,,,,,,,,,,,,,,,,,
Cave_CentralHyrule_0009,Great Plateau Foothill Cave,Cave,Great Plateau Foothill Cave,-832.3462,-1488.3772,26.99094,,,,,,,,,,,,,,,,,,,,,,,,,,,,,,,,,
Cave_CentralHyrule_0011,Bottomless Cave,Cave,Bottomless Cave,711.5814,-1449.0991,1485.5623,739.0957,-1358.0254,1542.2585,,,,,,,,,,,,,,,,,,,,,,,,,,,,,,
Cave_CentralHyrule_0013,Pit Cave,Cave,Pit Cave,632.27985,-1638.8113,1483.4192,587.4191,-1624.5046,1442.543,,,,,,,,,,,,,,,,,,,,,,,,,,,,,,
Cave_CentralHyrule_0017,Pondside Cave,Cave,Pondside Cave,170.51662,-1633.7733,1377.3147,260.1547,-1557.8381,1361.2274,,,,,,,,,,,,,,,,,,,,,,,,,,,,,,
Cave_CentralHyrule_0018,Royal Hidden Passage,Cave,Royal Hidden Passage,-325.6665,802.52637,54.07063,-254.03752,129,8.00167,-253.9667,767.084,27.39775,,,,,,,,,,,,,,,,,,,,,,,,,,,
Cave_CentralHyrule_0019,Mining Cave,Cave,Mining Cave,380.06,-1631.6466,1411.15,489.66336,-1625.6217,1367.75,,,,,,,,,,,,,,,,,,,,,,,,,,,,,,
Cave_CentralHyrule_0020,Ancient Tree Stump Cave,Cave,Ancient Tree Stump Cave,-1111.5,-432.06256,22.7,,,,,,,,,,,,,,,,,,,,,,,,,,,,,,,,,
Cave_CentralHyrule_0021,Whistling Hill Cave,Cave,Whistling Hill Cave,-72.10925,-1045.974,17.43562,,,,,,,,,,,,,,,,,,,,,,,,,,,,,,,,,
Cave_CentralHyrule_0022,Passeri Greenbelt Cave,Cave,Passeri Greenbelt Cave,-512.3591,127.59183,20.36896,,,,,,,,,,,,,,,,,,,,,,,,,,,,,,,,,
Cave_CentralHyrule_0023,Coliseum Ruins Cave,Cave,Coliseum Ruins Cave,-1167.1548,-1310.9766,22.249344,,,,,,,,,,,,,,,,,,,,,,,,,,,,,,,,,
Cave_CentralHyrule_0030,Sage Temple Cave,Cave,Sage Temple Cave,-1404.5,-256.5,-3.94,,,,,,,,,,,,,,,,,,,,,,,,,,,,,,,,,
Cave_Eldin_0020,Death Mountain East Tunnel,Cave,Death Mountain East Tunnel,2767.8118,2778.1846,521.3295,,,,,,,,,,,,,,,,,,,,,,,,,,,,,,,,,
Cave_Eldin_0021,Death Mountain West Tunnel,Cave,Death Mountain West Tunnel,2238.6052,2682.3765,520.5185,,,,,,,,,,,,,,,,,,,,,,,,,,,,,,,,,
Cave_Eldin_0022,Lake Darman Monster Den,Cave,Lake Darman Monster Den,2373.343,3051.7026,445.3396,,,,,,,,,,,,,,,,,,,,,,,,,,,,,,,,,
Cave_Eldin_0023,Isle of Rabac Gallery,Cave,Isle of Rabac Gallery,1554.5587,3102.5134,392.93094,,,,,,,,,,,,,,,,,,,,,,,,,,,,,,,,,
Cave_Eldin_0025,Goronbi River Cave,Cave,Goronbi River Cave,1423.078,2102.7288,284.43216,,,,,,,,,,,,,,,,,,,,,,,,,,,,,,,,,
Cave_Eldin_0026,Southern Mine,Cave,Southern Mine,1800.9548,1983.3522,320.41513,,,,,,,,,,,,,,,,,,,,,,,,,,,,,,,,,
Cave_Eldin_0027,Gorko Tunnel,Cave,Gorko Tunnel,2015.9999,2038.9841,420.7755,,,,,,,,,,,,,,,,,,,,,,,,,,,,,,,,,
Cave_Eldin_0028,West Restaurant Cave,Cave,West Restaurant Cave,1642.8483,1729.563,279.04364,,,,,,,,,,,,,,,,,,,,,,,,,,,,,,,,,
Cave_Eldin_0029,East Restaurant Cave,Cave,East Restaurant Cave,1853.9558,1719.9526,291.94458,,,,,,,,,,,,,,,,,,,,,,,,,,,,,,,,,
Cave_Eldin_0030,Lizard's Burrow,Cave,Lizard's Burrow,2206.314,3075.3193,405.44324,,,,,,,,,,,,,,,,,,,,,,,,,,,,,,,,,
Cave_Eldin_0031,Lake Intenoch Cave,Cave,Lake Intenoch Cave,2485.386,1792.9832,157.87814,,,,,,,,,,,,,,,,,,,,,,,,,,,,,,,,,
Cave_Eldin_0033,YunoboCo HQ East Cave,Cave,YunoboCo HQ East Cave,1764.6531,2837.4038,399.76035,,,,,,,,,,,,,,,,,,,,,,,,,,,,,,,,,
Cave_Eldin_0034,YunoboCo HQ South Cave,Cave,YunoboCo HQ South Cave,1713.881,2718.5872,400.60675,,,,,,,,,,,,,,,,,,,,,,,,,,,,,,,,,
Cave_Eldin_0035,Death Mountain Foothill Cave,Cave,Death Mountain Foothill Cave,1949.909,2687.2087,425.9574,,,,,,,,,,,,,,,,,,,,,,,,,,,,,,,,,
Cave_Eldin_0037,Lake Ferona Cave,Cave,Lake Ferona Cave,1929.5,1271.6445,121.77055,1931.9489,1304.5729,168.15433,,,,,,,,,,,,,,,,,,,,,,,,,,,,,,
Cave_Eldin_0038,Cephla Lake Cave,Cave,Cephla Lake Cave,2593.6472,1330.4476,150.95193,,,,,,,,,,,,,,,,,,,,,,,,,,,,,,,,,
Cave_Eldin_0039,Foothill Monster Den,Cave,Foothill Monster Den,2275.316,1520.0989,157,,,,,,,,,,,,,,,,,,,,,,,,,,,,,,,,,
Cave_Firone_0002,Floria River Upstream Excavation,Cave,Floria River Upstream Excavation,809.8935,-2971.707,10.71521,,,,,,,,,,,,,,,,,,,,,,,,,,,,,,,,,
Cave_Firone_0008,Pagos Woods Excavation Site,Cave,Pagos Woods Excavation Site,671.8048,-3109.4807,23.88632,,,,,,,,,,,,,,,,,,,,,,,,,,,,,,,,,
Cave_Firone_0009,Tobio's Hollow Cave,Cave,Tobio's Hollow Cave,1169.6355,-2443.8496,177.0722,,,,,,,,,,,,,,,,,,,,,,,,,,,,,,,,,
Cave_Firone_0016,Cora Lakefront Cave,Cave,Cora Lakefront Cave,-256.15173,-2940.198,-18.52861,-171.17383,-3067.0657,-13.19571,,,,,,,,,,,,,,,,,,,,,,,,,,,,,,
Cave_Firone_0020,Finra Woods Excavation Site,Cave,Finra Woods Excavation Site,568.6034,-2981.8767,12.725945,,,,,,,,,,,,,,,,,,,,,,,,,,,,,,,,,
Cave_Firone_0022,Sarjon Woods Cave,Cave,Sarjon Woods Cave,1203.0944,-3170.906,25.41931,,,,,,,,,,,,,,,,,,,,,,,,,,,,,,,,,
Cave_Firone_0023,Lake Hylia Whirlpool Cave,Cave,Lake Hylia Whirlpool Cave,125.74767,-2501.4507,-89.587453,,,,,,,,,,,,,,,,,,,,,,,,,,,,,,,,,
Cave_Firone_0024,Popla Foothills Excavation Site,Cave,Popla Foothills Excavation Site,608.9023,-2210.0796,50.82764,,,,,,,,,,,,,,,,,,,,,,,,,,,,,,,,,
Cave_Firone_0029,Puffer Beach Overhead Cave,Cave,Puffer Beach Overhead Cave,283.978,-3851.469,33.07913,,,,,,,,,,,,,,,,,,,,,,,,,,,,,,,,,
Cave_FirstPlateau_0001,River of the Dead Waterfall Cave,Cave,River of the Dead Waterfall Cave,-1092.3813,-2162.7107,143.6899,,,,,,,,,,,,,,,,,,,,,,,,,,,,,,,,,
Cave_FirstPlateau_0002,Shrine of Resurrection,Cave,Shrine of Resurrection,-1061.8751,-1829.5541,142.17133,,,,,,,,,,,,,,,,,,,,,,,,,,,,,,,,,
Cave_GerudoDesert_0007,Gerudo Sanctuary,Cave,Gerudo Sanctuary,-3763.275,-2698.5188,14.890915,-3763.275,-2420.758,14.890915,,,,,,,,,,,,,,,,,,,,,,,,,,,,,,
Cave_GerudoDesert_0008,Valley of Silent Statues,Cave,Valley of Silent Statues,-3827.19,-2650.3188,35.2133,,,,,,,,,,,,,,,,,,,,,,,,,,,,,,,,,
Cave_GerudoDesert_0015,Quicksand Lake Cave,Cave,Quicksand Lake Cave,-3238.8164,-2939.6553,-65.928455,,,,,,,,,,,,,,,,,,,,,,,,,,,,,,,,,
Cave_GerudoDesert_0022,Mount Nabooru Cave,Cave,Mount Nabooru Cave,-1967.0039,-2059.6113,30.01328,-1795.8049,-1961.1398,31.15001,,,,,,,,,,,,,,,,,,,,,,,,,,,,,,
Cave_GerudoDesert_0030,Stalry Plateau Cave,Cave,Stalry Plateau Cave,-1527.7625,-2222.5417,-20.601456,,,,,,,,,,,,,,,,,,,,,,,,,,,,,,,,,
Cave_GerudoDesert_0031,East Gerudo Ruins Cave,Cave,East Gerudo Ruins Cave,-2696.0247,-2808.6152,-67.3955,,,,,,,,,,,,,,,,,,,,,,,,,,,,,,,,,
Cave_GerudoDesert_0032,Central Gerudo Cave,Cave,Central Gerudo Cave,-3679.0513,-3255.3662,-18.459335,,,,,,,,,,,,,,,,,,,,,,,,,,,,,,,,,
Cave_GerudoDesert_0035,Mount Nabooru South Cave,Cave,Mount Nabooru South Cave,-1726.9635,-2183.3787,5.07592,,,,,,,,,,,,,,,,,,,,,,,,,,,,,,,,,
Cave_GerudoDesert_0036,Lower Spectacle Rock Cave,Cave,Lower Spectacle Rock Cave,-1744.3539,-2394.1816,-11.19295,,,,,,,,,,,,,,,,,,,,,,,,,,,,,,,,,
Cave_GerudoDesert_0037,Spectacle Rock Cave,Cave,Spectacle Rock Cave,-2215.9084,-2395.2703,247.20642,,,,,,,,,,,,,,,,,,,,,,,,,,,,,,,,,
Cave_GerudoDesert_0039,Ancient Prison Ruins,Cave,Ancient Prison Ruins,-3099.359,-3063.7786,-51.549072,,,,,,,,,,,,,,,,,,,,,,,,,,,,,,,,,
Cave_GerudoDesert_0040,South Gerudo Cave,Cave,South Gerudo Cave,-2939.1023,-3857.828,-37.0965,,,,,,,,,,,,,,,,,,,,,,,,,,,,,,,,,
Cave_GerudoDesert_0041,Koukot Plateau Cave,Cave,Koukot Plateau Cave,-2258.9219,-1759.3341,56.44762,-2173.7273,-1841.648,126.58745,,,,,,,,,,,,,,,,,,,,,,,,,,,,,,
Cave_GerudoDesert_0044,Ancient Altar Ruins,Cave,Ancient Altar Ruins,-2535.5417,-3626.1006,-48.22084,-2518.9167,-3671.5615,-47.65236,-2584.241,-3638.2083,-47.978653,-2570.5598,-3744.447,-51.424835,-2530.7883,-3769.1194,-46.81949,-2480.5647,-3758.1426,-46.650085,-2521.2039,-3724.8442,-47.115723,-2564.6934,-3681.7153,-48.297165,-2451.857,-3676.7288,-46.529358,-2480.763,-3632.8174,-46.58011,-2477.854,-3709.82,-47.105896,-2604.7874,-3709.3154,-49.744827
Cave_GerudoDesert_0045,Oasis Source,Cave,Oasis Source,-3354.9404,-2693.962,-4.32751,,,,,,,,,,,,,,,,,,,,,,,,,,,,,,,,,
Cave_GerudoDesert_0046,Gerudo Great Skeleton,Cave,Gerudo Great Skeleton,-4814.321,-3875.4285,-1,,,,,,,,,,,,,,,,,,,,,,,,,,,,,,,,,
Cave_GerudoDesert_0049,West Gerudo Underground Ruins,Cave,West Gerudo Underground Ruins,-4673.2,-1986.1368,9.20345,,,,,,,,,,,,,,,,,,,,,,,,,,,,,,,,,
Cave_GerudoDesert_0050,Yiga Blademaster Station,Cave,Yiga Blademaster Station,-2433.9128,-1819.6832,145.73605,,,,,,,,,,,,,,,,,,,,,,,,,,,,,,,,,
Cave_GerudoDesert_0051,Gerudo Canyon Mine,Cave,Gerudo Canyon Mine,-2611.2776,-2604.7695,112.48378,-2676.7148,-2402.6094,79.57304,,,,,,,,,,,,,,,,,,,,,,,,,,,,,,
Cave_GerudoHighlands_0002,Taafei Hill Cave,Cave,Taafei Hill Cave,-2457.3281,-1798.5457,176.2868,,,,,,,,,,,,,,,,,,,,,,,,,,,,,,,,,
Cave_GerudoHighlands_0008,Statue of the Eighth Heroine Cave,Cave,Statue of the Eighth Heroine Cave,-4384.535,-536.5526,473.7957,,,,,,,,,,,,,,,,,,,,,,,,,,,,,,,,,
Cave_GerudoHighlands_0014,Meadela's Mantle Cave,Cave,Meadela's Mantle Cave,-3982.8318,-1245.3802,426.6691,,,,,,,,,,,,,,,,,,,,,,,,,,,,,,,,,
Cave_GerudoHighlands_0017,Mystathi's Shelf Cave,Cave,Mystathi's Shelf Cave,-3881.6516,-726.7761,569.8375,,,,,,,,,,,,,,,,,,,,,,,,,,,,,,,,,
Cave_HateruEast_0000,Mount Dunsel Cave,Cave,Mount Dunsel Cave,3224.2493,-3017.7727,59.45087,3291.3525,-3296.4587,64.57819,,,,,,,,,,,,,,,,,,,,,,,,,,,,,,
Cave_HateruEast_0002,Mount Floria Cave,Cave,Mount Floria Cave,1959.679,-2611.6514,71.11884,1789.542,-2985.635,80.37395,,,,,,,,,,,,,,,,,,,,,,,,,,,,,,
Cave_HateruEast_0006,Corta Lake Cave,Cave,Corta Lake Cave,1676.7953,-3038.7727,164.3358,,,,,,,,,,,,,,,,,,,,,,,,,,,,,,,,,
Cave_HateruEast_0007,Rodai Lakefront Tunnel,Cave,Rodai Lakefront Tunnel,1896.3988,-3111.2437,132.02805,,,,,,,,,,,,,,,,,,,,,,,,,,,,,,,,,
Cave_HateruEast_0008,Calora Lake Cave,Cave,Calora Lake Cave,1958.7816,-3032.7861,192.88858,2009.6244,-3164.0337,176.94037,,,,,,,,,,,,,,,,,,,,,,,,,,,,,,
Cave_HateruEast_0009,Rassla Lake Cave,Cave,Rassla Lake Cave,1813.53,-3738.0203,118.5,,,,,,,,,,,,,,,,,,,,,,,,,,,,,,,,,
Cave_HateruEast_0013,Eventide Island Cave,Cave,Eventide Island Cave,4752.63,-3781.5056,-6.29405,,,,,,,,,,,,,,,,,,,,,,,,,,,,,,,,,
Cave_HateruEast_0014,Ubota Point Cave,Cave,Ubota Point Cave,1446.7192,-3483.6504,77.2728,,,,,,,,,,,,,,,,,,,,,,,,,,,,,,,,,
Cave_HateruEast_0016,Atun Valley Cave,Cave,Atun Valley Cave,2454,-3193,64.5,,,,,,,,,,,,,,,,,,,,,,,,,,,,,,,,,
Cave_HateruWest_0002,Byroad to Lanayru Wetlands,Cave,Byroad to Lanayru Wetlands,1617,-1260,6.96269,1587.7535,-812.1858,6.02359,,,,,,,,,,,,,,,,,,,,,,,,,,,,,,
Cave_HateruWest_0005,Kakariko Village Cave,Cave,Kakariko Village Cave,1947.4885,-981.81696,157.4827,,,,,,,,,,,,,,,,,,,,,,,,,,,,,,,,,
Cave_HateruWest_0006,Cucco Hideaway,Cave,Cucco Hideaway,1877.4341,-1160.3832,198.5427,,,,,,,,,,,,,,,,,,,,,,,,,,,,,,,,,
Cave_HateruWest_0008,Sahasra Slope Cave,Cave,Sahasra Slope Cave,1373.0244,-1197.2487,129.78076,1328.3575,-1156.2229,134.45175,,,,,,,,,,,,,,,,,,,,,,,,,,,,,,
Cave_HateruWest_0011,Dueling Peaks North Cave,Cave,Dueling Peaks North Cave,1194.4573,-1854.0563,157.93268,,,,,,,,,,,,,,,,,,,,,,,,,,,,,,,,,
Cave_HateruWest_0012,Dueling Peaks South Cave,Cave,Dueling Peaks South Cave,1183.3723,-1947.5531,245.5,,,,,,,,,,,,,,,,,,,,,,,,,,,,,,,,,
Cave_Hebra_0000,Sturnida Springs Cave,Cave,Sturnida Springs Cave,-4041.1606,2671.444,23.28307,,,,,,,,,,,,,,,,,,,,,,,,,,,,,,,,,
Cave_Hebra_0013,Icefall Foothills Cave,Cave,Icefall Foothills Cave,-4429.3438,3760.2036,223.34158,,,,,,,,,,,,,,,,,,,,,,,,,,,,,,,,,
Cave_Hebra_0015,Lake Kilsie Cave,Cave,Lake Kilsie Cave,-3930.9924,2861.2566,-18.026276,,,,,,,,,,,,,,,,,,,,,,,,,,,,,,,,,
Cave_Hebra_0016,Hebra Headspring Cave,Cave,Hebra Headspring Cave,-2900.1562,2510.2598,387.90167,,,,,,,,,,,,,,,,,,,,,,,,,,,,,,,,,
Cave_Hebra_0019,Pikida Stonegrove Northwest Cave,Cave,Pikida Stonegrove Northwest Cave,-2642.2852,3268.2998,249,-2414.1216,3136.4614,372.66412,,,,,,,,,,,,,,,,,,,,,,,,,,,,,,
Cave_Hebra_0021,Hebra Great Skeleton,Cave,Hebra Great Skeleton,-3814.6094,3595.4834,255,,,,,,,,,,,,,,,,,,,,,,,,,,,,,,,,,
Cave_Hebra_0022,Hebra Mountains Northwest Cave,Cave,Hebra Mountains Northwest Cave,-2995.5662,3225.7515,539.96765,,,,,,,,,,,,,,,,,,,,,,,,,,,,,,,,,
Cave_Hebra_0023,Brightcap Cave,Cave,Brightcap Cave,-3005.719,1635.0288,199.3382,,,,,,,,,,,,,,,,,,,,,,,,,,,,,,,,,
Cave_Hebra_0025,Rospro Pass Cave,Cave,Rospro Pass Cave,-3559.5554,2488.378,227.21603,,,,,,,,,,,,,,,,,,,,,,,,,,,,,,,,,
Cave_Hebra_0026,Talonto Peak Cave,Cave,Talonto Peak Cave,-3214.6082,2462.2405,345.53235,,,,,,,,,,,,,,,,,,,,,,,,,,,,,,,,,
Cave_Hebra_0030,Hebra South Summit Cave,Cave,Hebra South Summit Cave,-3398.4336,2499.3608,313.10593,-3227.4956,2535.2786,441.6563,,,,,,,,,,,,,,,,,,,,,,,,,,,,,,
Cave_Hebra_0035,Tabantha Hills Cave,Cave,Tabantha Hills Cave,-2840.9312,1771.9114,222.97986,,,,,,,,,,,,,,,,,,,,,,,,,,,,,,,,,
Cave_Hebra_0036,Mount Drena Foothill Cave,Cave,Mount Drena Foothill Cave,-1372.0897,2861.3076,197.7222,,,,,,,,,,,,,,,,,,,,,,,,,,,,,,,,,
Cave_Hebra_0037,Kopeeki Drifts Cave,Cave,Kopeeki Drifts Cave,-2395.838,2276.6277,169.5,,,,,,,,,,,,,,,,,,,,,,,,,,,,,,,,,
Cave_Hebra_0039,West Lake Totori Cave,Cave,West Lake Totori Cave,-3958.6863,2029.4797,200.5806,,,,,,,,,,,,,,,,,,,,,,,,,,,,,,,,,
Cave_Hebra_0040,North Biron Snowshelf Cave,Cave,North Biron Snowshelf Cave,-3960.0823,3245.2175,236.98874,,,,,,,,,,,,,,,,,,,,,,,,,,,,,,,,,
Cave_Hebra_0041,East Biron Snowshelf Cave,Cave,East Biron Snowshelf Cave,-3555.201,3088.2205,273.38068,-3989.3708,3062.8525,138.33392,,,,,,,,,,,,,,,,,,,,,,,,,,,,,,
Cave_HyruleForest_0001,Rauru Hillside Cave,Cave,Rauru Hillside Cave,676.46606,1389.7833,45.1693,,,,,,,,,,,,,,,,,,,,,,,,,,,,,,,,,
Cave_HyruleForest_0006,Pico Pond Cave,Cave,Pico Pond Cave,1247.2585,1231.9303,25.55457,,,,,,,,,,,,,,,,,,,,,,,,,,,,,,,,,
Cave_HyruleForest_0007,Yiga Clan Maritta Branch,Cave,Yiga Clan Maritta Branch,-643.5,2040,154.5,,,,,,,,,,,,,,,,,,,,,,,,,,,,,,,,,
Cave_HyruleForest_0008,Deplian Badlands Cave,Cave,Deplian Badlands Cave,307.1301,3579.3474,87.5,,,,,,,,,,,,,,,,,,,,,,,,,,,,,,,,,
Cave_HyruleRidge_0000,North Hyrule Plain Cave,Cave,North Hyrule Plain Cave,-1234.1781,770.21735,77.47173,-1188.3872,644.5137,72.35078,,,,,,,,,,,,,,,,,,,,,,,,,,,,,,
Cave_HyruleRidge_0002,Tamio River Downstream Cave,Cave,Tamio River Downstream Cave,-2921.855,-804.1642,7.57278,,,,,,,,,,,,,,,,,,,,,,,,,,,,,,,,,
Cave_HyruleRidge_0003,Lindor's Brow Cave,Cave,Lindor's Brow Cave,-1734.9275,1165.6956,228.69955,,,,,,,,,,,,,,,,,,,,,,,,,,,,,,,,,
Cave_HyruleRidge_0005,Satori Mountain Foothill Cave,Cave,Satori Mountain Foothill Cave,-2198.5413,-807.5707,117.29594,,,,,,,,,,,,,,,,,,,,,,,,,,,,,,,,,
Cave_HyruleRidge_0006,Thundra Plateau Cave,Cave,Thundra Plateau Cave,-2268.3508,899.2295,86.14532,,,,,,,,,,,,,,,,,,,,,,,,,,,,,,,,,
Cave_HyruleRidge_0007,Tanagar Canyon East Cave,Cave,Tanagar Canyon East Cave,-2049.1267,1631.7072,-56.62502,,,,,,,,,,,,,,,,,,,,,,,,,,,,,,,,,
Cave_HyruleRidge_0008,Satori Mountain Cave,Cave,Satori Mountain Cave,-2151.008,-360.52097,276,,,,,,,,,,,,,,,,,,,,,,,,,,,,,,,,,
Cave_Lanayru_0006,Crenel Peak Cave,Cave,Crenel Peak Cave,1144.7145,247.46425,57.5162,1349.5487,296.49982,28.82169,,,,,,,,,,,,,,,,,,,,,,,,,,,,,,
Cave_Lanayru_0008,Luto's Channel,Cave,Luto's Channel,3094.097,-51.307983,79.07918,,,,,,,,,,,,,,,,,,,,,,,,,,,,,,,,,
Cave_Lanayru_0014,Oren Bridge Cave,Cave,Oren Bridge Cave,2909.6167,-65.92992,81.98677,,,,,,,,,,,,,,,,,,,,,,,,,,,,,,,,,
Cave_Lanayru_0019,Tabahl Woods Cave,Cave,Tabahl Woods Cave,2674.9854,287.42862,89.25264,2605.5266,227.09792,75.99557,2679.6443,217.69566,92.52995,,,,,,,,,,,,,,,,,,,,,,,,,,,
Cave_Lanayru_0024,Boné Pond East Cave,Cave,Boné Pond East Cave,2185.0784,142.07874,37.39388,2253.8445,14.210264,16.118126,2215.354,100.179146,71.58754,2260.7292,108.3997,110.58386,,,,,,,,,,,,,,,,,,,,,,,,
Cave_Lanayru_0032,Upland Zorana Mountainside Cave,Cave,Upland Zorana Mountainside Cave,2570.0251,517.98926,164.04245,2633.568,526.1559,188.69867,,,,,,,,,,,,,,,,,,,,,,,,,,,,,,
Cave_Lanayru_0033,Upland Zorana Byroad,Cave,Upland Zorana Byroad,2863.6323,346.32947,227.24716,2700.3018,479.8156,201.99454,,,,,,,,,,,,,,,,,,,,,,,,,,,,,,
Cave_Lanayru_0035,Horon Lagoon Cave,Cave,Horon Lagoon Cave,4243.9663,-255.66548,-16.39028,,,,,,,,,,,,,,,,,,,,,,,,,,,,,,,,,
Cave_Lanayru_0036,Tarm Point Cave,Cave,Tarm Point Cave,4473.05,-826.9572,31.5549,,,,,,,,,,,,,,,,,,,,,,,,,,,,,,,,,
Cave_Lanayru_0048,Ralis Channel,Cave,Ralis Channel,2958.8315,253.88513,202.5372,2912.1252,170.14345,157.62854,,,,,,,,,,,,,,,,,,,,,,,,,,,,,,
Cave_Lanayru_0049,Upland Zorana Summit Cave,Cave,Upland Zorana Summit Cave,2850.636,477.983,324.45886,,,,,,,,,,,,,,,,,,,,,,,,,,,,,,,,,
Cave_Lanayru_0052,Crenel Hills Cave,Cave,Crenel Hills Cave,493.7314,730.937,40.5,,,,,,,,,,,,,,,,,,,,,,,,,,,,,,,,,
Cave_Lanayru_0053,Rebonae Bridge Cave,Cave,Rebonae Bridge Cave,845.9233,31.496836,15.829346,,,,,,,,,,,,,,,,,,,,,,,,,,,,,,,,,
Cave_Lanayru_0055,Reservoir Lakefront Cavern,Cave,Reservoir Lakefront Cavern,3809.5823,419.5987,208.94516,,,,,,,,,,,,,,,,,,,,,,,,,,,,,,,,,
Cave_Lanayru_0057,Ploymus Mountain Cave,Cave,Ploymus Mountain Cave,3660.896,538.58655,268.5333,,,,,,,,,,,,,,,,,,,,,,,,,,,,,,,,,
Cave_Lanayru_0060,Upland Zorana Foothill Cave,Cave,Upland Zorana Foothill Cave,3147.3918,667.60956,177.02695,,,,,,,,,,,,,,,,,,,,,,,,,,,,,,,,,
Cave_Lanayru_0061,Cave Under Zora's Domain,Cave,Cave Under Zora's Domain,3240.9922,373.52008,75.97794,,,,,,,,,,,,,,,,,,,,,,,,,,,,,,,,,
Cave_LanayruMountain_0002,Lanayru Road South Cave,Cave,Lanayru Road South Cave,2698.2744,-1314.642,111.22475,,,,,,,,,,,,,,,,,,,,,,,,,,,,,,,,,
Cave_LanayruMountain_0006,Mapla Point Cave,Cave,Mapla Point Cave,4585.3315,-2246.2834,-1.90239,,,,,,,,,,,,,,,,,,,,,,,,,,,,,,,,,
Cave_LanayruMountain_0008,Oakle's Navel Cave,Cave,Oakle's Navel Cave,2504.1045,-2106.5208,6.44712,,,,,,,,,,,,,,,,,,,,,,,,,,,,,,,,,
Cave_LanayruMountain_0010,Lanayru Road East Cave,Cave,Lanayru Road East Cave,3073.5364,-1137.7854,91.76332,3476.452,-968.39215,-8.0593,,,,,,,,,,,,,,,,,,,,,,,,,,,,,,
Cave_LanayruMountain_0014,Robred Dropoff Cave,Cave,Robred Dropoff Cave,2492.99,-1477.6471,12.027435,,,,,,,,,,,,,,,,,,,,,,,,,,,,,,,,,
Cave_LanayruMountain_0016,Walnot Mountain Cave,Cave,Walnot Mountain Cave,4225.5356,-1738.9546,180,3933.575,-2069.003,127.4416,,,,,,,,,,,,,,,,,,,,,,,,,,,,,,
Cave_LanayruMountain_0022,Deepback Bay Cave,Cave,Deepback Bay Cave,4213.486,-2262.5757,0.16492,,,,,,,,,,,,,,,,,,,,,,,,,,,,,,,,,
Cave_LanayruMountain_0024,Cape Cales Cliffbase Cave,Cave,Cape Cales Cliffbase Cave,3650.4011,-3210.8154,-6.19513,,,,,,,,,,,,,,,,,,,,,,,,,,,,,,,,,
Cave_LanayruMountain_0025,Retsam Forest Cave,Cave,Retsam Forest Cave,3757.4482,-2066.6062,214.22583,3748.875,-2026.5078,190,,,,,,,,,,,,,,,,,,,,,,,,,,,,,,
Cave_LanayruMountain_0026,Fort Hateno Cave,Cave,Fort Hateno Cave,2243.432,-1689.5991,23.5,,,,,,,,,,,,,,,,,,,,,,,,,,,,,,,,,
Cave_Tabantha_0001,Gisa Crater Cave,Cave,Gisa Crater Cave,-3865.5,1011.5,72.5,-3931.099,1090.9695,72.80873,,,,,,,,,,,,,,,,,,,,,,,,,,,,,,
Cave_Tabantha_0002,Ancient Columns Cave,Cave,Ancient Columns Cave,-3465.1208,449.46014,254.07343,,,,,,,,,,,,,,,,,,,,,,,,,,,,,,,,,
Cave_Tabantha_0003,Tanagar Canyon West Cave,Cave,Tanagar Canyon West Cave,-3308.4724,789.76373,-101.877967,,,,,,,,,,,,,,,,,,,,,,,,,,,,,,,,,
Well_0043B,Komo Shoreline Cave,Cave,Komo Shoreline Cave,486.93274,-3831.1365,7.71366,,,,,,,,,,,,,,,,,,,,,,,,,,,,,,,,,
Zora_Imperial_Palace,Pristine Sanctum,Cave,Pristine Sanctum,3708.0193,608.6937,343.00272,3622.3274,583.48596,169.50275,,,,,,,,,,,,,,,,,,,,,,,,,,,,,,
ZoraZonauTerminal,Ancient Zora Waterworks,Cave,Ancient Zora Waterworks,3606.6409,122.20181,-1.54479,,,,,,,,,,,,,,,,,,,,,,,,,,,,,,,,,
Cave_GerudoDesert_0043,East Gerudo Chasm,Chasm,East Gerudo Chasm,-2491.193,-3067.738,5.739876,,,,,,,,,,,,,,,,,,,,,,,,,,,,,,,,,
Cave_HyruleRidge_0004,Hyrule Ridge Chasm,Chasm,Hyrule Ridge Chasm,-2644.2444,1126.0236,142.13173,,,,,,,,,,,,,,,,,,,,,,,,,,,,,,,,,
Cave_Lanayru_0050,Lanayru Wetlands Chasm,Chasm,Lanayru Wetlands Chasm,1726.917,162.05481,-5.31409,,,,,,,,,,,,,,,,,,,,,,,,,,,,,,,,,
Cave_Lanayru_0063,Chasm Under Zora's Domain,Chasm,Chasm Under Zora's Domain,3271.5498,441.58716,-21.194,,,,,,,,,,,,,,,,,,,,,,,,,,,,,,,,,
DeepHole_AkkareSkull,Skull Lake Chasm,Chasm,Skull Lake Chasm,3246.8164,3441.8833,-43.60668,,,,,,,,,,,,,,,,,,,,,,,,,,,,,,,,,
DeepHole_B-6_AssasisnBoss,Yiga Clan Hideout Chasm,Chasm,Yiga Clan Hideout Chasm,-3430.1821,-1333.4434,279.19308,,,,,,,,,,,,,,,,,,,,,,,,,,,,,,,,,
DeepHole_B-6_Tower,Birida Lookout Chasm,Chasm,Birida Lookout Chasm,-3685.628,-1859.8691,33.10606,,,,,,,,,,,,,,,,,,,,,,,,,,,,,,,,,
DeepHole_Chikurun,Tingel Island Chasm,Chasm,Tingel Island Chasm,4707.782,1307.873,118.72868,,,,,,,,,,,,,,,,,,,,,,,,,,,,,,,,,
DeepHole_Cokiri,Deku Tree Chasm,Chasm,Deku Tree Chasm,418.0086,2193.4116,143.18875,,,,,,,,,,,,,,,,,,,,,,,,,,,,,,,,,
DeepHole_DeathMountain,Death Mountain Chasm,Chasm,Death Mountain Chasm,2534.5,2602.5,643,,,,,,,,,,,,,,,,,,,,,,,,,,,,,,,,,
DeepHole_Firone,Tobio's Hollow Chasm,Chasm,Tobio's Hollow Chasm,1304.9956,-2396.663,61.78227,,,,,,,,,,,,,,,,,,,,,,,,,,,,,,,,,
DeepHole_FirstLandEast,Great Plateau East Chasm,Chasm,Great Plateau East Chasm,-452.5,-1992.975,66.77847,,,,,,,,,,,,,,,,,,,,,,,,,,,,,,,,,
DeepHole_FirstLandNorth,Great Plateau North Chasm,Chasm,Great Plateau North Chasm,-664.931,-1509.747,48.9942,,,,,,,,,,,,,,,,,,,,,,,,,,,,,,,,,
DeepHole_FirstLandSouth,Great Plateau South Chasm,Chasm,Great Plateau South Chasm,-932.8312,-2317.505,163.03754,,,,,,,,,,,,,,,,,,,,,,,,,,,,,,,,,
DeepHole_FirstLandWest,Great Plateau West Chasm,Chasm,Great Plateau West Chasm,-1431.692,-1992.553,225.31525,,,,,,,,,,,,,,,,,,,,,,,,,,,,,,,,,
DeepHole_GerudoMaze,South Lomei Chasm,Chasm,South Lomei Chasm,-1794.9192,-3461.756,43.86014,,,,,,,,,,,,,,,,,,,,,,,,,,,,,,,,,
DeepHole_GerudoSummit,Gerudo Summit Chasm,Chasm,Gerudo Summit Chasm,-4203.3623,-637.66345,642.57886,,,,,,,,,,,,,,,,,,,,,,,,,,,,,,,,,
DeepHole_Higakkare,East Akkala Plains Chasm,Chasm,East Akkala Plains Chasm,4029.5532,2180.8843,-96.679092,,,,,,,,,,,,,,,,,,,,,,,,,,,,,,,,,
DeepHole_HimeidaMt,Meda Mountain Chasm,Chasm,Meda Mountain Chasm,2513.714,-2380.701,130.78671,,,,,,,,,,,,,,,,,,,,,,,,,,,,,,,,,
DeepHole_HyruleCastle,Hyrule Castle Chasm,Chasm,Hyrule Castle Chasm,-254,1012.1733,-210.5,,,,,,,,,,,,,,,,,,,,,,,,,,,,,,,,,
DeepHole_HyruleCastleEast,Hyrule Castle Moat East Chasm,Chasm,Hyrule Castle Moat East Chasm,169.98776,882.16003,-48.675,,,,,,,,,,,,,,,,,,,,,,,,,,,,,,,,,
DeepHole_HyruleCastleWest,Hyrule Castle Moat West Chasm,Chasm,Hyrule Castle Moat West Chasm,-922.6069,666.7925,-9.97884,,,,,,,,,,,,,,,,,,,,,,,,,,,,,,,,,
DeepHole_HyruleLake,Lake Hylia Chasm,Chasm,Lake Hylia Chasm,-332,-2598.0227,-52.32295,,,,,,,,,,,,,,,,,,,,,,,,,,,,,,,,,
DeepHole_HyrulePlains,Hyrule Field Chasm,Chasm,Hyrule Field Chasm,-255.02571,-299.58057,-2.03179,,,,,,,,,,,,,,,,,,,,,,,,,,,,,,,,,
DeepHole_ImeruMt,Elma Knolls Chasm,Chasm,Elma Knolls Chasm,-456.87625,1722.3523,168.88617,,,,,,,,,,,,,,,,,,,,,,,,,,,,,,,,,
DeepHole_Kakariko_EastHill,East Hill Chasm,Chasm,East Hill Chasm,1974.4877,-846.1284,115.005,,,,,,,,,,,,,,,,,,,,,,,,,,,,,,,,,
DeepHole_KiyanbaTrees,Minshi Woods Chasm,Chasm,Minshi Woods Chasm,1059.4279,1668.0994,149.37396,,,,,,,,,,,,,,,,,,,,,,,,,,,,,,,,,
DeepHole_LomeiIsland,Lomei Labyrinth Chasm,Chasm,Lomei Labyrinth Chasm,4655,3697.4683,26,,,,,,,,,,,,,,,,,,,,,,,,,,,,,,,,,
DeepHole_Minakkare,South Akkala Plains Chasm,Chasm,South Akkala Plains Chasm,3296.86,1286.6865,124.45206,,,,,,,,,,,,,,,,,,,,,,,,,,,,,,,,,
DeepHole_RirimukuMt,Drenan Highlands Chasm,Chasm,Drenan Highlands Chasm,-71.0354,2983.7803,126.43126,,,,,,,,,,,,,,,,,,,,,,,,,,,,,,,,,
DeepHole_Rito,Rito Village Chasm,Chasm,Rito Village Chasm,-3573.461,1801.9717,118.54457,,,,,,,,,,,,,,,,,,,,,,,,,,,,,,,,,
DeepHole_Saihateno,Eventide Island Chasm,Chasm,Eventide Island Chasm,4507.122,-3459.2954,-17.55774,,,,,,,,,,,,,,,,,,,,,,,,,,,,,,,,,
DeepHole_SanaePlateau,Hills of Baumer Chasm,Chasm,Hills of Baumer Chasm,221.94199,-2118.77,-2.61652,,,,,,,,,,,,,,,,,,,,,,,,,,,,,,,,,
DeepHole_TabantaMaze,North Lomei Chasm,Chasm,North Lomei Chasm,-814.4829,3534.6995,219.69775,,,,,,,,,,,,,,,,,,,,,,,,,,,,,,,,,
DeepHole_YuaSnow,Naydra Snowfield Chasm,Chasm,Naydra Snowfield Chasm,3604.589,-1343.9814,117.63947,,,,,,,,,,,,,,,,,,,,,,,,,,,,,,,,,
DeepHole_ZifForest,Forest of Time Chasm,Chasm,Forest of Time Chasm,-127.9718,-1657.8062,-32.48579,,,,,,,,,,,,,,,,,,,,,,,,,,,,,,,,,
Well_0001,Dronoc's Pass Well,Well,Dronoc's Pass Well,-3831.584,2105.445,125.20305,,,,,,,,,,,,,,,,,,,,,,,,,,,,,,,,,
Well_0002,Tabantha Village Ruins Well,Well,Tabantha Village Ruins Well,-2358.5952,1871.8008,261.95474,,,,,,,,,,,,,,,,,,,,,,,,,,,,,,,,,
Well_0003,Maritta Exchange Ruins Well,Well,Maritta Exchange Ruins Well,-1810.8577,1623.4564,90.86153,,,,,,,,,,,,,,,,,,,,,,,,,,,,,,,,,
Well_0004,Rowan Plain Well,Well,Rowan Plain Well,-1069.4441,2325.9033,98.2078,,,,,,,,,,,,,,,,,,,,,,,,,,,,,,,,,
Well_0005,Irch Plain Well,Well,Irch Plain Well,-911.30005,1616.2,90.06392,,,,,,,,,,,,,,,,,,,,,,,,,,,,,,,,,
Well_0006,Elma Knolls Well,Well,Elma Knolls Well,-670.9031,1351.7286,72.38716,,,,,,,,,,,,,,,,,,,,,,,,,,,,,,,,,
Well_0007,Carok Bridge Well,Well,Carok Bridge Well,-1039.6138,415.31186,18.64639,,,,,,,,,,,,,,,,,,,,,,,,,,,,,,,,,
Well_0008,Mount Gustaf Well,Well,Mount Gustaf Well,-912.8082,331.207,3.851875,,,,,,,,,,,,,,,,,,,,,,,,,,,,,,,,,
Well_0009,Mount Daphnes Well,Well,Mount Daphnes Well,-1313.9882,-622.6918,-6.12052,,,,,,,,,,,,,,,,,,,,,,,,,,,,,,,,,
Well_0010,Aquame Lake Well,Well,Aquame Lake Well,-879.17896,-1101.615,5.836,,,,,,,,,,,,,,,,,,,,,,,,,,,,,,,,,
Well_0011,Outskirt Stable Well,Well,Outskirt Stable Well,-1460.715,-1296.7395,16.561874,,,,,,,,,,,,,,,,,,,,,,,,,,,,,,,,,
Well_0012,Outskirt Hill Well,Well,Outskirt Hill Well,-1680.9181,-1349.2278,106.03549,,,,,,,,,,,,,,,,,,,,,,,,,,,,,,,,,
Well_0013,Mount Nabooru Well,Well,Mount Nabooru Well,-1720.2603,-2238.0696,20.199066,,,,,,,,,,,,,,,,,,,,,,,,,,,,,,,,,
Well_0014,Rauru Settlement Ruins Well,Well,Rauru Settlement Ruins Well,662,1266.5,24.18402,,,,,,,,,,,,,,,,,,,,,,,,,,,,,,,,,
Well_0015,Hyrule Castle Town Ruins Well,Well,Hyrule Castle Town Ruins Well,62.634674,547.6163,12.16557,,,,,,,,,,,,,,,,,,,,,,,,,,,,,,,,,
Well_0016,Mabe Village Ruins Well,Well,Mabe Village Ruins Well,-68.061676,-163.08905,9.11473,,,,,,,,,,,,,,,,,,,,,,,,,,,,,,,,,
Well_0017,Rebonae Bridge Well,Well,Rebonae Bridge Well,786.9977,7.592865,15.20503,,,,,,,,,,,,,,,,,,,,,,,,,,,,,,,,,
Well_0018,Bottomless Pond Well,Well,Bottomless Pond Well,686.19275,-766.43005,1.88173,,,,,,,,,,,,,,,,,,,,,,,,,,,,,,,,,
Well_0019,South Nabi Lake Well,Well,South Nabi Lake Well,782.5,-1496.9,20.5,,,,,,,,,,,,,,,,,,,,,,,,,,,,,,,,,
Well_0020,Deya Village Ruins North Well,Well,Deya Village Ruins North Well,316.51514,-1856.7987,-6.396904,,,,,,,,,,,,,,,,,,,,,,,,,,,,,,,,,
Well_0021,Deya Village Ruins Well,Well,Deya Village Ruins Well,322.35577,-1927.0372,-4.92151,,,,,,,,,,,,,,,,,,,,,,,,,,,,,,,,,
Well_0022,Deya Village Ruins East Well,Well,Deya Village Ruins East Well,423.4993,-2042.9554,-6.00197,,,,,,,,,,,,,,,,,,,,,,,,,,,,,,,,,
Well_0023,Deya Village Ruins South Well,Well,Deya Village Ruins South Well,339.62903,-2098.5603,12.263145,,,,,,,,,,,,,,,,,,,,,,,,,,,,,,,,,
Well_0024,Hills of Baumer Well,Well,Hills of Baumer Well,316.0589,-2127.8135,29.51479,,,,,,,,,,,,,,,,,,,,,,,,,,,,,,,,,
Well_0025,Popla Foothills North Well,Well,Popla Foothills North Well,594.4839,-2100.4421,77.51404,,,,,,,,,,,,,,,,,,,,,,,,,,,,,,,,,
Well_0026,Popla Foothills South Well,Well,Popla Foothills South Well,606.12665,-2261.0825,35.2945,,,,,,,,,,,,,,,,,,,,,,,,,,,,,,,,,
Well_0027,Moor Garrison Ruins Well,Well,Moor Garrison Ruins Well,1544.1268,169.9368,-6.78622,,,,,,,,,,,,,,,,,,,,,,,,,,,,,,,,,
Well_0028,Zauz Island Well,Well,Zauz Island Well,1435.5,-136.49591,-5.82837,,,,,,,,,,,,,,,,,,,,,,,,,,,,,,,,,
Well_0029,Goponga Village Ruins Well,Well,Goponga Village Ruins Well,1529.1604,-326.89868,-5.84733,,,,,,,,,,,,,,,,,,,,,,,,,,,,,,,,,
Well_0030,Lanayru Wetlands Well,Well,Lanayru Wetlands Well,1219.5958,-397.18475,-5.3098,,,,,,,,,,,,,,,,,,,,,,,,,,,,,,,,,
Well_0031,Rikoka Hills Well,Well,Rikoka Hills Well,1716.4476,-650.8704,8.001114,,,,,,,,,,,,,,,,,,,,,,,,,,,,,,,,,
Well_0032,Tabahl Woods Well,Well,Tabahl Woods Well,2746.3875,175.52362,114.52992,,,,,,,,,,,,,,,,,,,,,,,,,,,,,,,,,
Well_0033,Shadow Hamlet Ruins Well,Well,Shadow Hamlet Ruins Well,3057.2344,2310.919,318.4277,,,,,,,,,,,,,,,,,,,,,,,,,,,,,,,,,
Well_0034,Kara Kara Bazaar Well,Well,Kara Kara Bazaar Well,-3235.3376,-2606.4062,7.92146,,,,,,,,,,,,,,,,,,,,,,,,,,,,,,,,,
Well_0041,Lurelin Village Well,Well,Lurelin Village Well,2940.59,-3378.44,-4.38903,,,,,,,,,,,,,,,,,,,,,,,,,,,,,,,,,
Well_0042,Lakeside Stable Well,Well,Lakeside Stable Well,1535.121,-3553.629,46.32126,,,,,,,,,,,,,,,,,,,,,,,,,,,,,,,,,
Well_0043,Highland Stable Well,Well,Highland Stable Well,537.629,-3426.698,33.41376,,,,,,,,,,,,,,,,,,,,,,,,,,,,,,,,,
Well_0044,Snowfield Stable Well,Well,Snowfield Stable Well,-1679.566,2586,220.5,,,,,,,,,,,,,,,,,,,,,,,,,,,,,,,,,
Well_0045,Gerudo Canyon Well,Well,Gerudo Canyon Well,-2820,-2233,15.464035,,,,,,,,,,,,,,,,,,,,,,,,,,,,,,,,,
Well_0046,Riverside Stable Well,Well,Riverside Stable Well,365.40173,-1126.3309,-4.194275,,,,,,,,,,,,,,,,,,,,,,,,,,,,,,,,,
Well_0047,Wetland Stable Well,Well,Wetland Stable Well,884.597,-195.319,11.85637,,,,,,,,,,,,,,,,,,,,,,,,,,,,,,,,,
Well_0047B,Wetland Stable South Well,Well,Wetland Stable South Well,858.0345,-262.71255,11.85637,,,,,,,,,,,,,,,,,,,,,,,,,,,,,,,,,
Well_0048,Dueling Peaks Stable Well,Well,Dueling Peaks Stable Well,1794.7037,-1949.7296,-3.63593,,,,,,,,,,,,,,,,,,,,,,,,,,,,,,,,,
Well_0049,Hateno Village North Well,Well,Hateno Village North Well,3421.88,-2029.529,123.90443,,,,,,,,,,,,,,,,,,,,,,,,,,,,,,,,,
Well_0049B,Hateno Village West Well,Well,Hateno Village West Well,3356.756,-2050.473,103.95724,,,,,,,,,,,,,,,,,,,,,,,,,,,,,,,,,
Well_0049C,Hateno Village East Well,Well,Hateno Village East Well,3514.478,-2152.45,114.93245,,,,,,,,,,,,,,,,,,,,,,,,,,,,,,,,,
Well_0049D,Hateno Village South Well,Well,Hateno Village South Well,3384.515,-2211.729,121.8835,,,,,,,,,,,,,,,,,,,,,,,,,,,,,,,,,
Well_0049E,Zelda's Secret Well,Well,Zelda's Secret Well,3301.478,-2300.911,116.47832,,,,,,,,,,,,,,,,,,,,,,,,,,,,,,,,,
Well_0050,New Serenne Stable Well,Well,New Serenne Stable Well,-1357.1842,700.063,61.56845,,,,,,,,,,,,,,,,,,,,,,,,,,,,,,,,,
Well_0051,Kakariko Village Well,Well,Kakariko Village Well,1875.0138,-1043.5557,109.51605,,,,,,,,,,,,,,,,,,,,,,,,,,,,,,,,,
Well_0052,Woodland Stable Well,Well,Woodland Stable Well,1092.6738,1154.0457,8,,,,,,,,,,,,,,,,,,,,,,,,,,,,,,,,,
Well_0053,Lookout Landing Well,Well,Lookout Landing Well,-212.0227,134.92514,4.48486,,,,,,,,,,,,,,,,,,,,,,,,,,,,,,,,,
Well_0054,Foothill Stable Well,Well,Foothill Stable Well,2617.9316,1169.0588,134,,,,,,,,,,,,,,,,,,,,,,,,,,,,,,,,,
Well_0055,Construction Site Well,Well,Construction Site Well,3719.8315,1587.5557,77.10349,,,,,,,,,,,,,,,,,,,,,,,,,,,,,,,,,
Well_0056,South Akkala Stable Well,Well,South Akkala Stable Well,3195,1715.5,187.268,,,,,,,,,,,,,,,,,,,,,,,,,,,,,,,,,
Well_0057,East Akkala Stable Well,Well,East Akkala Stable Well,4232.8677,2780.0698,111.97299,,,,,,,,,,,,,,,,,,,,,,,,,,,,,,,,,
Well_0058,Haran Lakefront Well,Well,Haran Lakefront Well,394.5,-3387,32.5,,,,,,,,,,,,,,,,,,,,,,,,,,,,,,,,,
Well_0059,Tabantha Bridge Stable Well,Well,Tabantha Bridge Stable Well,-2958.5867,531.95654,155.4558,,,,,,,,,,,,,,,,,,,,,,,,,,,,,,,,,
HatenoLabo,Hateno Ancient Tech Lab,Place,Hateno Ancient Tech Lab,3777.709717,-2127.362061,229.8110962,,,,,,,,,,,,,,,,,,,,,,,,,,,,,,,,,
City_BaseCamp,Lookout Landing,Place,Lookout Landing,-254.11993,101.601685,17.94666,,,,,,,,,,,,,,,,,,,,,,,,,,,,,,,,,
Cokiri,Korok Forest,Place,Korok Forest,419,2140,-105.5,,,,,,,,,,,,,,,,,,,,,,,,,,,,,,,,,
Gerudo,Gerudo Town,Place,Gerudo Town,-3858.9604,-2940.523,32.8,-3866,-2942,11.1548,-3844.5,-2926.1965,43.66891,,,,,,,,,,,,,,,,,,,,,,,,,,,
Goron,Goron City,Place,Goron City,1657.252,2440,340.13025,,,,,,,,,,,,,,,,,,,,,,,,,,,,,,,,,
Hateno,Hateno Village,Place,Hateno Village,3545.0286,-2089.9172,231.5344,,,,,,,,,,,,,,,,,,,,,,,,,,,,,,,,,
Kakariko,Kakariko Village,Place,Kakariko Village,1817.4299,-988.03906,118.95522,,,,,,,,,,,,,,,,,,,,,,,,,,,,,,,,,
Rito,Rito Village,Place,Rito Village,-3620.765,1799.816,103.172,,,,,,,,,,,,,,,,,,,,,,,,,,,,,,,,,
Taura,Lurelin Village,Place,Lurelin Village,3007.3096,-3473.6292,36.99794,,,,,,,,,,,,,,,,,,,,,,,,,,,,,,,,,
UMiiVillage,Tarrey Town,Place,Tarrey Town,3965.6387,1611.1797,127.73712,,,,,,,,,,,,,,,,,,,,,,,,,,,,,,,,,
WhiteZora,Zora's Domain,Place,Zora's Domain,3330.607,545.1057,137.162,,,,,,,,,,,,,,,,,,,,,,,,,,,,,,,,,
LargeDungeonHyruleCastle,Hyrule Castle,Place,Hyrule Castle,-253.9455,1061.9055,379.96143,,,,,,,,,,,,,,,,,,,,,,,,,,,,,,,,,
Assassin,Yiga Clan Hideout,Place,Yiga Clan Hideout,-3611.611,-1353.2732,330.76855,,,,,,,,,,,,,,,,,,,,,,,,,,,,,,,,,
SouthMine,Southern Mine,Place,Southern Mine,1657.8856,1973.8516,272.99695,,,,,,,,,,,,,,,,,,,,,,,,,,,,,,,,,
UMiiVillage_JobField,Hudson Construction Site,Place,Hudson Construction Site,3723.7278,1611.9355,113.73093,,,,,,,,,,,,,,,,,,,,,,,,,,,,,,,,,
ValleyVillage,Flight Range,Place,Flight Range,-3852.728,2289.992,-10.177246,,,,,,,,,,,,,,,,,,,,,,,,,,,,,,,,,
EldinRestaurants,Bedrock Bistro,Place,Bedrock Bistro,1750.5,1549,285,,,,,,,,,,,,,,,,,,,,,,,,,,,,,,,,,
KingValley2,Forgotten Temple,Place,Forgotten Temple,-1387.6963,2293.1523,-105.5,,,,,,,,,,,,,,,,,,,,,,,,,,,,,,,,,
Mine,YunoboCo HQ,Place,YunoboCo HQ,1601.561,2832.3718,411.9956,1608.0894,2821.6843,431,,,,,,,,,,,,,,,,,,,,,,,,,,,,,,
NewspaperCompany,Lucky Clover Gazette,Place,Lucky Clover Gazette,-3255.8406,1757.5853,151.10178,,,,,,,,,,,,,,,,,,,,,,,,,,,,,,,,,
Oasis,Kara Kara Bazaar,Place,Kara Kara Bazaar,-3237,-2556,-105.5,-3225,-2540,-105.5,,,,,,,,,,,,,,,,,,,,,,,,,,,,,,
PlayerHouse,Link's House,Place,Link's House,4208.199,1379.9225,207.94818,,,,,,,,,,,,,,,,,,,,,,,,,,,,,,,,,
DeathMountainHatago,Foothill Stable,Stable,Foothill Stable,2613.332,1143.5127,148.28871,,,,,,,,,,,,,,,,,,,,,,,,,,,,,,,,,
FaronHatago000,Dueling Peaks Stable,Stable,Dueling Peaks Stable,1756.5005,-1924.3735,53.48224,1760.7805,-1925.3597,25.78427,,,,,,,,,,,,,,,,,,,,,,,,,,,,,,
FaronHatago001,Lakeside Stable,Stable,Lakeside Stable,1552.0227,-3537.839,105.06248,,,,,,,,,,,,,,,,,,,,,,,,,,,,,,,,,
FaronHatago002,Highland Stable,Stable,Highland Stable,529.6001,-3450.8826,95.0581,,,,,,,,,,,,,,,,,,,,,,,,,,,,,,,,,
ForestHatago,Woodland Stable,Stable,Woodland Stable,1062.303,1135.3392,66.45836,,,,,,,,,,,,,,,,,,,,,,,,,,,,,,,,,
GerudoHatago,Gerudo Canyon Stable,Stable,Gerudo Canyon Stable,-2803.8118,-2225.7651,73.08574,,,,,,,,,,,,,,,,,,,,,,,,,,,,,,,,,
HyruleDepthHatago,Outskirt Stable,Stable,Outskirt Stable,-1449.4932,-1269.0115,75.91899,,,,,,,,,,,,,,,,,,,,,,,,,,,,,,,,,
NewHyruleWestHatago,New Serenne Stable,Stable,New Serenne Stable,-1293.8403,678.5621,83.21301,-1361,724,86,,,,,,,,,,,,,,,,,,,,,,,,,,,,,,
NorthHatelHatago,Wetland Stable,Stable,Wetland Stable,888.06165,-173.6723,70.4657,,,,,,,,,,,,,,,,,,,,,,,,,,,,,,,,,
RiverSideHatago,Riverside Stable,Stable,Riverside Stable,339.23242,-1095.2969,39.81248,,,,,,,,,,,,,,,,,,,,,,,,,,,,,,,,,
TabantaBridgeHatago,Tabantha Bridge Stable,Stable,Tabantha Bridge Stable,-2931.5676,547.598,213.66226,,,,,,,,,,,,,,,,,,,,,,,,,,,,,,,,,
TabantaHatago,Snowfield Stable,Stable,Snowfield Stable,-1654.8828,2572.1565,276.52264,-1654.23,2565.6287,242.43182,,,,,,,,,,,,,,,,,,,,,,,,,,,,,,
TamourHatago,East Akkala Stable,Stable,East Akkala Stable,4230.5225,2745.643,169.78958,,,,,,,,,,,,,,,,,,,,,,,,,,,,,,,,,
TamurulHatago_02,South Akkala Stable,Stable,South Akkala Stable,3148.6758,1691.4481,233.1398,,,,,,,,,,,,,,,,,,,,,,,,,,,,,,,,,
DragonTears01,DragonTears01,Tear,DragonTears01,-1412.5262,966.0866,124.17532,,,,,,,,,,,,,,,,,,,,,,,,,,,,,,,,,
DragonTears02,DragonTears02,Tear,DragonTears02,-2551.3196,1888.54,319.617,,,,,,,,,,,,,,,,,,,,,,,,,,,,,,,,,
DragonTears03,DragonTears03,Tear,DragonTears03,1828.327,737.5934,89.909,,,,,,,,,,,,,,,,,,,,,,,,,,,,,,,,,
DragonTears04,DragonTears04,Tear,DragonTears04,694.6279,-1309.222,53.563,,,,,,,,,,,,,,,,,,,,,,,,,,,,,,,,,
DragonTears05,DragonTears05,Tear,DragonTears05,-3178.3652,-1699.6873,419.32,,,,,,,,,,,,,,,,,,,,,,,,,,,,,,,,,
DragonTears06,DragonTears06,Tear,DragonTears06,-3096.3342,-77.055695,211.52173,,,,,,,,,,,,,,,,,,,,,,,,,,,,,,,,,
DragonTears07,DragonTears07,Tear,DragonTears07,3325.728,-3566.4504,5.084,,,,,,,,,,,,,,,,,,,,,,,,,,,,,,,,,
DragonTears08,DragonTears08,Tear,DragonTears08,-1863.6855,3621.7898,237.12354,,,,,,,,,,,,,,,,,,,,,,,,,,,,,,,,,
DragonTears09,DragonTears09,Tear,DragonTears09,4467.702,-304.991,75.334,,,,,,,,,,,,,,,,,,,,,,,,,,,,,,,,,
DragonTears10,DragonTears10,Tear,DragonTears10,-649.3268,-2682.972,68.729,,,,,,,,,,,,,,,,,,,,,,,,,,,,,,,,,
DragonTears11,DragonTears11,Tear,DragonTears11,892.0292,2951.69,362.951,,,,,,,,,,,,,,,,,,,,,,,,,,,,,,,,,
DragonTears12,DragonTears12,Tear,DragonTears12,4534.677,2144.0867,1.00118,,,,,,,,,,,,,,,,,,,,,,,,,,,,,,,,,
MaronSpring,Malanya Spring,Great Fairy,Malanya Spring,4296.0547,3218.7097,149.14032,,,,,,,,,,,,,,,,,,,,,,,,,,,,,,,,,
WeaponCureSpring_DressFairy_00,Great Fairy Fountain,Great Fairy,Great Fairy Fountain,1767.6233,-2179.933,0.55299,,,,,,,,,,,,,,,,,,,,,,,,,,,,,,,,,
WeaponCureSpring_DressFairy_01,Great Fairy Fountain,Great Fairy,Great Fairy Fountain,-1460.471,2994.8657,301.31018,,,,,,,,,,,,,,,,,,,,,,,,,,,,,,,,,
WeaponCureSpring_DressFairy_02,Great Fairy Fountain,Great Fairy,Great Fairy Fountain,-1556.871,-1231.1328,76.00914,,,,,,,,,,,,,,,,,,,,,,,,,,,,,,,,,
WeaponCureSpring,Great Fairy Fountain,Great Fairy,Great Fairy Fountain,915.68726,1386.476,81.15872,,,,,,,,,,,,,,,,,,,,,,,,,,,,,,,,,
ZonauRelief_03,Ancient Tablet,Ancient Tablet,Ancient Tablet,2217.2332,989.48474,1149,,,,,,,,,,,,,,,,,,,,,,,,,,,,,,,,,
ZonauRelief_04,Ancient Tablet,Ancient Tablet,Ancient Tablet,2914.5127,202.91429,802,,,,,,,,,,,,,,,,,,,,,,,,,,,,,,,,,
ZonauRelief_05,Ancient Tablet,Ancient Tablet,Ancient Tablet,-4042.0474,3203.8,452,,,,,,,,,,,,,,,,,,,,,,,,,,,,,,,,,
ZonauRelief_06,Ancient Tablet,Ancient Tablet,Ancient Tablet,-1365.8391,3574.6206,911,,,,,,,,,,,,,,,,,,,,,,,,,,,,,,,,,
ZonauRelief_07,Ancient Tablet,Ancient Tablet,Ancient Tablet,480.85187,-2249.3223,401,,,,,,,,,,,,,,,,,,,,,,,,,,,,,,,,,
ZonauRelief_08,Ancient Tablet,Ancient Tablet,Ancient Tablet,-2446.8015,-3256.551,1002.347,,,,,,,,,,,,,,,,,,,,,,,,,,,,,,,,,
ZonauRelief_09,Ancient Tablet,Ancient Tablet,Ancient Tablet,2082.8489,-2731.1282,1342.335,,,,,,,,,,,,,,,,,,,,,,,,,,,,,,,,,
ZonauRelief_10,Ancient Tablet,Ancient Tablet,Ancient Tablet,3918.6213,-2470.808,1202.343,,,,,,,,,,,,,,,,,,,,,,,,,,,,,,,,,
ZonauRelief_11,Ancient Tablet,Ancient Tablet,Ancient Tablet,-3605.471,-934.7554,1596.0275,,,,,,,,,,,,,,,,,,,,,,,,,,,,,,,,,
ZonauRelief_12,Ancient Tablet,Ancient Tablet,Ancient Tablet,-44.98025,2991.7605,1502.33,,,,,,,,,,,,,,,,,,,,,,,,,,,,,,,,,
ZonauRelief_13,Ancient Tablet,Ancient Tablet,Ancient Tablet,-1239.0254,-1937.0791,986.3184,,,,,,,,,,,,,,,,,,,,,,,,,,,,,,,,,
ZonauRelief_14,Ancient Tablet,Ancient Tablet,Ancient Tablet,3580.1982,1749.7288,1361.33,,,,,,,,,,,,,,,,,,,,,,,,,,,,,,,,,
HorseStableBranchOffice_Gerudo,Mini Stable,Shop,Mini Stable,-1693.1605,-1663.9628,10.657,,,,,,,,,,,,,,,,,,,,,,,,,,,,,,,,,
Bar,Canteen,Shop,Canteen,-3856.7778,-2857.138,48.22743,,,,,,,,,,,,,,,,,,,,,,,,,,,,,,,,,
Circuit_Ichikara,Tarrey Town Race,Shop,Tarrey Town Race,3744.2988,1679.4484,92.69153,,,,,,,,,,,,,,,,,,,,,,,,,,,,,,,,,
Circuit_Uotori,Lurelin Water Rally,Shop,Lurelin Water Rally,2977.983,-3689.6025,1.8896,,,,,,,,,,,,,,,,,,,,,,,,,,,,,,,,,
CookingShop,Restaurant,Shop,Restaurant,2895.1448,-3409.9814,11.29667,,,,,,,,,,,,,,,,,,,,,,,,,,,,,,,,,
FigureGallery,Monster Gallery,Shop,Monster Gallery,3960.1567,1653.4294,128.593,,,,,,,,,,,,,,,,,,,,,,,,,,,,,,,,,
HatenoFarm,Hateno Pasture,Shop,Hateno Pasture,3619.2231,-2094.6372,177.78128,,,,,,,,,,,,,,,,,,,,,,,,,,,,,,,,,
HatenoSchool,Hateno School,Shop,Hateno School,3366.6836,-1974.6836,142.27373,,,,,,,,,,,,,,,,,,,,,,,,,,,,,,,,,
HorseStableBranchOffice_BaseCamp,Mini Stable,Shop,Mini Stable,-248.697,52.306458,19.01065,,,,,,,,,,,,,,,,,,,,,,,,,,,,,,,,,
InvestigatingGroupBase,Zonai Survey Team Base,Shop,Zonai Survey Team Base,1828.7958,-956.1154,116.34384,,,,,,,,,,,,,,,,,,,,,,,,,,,,,,,,,
RentalZarashiShop_Gerudo,Sand-Seal Rental Shop,Shop,Sand-Seal Rental Shop,-3902,-2882.5,94.5,-3770,-2925.5,94.5,,,,,,,,,,,,,,,,,,,,,,,,,,,,,,
RentalZarashiShop_GerudoDesert,Sand-Seal Rental Shop,Shop,Sand-Seal Rental Shop,-2995.225,-2325.025,-0.5,,,,,,,,,,,,,,,,,,,,,,,,,,,,,,,,,
ScrapShop,Break-a-Part Shop,Shop,Break-a-Part Shop,3995,1637,129.71692,,,,,,,,,,,,,,,,,,,,,,,,,,,,,,,,,
SmallDemonStatue,Bargainer Statue,Shop,Bargainer Statue,-251.26309,155.2536,20.6843,,,,,,,,,,,,,,,,,,,,,,,,,,,,,,,,,
TreasureBoxShop,Lucky Treasure Shop,Shop,Lucky Treasure Shop,2969.9177,-3377.7117,29.85611,,,,,,,,,,,,,,,,,,,,,,,,,,,,,,,,,
ShopInn_Gerudo,Inn,Shop,Inn,-3850.2532,-2889.0857,94.5,,,,,,,,,,,,,,,,,,,,,,,,,,,,,,,,,
ShopInn_Goron,Inn,Shop,Inn,1682.0493,2424.0217,383.74136,,,,,,,,,,,,,,,,,,,,,,,,,,,,,,,,,
ShopInn_Hateno,Inn,Shop,Inn,3473.248,-2111.2087,141.78516,,,,,,,,,,,,,,,,,,,,,,,,,,,,,,,,,
ShopInn_Kakariko,Inn,Shop,Inn,1835.5686,-1021.7721,134.5,,,,,,,,,,,,,,,,,,,,,,,,,,,,,,,,,
ShopInn_Korok,Inn,Shop,Inn,410.8711,2171.2236,154.1259,,,,,,,,,,,,,,,,,,,,,,,,,,,,,,,,,
ShopInn_Oasis,Inn,Shop,Inn,-3268.25,-2609.9023,94.5,,,,,,,,,,,,,,,,,,,,,,,,,,,,,,,,,
ShopInn_Rito,Inn,Shop,Inn,-3612.0908,1852.5349,183.53418,,,,,,,,,,,,,,,,,,,,,,,,,,,,,,,,,
ShopInn_UMiiVillage,Inn,Shop,Inn,3999.541,1596.0153,129.42679,,,,,,,,,,,,,,,,,,,,,,,,,,,,,,,,,
ShopInn_Uotori,Inn,Shop,Inn,2944.6143,-3437.0312,29.1549,,,,,,,,,,,,,,,,,,,,,,,,,,,,,,,,,
ShopInn_Zora,Inn,Shop,Inn,3296.2275,508.5319,140.362,,,,,,,,,,,,,,,,,,,,,,,,,,,,,,,,,
ShopGeneral_BaseCamp,General Store,Shop,General Store,-205.76697,76.56111,19.87028,,,,,,,,,,,,,,,,,,,,,,,,,,,,,,,,,
ShopGeneral_Gerudo,General Store,Shop,General Store,-3821.894,-2936.2876,94.49184,-3848.6567,-2903.6155,94.48514,-3857.5454,-2913.248,94.5,-3823.0176,-2878.6328,94.4956,-3819.9922,-2925.895,94.48108,,,,,,,,,,,,,,,,,,,,,
ShopGeneral_Goron,General Store,Shop,General Store,1683.5803,2463.4885,385.3189,,,,,,,,,,,,,,,,,,,,,,,,,,,,,,,,,
ShopGeneral_Hateno,General Store,Shop,General Store,3360.7812,-2171.5625,133.08984,,,,,,,,,,,,,,,,,,,,,,,,,,,,,,,,,
ShopGeneral_Kakariko,General Store,Shop,General Store,1825.8577,-1041.0016,130.15366,1794.4828,-1029.2637,129.53549,,,,,,,,,,,,,,,,,,,,,,,,,,,,,,
ShopGeneral_Korok,General Store,Shop,General Store,431.8081,2173.9978,152.85825,,,,,,,,,,,,,,,,,,,,,,,,,,,,,,,,,
ShopGeneral_Oasis,General Store,Shop,General Store,-3262.25,-2604.25,94.5,-3277.989,-2564.526,94.5,-3274.012,-2535.995,94.5,,,,,,,,,,,,,,,,,,,,,,,,,,,
ShopGeneral_Rito,General Store,Shop,General Store,-3644.6128,1820.456,184.37796,,,,,,,,,,,,,,,,,,,,,,,,,,,,,,,,,
ShopGeneral_UMiiVillage,General Store,Shop,General Store,4005.821,1634.1475,128.57605,,,,,,,,,,,,,,,,,,,,,,,,,,,,,,,,,
ShopGeneral_Uotori,General Store,Shop,General Store,2959.3562,-3493.9087,1.34866,,,,,,,,,,,,,,,,,,,,,,,,,,,,,,,,,
ShopGeneral_Zora,General Store,Shop,General Store,3322.851,490.7429,139.962,,,,,,,,,,,,,,,,,,,,,,,,,,,,,,,,,
ShopArmor_BaseCamp,Armor Shop,Shop,Armor Shop,-205.7668,86.80245,19.87028,,,,,,,,,,,,,,,,,,,,,,,,,,,,,,,,,
ShopArmor_Gerudo,Armor Shop,Shop,Armor Shop,-3275.5,-2552,94.5,,,,,,,,,,,,,,,,,,,,,,,,,,,,,,,,,
ShopArmor_Goron,Armor Shop,Shop,Armor Shop,1642.8693,2409.2007,384.65778,,,,,,,,,,,,,,,,,,,,,,,,,,,,,,,,,
ShopArmor_Hateno,Armor Shop,Shop,Armor Shop,3356.9531,-2127.875,133.08984,,,,,,,,,,,,,,,,,,,,,,,,,,,,,,,,,
ShopArmor_Kakariko,Armor Shop,Shop,Armor Shop,1854.6864,-981.32355,133.88176,,,,,,,,,,,,,,,,,,,,,,,,,,,,,,,,,
ShopArmor_Rito,Armor Shop,Shop,Armor Shop,-3631.4905,1787.2845,186.71826,,,,,,,,,,,,,,,,,,,,,,,,,,,,,,,,,
ShopDye_Hateno,Dye Shop,Shop,Dye Shop,3403.9863,-2152.2605,133.08984,,,,,,,,,,,,,,,,,,,,,,,,,,,,,,,,,
ShopJewelry_Gerudo,Jewelry Shop,Shop,Jewelry Shop,-3836.8015,-2877.07,94.5,,,,,,,,,,,,,,,,,,,,,,,,,,,,,,,,,
BatteryExchangeShop_00,Crystal Refinery,Shop,Crystal Refinery,357.1684,-1651.3439,2305.4617,,,,,,,,,,,,,,,,,,,,,,,,,,,,,,,,,
BatteryExchangeShop_01,Crystal Refinery,Shop,Crystal Refinery,-219.2041,191.85449,38.14006,,,,,,,,,,,,,,,,,,,,,,,,,,,,,,,,,
SmeltShopGolem_00,Forge Construct,Shop,Forge Construct,470.04074,-1685.6963,1370.8179,,,,,,,,,,,,,,,,,,,,,,,,,,,,,,,,,
DemonStatue_00,Bargainer Statue,Shop,Bargainer Statue,-756.47,-1956.871,-559.405,-775.9063,-1899.2446,-557.96182,,,,,,,,,,,,,,,,,,,,,,,,,,,,,,
DemonStatue_01,Bargainer Statue,Shop,Bargainer Statue,458.3162,-796.50635,-470.45895,,,,,,,,,,,,,,,,,,,,,,,,,,,,,,,,,
DemonStatue_02,Bargainer Statue,Shop,Bargainer Statue,-1032.6471,2690.373,-266.74677,,,,,,,,,,,,,,,,,,,,,,,,,,,,,,,,,
DemonStatue_03,Bargainer Statue,Shop,Bargainer Statue,3850.7712,-1333.9298,-851.25946,3849.985,-1333.7021,-818.6596,,,,,,,,,,,,,,,,,,,,,,,,,,,,,,
DemonStatue_04,Bargainer Statue,Shop,Bargainer Statue,883.0049,-2398.976,-386.5164,,,,,,,,,,,,,,,,,,,,,,,,,,,,,,,,,
DemonStatue_05,Bargainer Statue,Shop,Bargainer Statue,3702.1504,2604.2031,-412.14987,,,,,,,,,,,,,,,,,,,,,,,,,,,,,,,,,
ForgeShopGolem,Smithing Construct,Shop,Smithing Construct,1356.9128,-3375.7468,-737.4738,,,,,,,,,,,,,,,,,,,,,,,,,,,,,,,,,
SmeltShopGolem_01,Forge Construct,Shop,Forge Construct,-3810.272,-2960.9932,-487.89307,-3810.4897,-3062.5999,-411.18353,,,,,,,,,,,,,,,,,,,,,,,,,,,,,,
SmeltShopGolem_02,Forge Construct,Shop,Forge Construct,-3190.3196,-2515.127,-475.66,,,,,,,,,,,,,,,,,,,,,,,,,,,,,,,,,
SmeltShopGolem_03,Forge Construct,Shop,Forge Construct,3243.8657,556.71234,-750.4224,,,,,,,,,,,,,,,,,,,,,,,,,,,,,,,,,
SmeltShopGolem_04,Forge Construct,Shop,Forge Construct,-3423.9075,1846.7661,-305.5,-3463.4036,1917.1039,-417.02194,,,,,,,,,,,,,,,,,,,,,,,,,,,,,,
SmeltShopGolem_05,Forge Construct,Shop,Forge Construct,1697.77,2382.5151,-824.349,1675.6305,2279.717,-883.7173,,,,,,,,,,,,,,,,,,,,,,,,,,,,,,
SmeltShopGolem_06,Forge Construct,Shop,Forge Construct,3957.3982,1557.1833,-576.333,3968.2632,1400.9478,-598.47028,,,,,,,,,,,,,,,,,,,,,,,,,,,,,,
SmeltShopGolem_07,Forge Construct,Shop,Forge Construct,1767.345,-1178.6145,-629.15497,,,,,,,,,,,,,,,,,,,,,,,,,,,,,,,,,
SmeltShopGolem_08,Forge Construct,Shop,Forge Construct,3526.72,-2185.289,-588,,,,,,,,,,,,,,,,,,,,,,,,,,,,,,,,,
SmeltShopGolem_09,Forge Construct,Shop,Forge Construct,2952.7297,-3379.3108,-453.031,,,,,,,,,,,,,,,,,,,,,,,,,,,,,,,,,
SmeltShopGolem_10,Forge Construct,Shop,Forge Construct,-856.2312,-1935.3607,-523.0296,-856.203,-1970,-522.9845,,,,,,,,,,,,,,,,,,,,,,,,,,,,,,